id,testId,scenario,structure,categoryDescriptions,repeatNumber,title,sourcePath,expectedCategoryId,expectedCategoryName,top1CategoryId,top1Correct,threshold,thresholdSelectedCategoryIds,serviceSelectedCategoryIds,goldIncluded,extraCategoryIds,extraCategoryCount,selectedCategoryCount,exactCorrect,relaxedCorrect,evaluationStatus,overPrediction,missingGold,thresholdMiss,fallbackUsed,ensureAtLeastOneUsed,serviceLimitApplied,rawGoldPresent,serviceGoldIncluded,serviceExactCorrect,serviceRelaxedCorrect,hasInvalidPrediction,invalidPredictions,errorTypes,rawPredictions,validPredictions,categoryParseSuccess,summaryParseSuccess,organizationParseSuccess,requestFailed,totalDurationMs
17,TEXT-017,split-with-description,split,True,1,텍스트-2026.07.20-1220,건강·운동/017-텍스트-2026.07.20-1220.txt,HEALTH_EXERCISE,건강·운동,HEALTH_EXERCISE,True,0.5,HEALTH_EXERCISE,HEALTH_EXERCISE,True,,0,1,True,True,EXACT_CORRECT,False,False,False,False,False,False,True,True,True,True,False,[],,"[{""categoryId"":""HEALTH_EXERCISE"",""categoryName"":""건강·운동"",""score"":1.0}]","[{""categoryId"":""HEALTH_EXERCISE"",""categoryName"":""건강·운동"",""score"":1.0}]",True,,,False,18957.4552
18,TEXT-018,split-with-description,split,True,1,주 3회 운동 계획,건강·운동/018-주 3회 운동 계획.txt,HEALTH_EXERCISE,건강·운동,HEALTH_EXERCISE,True,0.5,HEALTH_EXERCISE,HEALTH_EXERCISE,True,,0,1,True,True,EXACT_CORRECT,False,False,False,False,False,False,True,True,True,True,False,[],,"[{""categoryId"":""HEALTH_EXERCISE"",""categoryName"":""건강·운동"",""score"":1.0}]","[{""categoryId"":""HEALTH_EXERCISE"",""categoryName"":""건강·운동"",""score"":1.0}]",True,,,False,2315.2809
54,TEXT-054,split-with-description,split,True,1,허리 부담을 줄이는 스쿼트 자세,건강·운동/054-허리 부담을 줄이는 스쿼트 자세.txt,HEALTH_EXERCISE,건강·운동,HEALTH_EXERCISE,True,0.5,HEALTH_EXERCISE,HEALTH_EXERCISE,True,,0,1,True,True,EXACT_CORRECT,False,False,False,False,False,False,True,True,True,True,False,[],,"[{""categoryId"":""HEALTH_EXERCISE"",""categoryName"":""건강·운동"",""score"":1.0}]","[{""categoryId"":""HEALTH_EXERCISE"",""categoryName"":""건강·운동"",""score"":1.0}]",True,,,False,2234.3755
55,TEXT-055,split-with-description,split,True,1,텍스트-2026-07-13,건강·운동/055-텍스트-2026-07-13.txt,HEALTH_EXERCISE,건강·운동,HEALTH_EXERCISE,True,0.5,HEALTH_EXERCISE,HEALTH_EXERCISE,True,,0,1,True,True,EXACT_CORRECT,False,False,False,False,False,False,True,True,True,True,False,[],,"[{""categoryId"":""HEALTH_EXERCISE"",""categoryName"":""건강·운동"",""score"":0.8}]","[{""categoryId"":""HEALTH_EXERCISE"",""categoryName"":""건강·운동"",""score"":0.8}]",True,,,False,2261.4918
56,TEXT-056,split-with-description,split,True,1,러닝 초보자 주간 계획,건강·운동/056-러닝 초보자 주간 계획.txt,HEALTH_EXERCISE,건강·운동,HEALTH_EXERCISE,True,0.5,HEALTH_EXERCISE,HEALTH_EXERCISE,True,,0,1,True,True,EXACT_CORRECT,False,False,False,False,False,False,True,True,True,True,False,[],,"[{""categoryId"":""HEALTH_EXERCISE"",""categoryName"":""건강·운동"",""score"":1.0}]","[{""categoryId"":""HEALTH_EXERCISE"",""categoryName"":""건강·운동"",""score"":1.0}]",True,,,False,2135.1543
57,TEXT-057,split-with-description,split,True,1,장시간 앉아 있을 때 스트레칭,건강·운동/057-장시간 앉아 있을 때 스트레칭.txt,HEALTH_EXERCISE,건강·운동,HEALTH_EXERCISE,True,0.5,HEALTH_EXERCISE,HEALTH_EXERCISE,True,,0,1,True,True,EXACT_CORRECT,False,False,False,False,False,False,True,True,True,True,False,[],,"[{""categoryId"":""HEALTH_EXERCISE"",""categoryName"":""건강·운동"",""score"":1.0}]","[{""categoryId"":""HEALTH_EXERCISE"",""categoryName"":""건강·운동"",""score"":1.0}]",True,,,False,2153.9662
58,TEXT-058,split-with-description,split,True,1,운동 후 식사 구성,건강·운동/058-운동 후 식사 구성.txt,HEALTH_EXERCISE,건강·운동,HEALTH_EXERCISE,True,0.5,HEALTH_EXERCISE|FOOD_RESTAURANT,HEALTH_EXERCISE|FOOD_RESTAURANT,True,FOOD_RESTAURANT,1,2,False,True,RELAXED_CORRECT,False,False,False,False,False,False,True,True,False,True,False,[],,"[{""categoryId"":""HEALTH_EXERCISE"",""categoryName"":""건강·운동"",""score"":0.9},{""categoryId"":""FOOD_RESTAURANT"",""categoryName"":""음식·맛집"",""score"":0.6}]","[{""categoryId"":""HEALTH_EXERCISE"",""categoryName"":""건강·운동"",""score"":0.9},{""categoryId"":""FOOD_RESTAURANT"",""categoryName"":""음식·맛집"",""score"":0.6}]",True,,,False,3461.3197
21,TEXT-021,split-with-description,split,True,1,텍스트-2026.07.20-1310,기타/021-텍스트-2026.07.20-1310.txt,OTHER,기타,IDEA_INSPIRATION,False,0.5,IDEA_INSPIRATION,IDEA_INSPIRATION,False,IDEA_INSPIRATION,1,1,False,False,WRONG_MISSING_GOLD,False,True,True,False,False,False,True,False,False,False,False,[],THRESHOLD_MISS,"[{""categoryId"":""IDEA_INSPIRATION"",""categoryName"":""아이디어·영감"",""score"":0.8},{""categoryId"":""OTHER"",""categoryName"":""기타"",""score"":0.2}]","[{""categoryId"":""IDEA_INSPIRATION"",""categoryName"":""아이디어·영감"",""score"":0.8},{""categoryId"":""OTHER"",""categoryName"":""기타"",""score"":0.2}]",True,,,False,3371.502
22,TEXT-022,split-with-description,split,True,1,텍스트-2026.07.20-1325,기타/022-텍스트-2026.07.20-1325.txt,OTHER,기타,IDEA_INSPIRATION,False,0.5,IDEA_INSPIRATION,IDEA_INSPIRATION,False,IDEA_INSPIRATION,1,1,False,False,WRONG_MISSING_GOLD,False,True,True,False,False,False,True,False,False,False,False,[],THRESHOLD_MISS,"[{""categoryId"":""IDEA_INSPIRATION"",""categoryName"":""아이디어·영감"",""score"":0.8},{""categoryId"":""OTHER"",""categoryName"":""기타"",""score"":0.2}]","[{""categoryId"":""IDEA_INSPIRATION"",""categoryName"":""아이디어·영감"",""score"":0.8},{""categoryId"":""OTHER"",""categoryName"":""기타"",""score"":0.2}]",True,,,False,3296.169
74,TEXT-074,split-with-description,split,True,1,텍스트-2026-07-21,기타/074-텍스트-2026-07-21.txt,OTHER,기타,,False,0.5,,OTHER,False,,0,0,False,False,EMPTY_PREDICTION,False,True,False,True,False,False,False,True,True,True,False,[],MISSING_GOLD_CATEGORY|EMPTY_PREDICTION|FALLBACK_USED,[],[],True,,,False,1048.6928
75,TEXT-075,split-with-description,split,True,1,확인할 문자열,기타/075-확인할 문자열.txt,OTHER,기타,,False,0.5,,OTHER,False,,0,0,False,False,EMPTY_PREDICTION,False,True,False,True,False,False,False,True,True,True,False,[],MISSING_GOLD_CATEGORY|EMPTY_PREDICTION|FALLBACK_USED,[],[],True,,,False,932.5669
76,TEXT-076,split-with-description,split,True,1,텍스트-2026-07-22,기타/076-텍스트-2026-07-22.txt,OTHER,기타,,False,0.5,,OTHER,False,,0,0,False,False,EMPTY_PREDICTION,False,True,False,True,False,False,False,True,True,True,False,[],MISSING_GOLD_CATEGORY|EMPTY_PREDICTION|FALLBACK_USED,[],[],True,,,False,904.1769
77,TEXT-077,split-with-description,split,True,1,내용을 확인할 수 없는 링크,기타/077-내용을 확인할 수 없는 링크.txt,OTHER,기타,,False,0.5,,OTHER,False,,0,0,False,False,EMPTY_PREDICTION,False,True,False,True,False,False,False,True,True,True,False,[],MISSING_GOLD_CATEGORY|EMPTY_PREDICTION|FALLBACK_USED,[],[],True,,,False,955.0275
78,TEXT-078,split-with-description,split,True,1,이미지 추출 실패,기타/078-이미지 추출 실패.txt,OTHER,기타,,False,0.5,,OTHER,False,,0,0,False,False,EMPTY_PREDICTION,False,True,False,True,False,False,False,True,True,True,False,[],MISSING_GOLD_CATEGORY|EMPTY_PREDICTION|FALLBACK_USED,[],[],True,,,False,931.4304
64,TEXT-064,split-with-description,split,True,1,월급 통장 나누는 방법,돈·재테크/064-월급 통장 나누는 방법.txt,MONEY_FINANCE,돈·재테크,MONEY_FINANCE,True,0.5,MONEY_FINANCE,MONEY_FINANCE,True,,0,1,True,True,EXACT_CORRECT,False,False,False,False,False,False,True,True,True,True,False,[],,"[{""categoryId"":""MONEY_FINANCE"",""categoryName"":""돈·재테크"",""score"":1.0}]","[{""categoryId"":""MONEY_FINANCE"",""categoryName"":""돈·재테크"",""score"":1.0}]",True,,,False,2172.3021
65,TEXT-065,split-with-description,split,True,1,텍스트-2026-07-17,돈·재테크/065-텍스트-2026-07-17.txt,MONEY_FINANCE,돈·재테크,MONEY_FINANCE,True,0.5,MONEY_FINANCE,MONEY_FINANCE,True,,0,1,True,True,EXACT_CORRECT,False,False,False,False,False,False,True,True,True,True,False,[],,"[{""categoryId"":""MONEY_FINANCE"",""categoryName"":""돈·재테크"",""score"":1.0}]","[{""categoryId"":""MONEY_FINANCE"",""categoryName"":""돈·재테크"",""score"":1.0}]",True,,,False,2118.1528
66,TEXT-066,split-with-description,split,True,1,카드 혜택 비교,돈·재테크/066-카드 혜택 비교.txt,MONEY_FINANCE,돈·재테크,SHOPPING_PRODUCT,False,0.5,SHOPPING_PRODUCT|MONEY_FINANCE,SHOPPING_PRODUCT|MONEY_FINANCE,True,SHOPPING_PRODUCT,1,2,False,True,RELAXED_CORRECT,False,False,False,False,False,False,True,True,False,True,False,[],,"[{""categoryId"":""SHOPPING_PRODUCT"",""categoryName"":""쇼핑·제품"",""score"":0.8},{""categoryId"":""MONEY_FINANCE"",""categoryName"":""돈·재테크"",""score"":0.7}]","[{""categoryId"":""SHOPPING_PRODUCT"",""categoryName"":""쇼핑·제품"",""score"":0.8},{""categoryId"":""MONEY_FINANCE"",""categoryName"":""돈·재테크"",""score"":0.7}]",True,,,False,3370.9498
67,TEXT-067,split-with-description,split,True,1,비상금 규모 정하기,돈·재테크/067-비상금 규모 정하기.txt,MONEY_FINANCE,돈·재테크,MONEY_FINANCE,True,0.5,MONEY_FINANCE,MONEY_FINANCE,True,,0,1,True,True,EXACT_CORRECT,False,False,False,False,False,False,True,True,True,True,False,[],,"[{""categoryId"":""MONEY_FINANCE"",""categoryName"":""돈·재테크"",""score"":1.0}]","[{""categoryId"":""MONEY_FINANCE"",""categoryName"":""돈·재테크"",""score"":1.0}]",True,,,False,2154.8082
68,TEXT-068,split-with-description,split,True,1,보험 가입 전에 확인할 내용,돈·재테크/068-보험 가입 전에 확인할 내용.txt,MONEY_FINANCE,돈·재테크,MONEY_FINANCE,True,0.5,MONEY_FINANCE,MONEY_FINANCE,True,,0,1,True,True,EXACT_CORRECT,False,False,False,False,False,False,True,True,True,True,False,[],,"[{""categoryId"":""MONEY_FINANCE"",""categoryName"":""돈·재테크"",""score"":1.0}]","[{""categoryId"":""MONEY_FINANCE"",""categoryName"":""돈·재테크"",""score"":1.0}]",True,,,False,2192.3975
19,TEXT-019,split-with-description,split,True,1,텍스트-2026.07.20-1245,문화·콘텐츠/019-텍스트-2026.07.20-1245.txt,CULTURE_CONTENT,문화·콘텐츠,CULTURE_CONTENT,True,0.5,CULTURE_CONTENT|IDEA_INSPIRATION,CULTURE_CONTENT|IDEA_INSPIRATION,True,IDEA_INSPIRATION,1,2,False,True,RELAXED_CORRECT,False,False,False,False,False,False,True,True,False,True,False,[],,"[{""categoryId"":""CULTURE_CONTENT"",""categoryName"":""문화·콘텐츠"",""score"":0.8},{""categoryId"":""IDEA_INSPIRATION"",""categoryName"":""아이디어·영감"",""score"":0.6}]","[{""categoryId"":""CULTURE_CONTENT"",""categoryName"":""문화·콘텐츠"",""score"":0.8},{""categoryId"":""IDEA_INSPIRATION"",""categoryName"":""아이디어·영감"",""score"":0.6}]",True,,,False,3754.6293
20,TEXT-020,split-with-description,split,True,1,읽어볼 개발 에세이,문화·콘텐츠/020-읽어볼 개발 에세이.txt,CULTURE_CONTENT,문화·콘텐츠,CULTURE_CONTENT,True,0.5,CULTURE_CONTENT|LEARNING_KNOWLEDGE,CULTURE_CONTENT|LEARNING_KNOWLEDGE,True,LEARNING_KNOWLEDGE,1,2,False,True,RELAXED_CORRECT,False,False,False,False,False,False,True,True,False,True,False,[],,"[{""categoryId"":""CULTURE_CONTENT"",""categoryName"":""문화·콘텐츠"",""score"":0.8},{""categoryId"":""LEARNING_KNOWLEDGE"",""categoryName"":""학습·지식"",""score"":0.7}]","[{""categoryId"":""CULTURE_CONTENT"",""categoryName"":""문화·콘텐츠"",""score"":0.8},{""categoryId"":""LEARNING_KNOWLEDGE"",""categoryName"":""학습·지식"",""score"":0.7}]",True,,,False,3397.8205
59,TEXT-059,split-with-description,split,True,1,주말에 볼 영화 후보,문화·콘텐츠/059-주말에 볼 영화 후보.txt,CULTURE_CONTENT,문화·콘텐츠,CULTURE_CONTENT,True,0.5,CULTURE_CONTENT,CULTURE_CONTENT,True,,0,1,True,True,EXACT_CORRECT,False,False,False,False,False,False,True,True,True,True,False,[],,"[{""categoryId"":""CULTURE_CONTENT"",""categoryName"":""문화·콘텐츠"",""score"":0.9}]","[{""categoryId"":""CULTURE_CONTENT"",""categoryName"":""문화·콘텐츠"",""score"":0.9}]",True,,,False,2240.0769
60,TEXT-060,split-with-description,split,True,1,텍스트-2026-07-15,문화·콘텐츠/060-텍스트-2026-07-15.txt,CULTURE_CONTENT,문화·콘텐츠,CULTURE_CONTENT,True,0.5,CULTURE_CONTENT|LEARNING_KNOWLEDGE,CULTURE_CONTENT|LEARNING_KNOWLEDGE,True,LEARNING_KNOWLEDGE,1,2,False,True,RELAXED_CORRECT,False,False,False,False,False,False,True,True,False,True,False,[],,"[{""categoryId"":""CULTURE_CONTENT"",""categoryName"":""문화·콘텐츠"",""score"":0.9},{""categoryId"":""LEARNING_KNOWLEDGE"",""categoryName"":""학습·지식"",""score"":0.7}]","[{""categoryId"":""CULTURE_CONTENT"",""categoryName"":""문화·콘텐츠"",""score"":0.9},{""categoryId"":""LEARNING_KNOWLEDGE"",""categoryName"":""학습·지식"",""score"":0.7}]",True,,,False,3314.1739
61,TEXT-061,split-with-description,split,True,1,서울 사진전 정보,문화·콘텐츠/061-서울 사진전 정보.txt,CULTURE_CONTENT,문화·콘텐츠,CULTURE_CONTENT,True,0.5,CULTURE_CONTENT,CULTURE_CONTENT,True,,0,1,True,True,EXACT_CORRECT,False,False,False,False,False,False,True,True,True,True,False,[],,"[{""categoryId"":""CULTURE_CONTENT"",""categoryName"":""문화·콘텐츠"",""score"":0.9}]","[{""categoryId"":""CULTURE_CONTENT"",""categoryName"":""문화·콘텐츠"",""score"":0.9}]",True,,,False,2145.1953
62,TEXT-062,split-with-description,split,True,1,출근할 때 들을 음악,문화·콘텐츠/062-출근할 때 들을 음악.txt,CULTURE_CONTENT,문화·콘텐츠,FOOD_RESTAURANT,False,0.5,FOOD_RESTAURANT|CULTURE_CONTENT,FOOD_RESTAURANT|CULTURE_CONTENT,True,FOOD_RESTAURANT,1,2,False,True,RELAXED_CORRECT,False,False,False,False,False,False,True,True,False,True,False,[],,"[{""categoryId"":""FOOD_RESTAURANT"",""categoryName"":""음식·맛집"",""score"":0.8},{""categoryId"":""CULTURE_CONTENT"",""categoryName"":""문화·콘텐츠"",""score"":0.7}]","[{""categoryId"":""FOOD_RESTAURANT"",""categoryName"":""음식·맛집"",""score"":0.8},{""categoryId"":""CULTURE_CONTENT"",""categoryName"":""문화·콘텐츠"",""score"":0.7}]",True,,,False,3443.4588
63,TEXT-063,split-with-description,split,True,1,웹툰 추천 목록,문화·콘텐츠/063-웹툰 추천 목록.txt,CULTURE_CONTENT,문화·콘텐츠,CULTURE_CONTENT,True,0.5,CULTURE_CONTENT,CULTURE_CONTENT,True,,0,1,True,True,EXACT_CORRECT,False,False,False,False,False,False,True,True,True,True,False,[],,"[{""categoryId"":""CULTURE_CONTENT"",""categoryName"":""문화·콘텐츠"",""score"":1.0}]","[{""categoryId"":""CULTURE_CONTENT"",""categoryName"":""문화·콘텐츠"",""score"":1.0}]",True,,,False,2056.0155
6,TEXT-006,split-with-description,split,True,1,1주차 백로그 정리,생활·할 일/006-1주차 백로그 정리.txt,LIFE_TASK,생활·할 일,LEARNING_KNOWLEDGE,False,0.5,LEARNING_KNOWLEDGE|IDEA_INSPIRATION,LEARNING_KNOWLEDGE|IDEA_INSPIRATION,False,IDEA_INSPIRATION|LEARNING_KNOWLEDGE,2,2,False,False,WRONG_MISSING_GOLD,False,True,False,False,False,False,False,False,False,False,False,[],MISSING_GOLD_CATEGORY,"[{""categoryId"":""LEARNING_KNOWLEDGE"",""categoryName"":""학습·지식"",""score"":0.8},{""categoryId"":""IDEA_INSPIRATION"",""categoryName"":""아이디어·영감"",""score"":0.6}]","[{""categoryId"":""LEARNING_KNOWLEDGE"",""categoryName"":""학습·지식"",""score"":0.8},{""categoryId"":""IDEA_INSPIRATION"",""categoryName"":""아이디어·영감"",""score"":0.6}]",True,,,False,3646.0784
9,TEXT-009,split-with-description,split,True,1,텍스트-2026.07.20-1035,생활·할 일/009-텍스트-2026.07.20-1035.txt,LIFE_TASK,생활·할 일,LIFE_TASK,True,0.5,LIFE_TASK,LIFE_TASK,True,,0,1,True,True,EXACT_CORRECT,False,False,False,False,False,False,True,True,True,True,False,[],,"[{""categoryId"":""LIFE_TASK"",""categoryName"":""생활·할 일"",""score"":1.0}]","[{""categoryId"":""LIFE_TASK"",""categoryName"":""생활·할 일"",""score"":1.0}]",True,,,False,2135.8138
10,TEXT-010,split-with-description,split,True,1,주말 방 정리 계획,생활·할 일/010-주말 방 정리 계획.txt,LIFE_TASK,생활·할 일,LIFE_TASK,True,0.5,LIFE_TASK,LIFE_TASK,True,,0,1,True,True,EXACT_CORRECT,False,False,False,False,False,False,True,True,True,True,False,[],,"[{""categoryId"":""LIFE_TASK"",""categoryName"":""생활·할 일"",""score"":1.0}]","[{""categoryId"":""LIFE_TASK"",""categoryName"":""생활·할 일"",""score"":1.0}]",True,,,False,1992.5273
24,TEXT-024,split-with-description,split,True,1,이사 전날 확인할 목록,생활·할 일/024-이사 전날 확인할 목록.txt,LIFE_TASK,생활·할 일,LIFE_TASK,True,0.5,LIFE_TASK,LIFE_TASK,True,,0,1,True,True,EXACT_CORRECT,False,False,False,False,False,False,True,True,True,True,False,[],,"[{""categoryId"":""LIFE_TASK"",""categoryName"":""생활·할 일"",""score"":1.0}]","[{""categoryId"":""LIFE_TASK"",""categoryName"":""생활·할 일"",""score"":1.0}]",True,,,False,1942.2974
25,TEXT-025,split-with-description,split,True,1,텍스트-2026-07-01,생활·할 일/025-텍스트-2026-07-01.txt,LIFE_TASK,생활·할 일,LIFE_TASK,True,0.5,LIFE_TASK,LIFE_TASK,True,,0,1,True,True,EXACT_CORRECT,False,False,False,False,False,False,True,True,True,True,False,[],,"[{""categoryId"":""LIFE_TASK"",""categoryName"":""생활·할 일"",""score"":1.0}]","[{""categoryId"":""LIFE_TASK"",""categoryName"":""생활·할 일"",""score"":1.0}]",True,,,False,2137.8618
26,TEXT-026,split-with-description,split,True,1,장마철 빨래 냄새 줄이는 방법,생활·할 일/026-장마철 빨래 냄새 줄이는 방법.txt,LIFE_TASK,생활·할 일,LIFE_TASK,True,0.5,LIFE_TASK,LIFE_TASK,True,,0,1,True,True,EXACT_CORRECT,False,False,False,False,False,False,True,True,True,True,False,[],,"[{""categoryId"":""LIFE_TASK"",""categoryName"":""생활·할 일"",""score"":1.0}]","[{""categoryId"":""LIFE_TASK"",""categoryName"":""생활·할 일"",""score"":1.0}]",True,,,False,2139.8985
27,TEXT-027,split-with-description,split,True,1,다음 주 일정 메모,생활·할 일/027-다음 주 일정 메모.txt,LIFE_TASK,생활·할 일,LIFE_TASK,True,0.5,LIFE_TASK,LIFE_TASK,True,,0,1,True,True,EXACT_CORRECT,False,False,False,False,False,False,True,True,True,True,False,[],,"[{""categoryId"":""LIFE_TASK"",""categoryName"":""생활·할 일"",""score"":1.0}]","[{""categoryId"":""LIFE_TASK"",""categoryName"":""생활·할 일"",""score"":1.0}]",True,,,False,1972.2406
28,TEXT-028,split-with-description,split,True,1,공과금 자동이체 변경 순서,생활·할 일/028-공과금 자동이체 변경 순서.txt,LIFE_TASK,생활·할 일,LIFE_TASK,True,0.5,LIFE_TASK,LIFE_TASK,True,,0,1,True,True,EXACT_CORRECT,False,False,False,False,False,False,True,True,True,True,False,[],,"[{""categoryId"":""LIFE_TASK"",""categoryName"":""생활·할 일"",""score"":1.0}]","[{""categoryId"":""LIFE_TASK"",""categoryName"":""생활·할 일"",""score"":1.0}]",True,,,False,1964.9647
23,TEXT-023,split-with-description,split,True,1,기숙사 준비물,생활·할 일/기숙사 준비물.txt,LIFE_TASK,생활·할 일,LIFE_TASK,True,0.5,LIFE_TASK,LIFE_TASK,True,,0,1,True,True,EXACT_CORRECT,False,False,False,False,False,False,True,True,True,True,False,[],,"[{""categoryId"":""LIFE_TASK"",""categoryName"":""생활·할 일"",""score"":1.0}]","[{""categoryId"":""LIFE_TASK"",""categoryName"":""생활·할 일"",""score"":1.0}]",True,,,False,2420.5424
11,TEXT-011,split-with-description,split,True,1,텍스트-2026.07.20-1100,쇼핑·제품/011-텍스트-2026.07.20-1100.txt,SHOPPING_PRODUCT,쇼핑·제품,SHOPPING_PRODUCT,True,0.5,SHOPPING_PRODUCT|LEARNING_KNOWLEDGE,SHOPPING_PRODUCT|LEARNING_KNOWLEDGE,True,LEARNING_KNOWLEDGE,1,2,False,True,RELAXED_CORRECT,False,False,False,False,False,False,True,True,False,True,False,[],,"[{""categoryId"":""SHOPPING_PRODUCT"",""categoryName"":""쇼핑·제품"",""score"":0.9},{""categoryId"":""LEARNING_KNOWLEDGE"",""categoryName"":""학습·지식"",""score"":0.6}]","[{""categoryId"":""SHOPPING_PRODUCT"",""categoryName"":""쇼핑·제품"",""score"":0.9},{""categoryId"":""LEARNING_KNOWLEDGE"",""categoryName"":""학습·지식"",""score"":0.6}]",True,,,False,3431.8361
12,TEXT-012,split-with-description,split,True,1,무선 키보드 구매 후보,쇼핑·제품/012-무선 키보드 구매 후보.txt,SHOPPING_PRODUCT,쇼핑·제품,SHOPPING_PRODUCT,True,0.5,SHOPPING_PRODUCT,SHOPPING_PRODUCT,True,,0,1,True,True,EXACT_CORRECT,False,False,False,False,False,False,True,True,True,True,False,[],,"[{""categoryId"":""SHOPPING_PRODUCT"",""categoryName"":""쇼핑·제품"",""score"":1.0}]","[{""categoryId"":""SHOPPING_PRODUCT"",""categoryName"":""쇼핑·제품"",""score"":1.0}]",True,,,False,2092.7276
49,TEXT-049,split-with-description,split,True,1,무선 키보드 비교,쇼핑·제품/049-무선 키보드 비교.txt,SHOPPING_PRODUCT,쇼핑·제품,SHOPPING_PRODUCT,True,0.5,SHOPPING_PRODUCT,SHOPPING_PRODUCT,True,,0,1,True,True,EXACT_CORRECT,False,False,False,False,False,False,True,True,True,True,False,[],,"[{""categoryId"":""SHOPPING_PRODUCT"",""categoryName"":""쇼핑·제품"",""score"":1.0}]","[{""categoryId"":""SHOPPING_PRODUCT"",""categoryName"":""쇼핑·제품"",""score"":1.0}]",True,,,False,2117.8622
50,TEXT-050,split-with-description,split,True,1,텍스트-2026-07-11,쇼핑·제품/050-텍스트-2026-07-11.txt,SHOPPING_PRODUCT,쇼핑·제품,SHOPPING_PRODUCT,True,0.5,SHOPPING_PRODUCT,SHOPPING_PRODUCT,True,,0,1,True,True,EXACT_CORRECT,False,False,False,False,False,False,True,True,True,True,False,[],,"[{""categoryId"":""SHOPPING_PRODUCT"",""categoryName"":""쇼핑·제품"",""score"":0.9}]","[{""categoryId"":""SHOPPING_PRODUCT"",""categoryName"":""쇼핑·제품"",""score"":0.9}]",True,,,False,2073.0665
51,TEXT-051,split-with-description,split,True,1,로봇청소기 구매 후보,쇼핑·제품/051-로봇청소기 구매 후보.txt,SHOPPING_PRODUCT,쇼핑·제품,SHOPPING_PRODUCT,True,0.5,SHOPPING_PRODUCT,SHOPPING_PRODUCT,True,,0,1,True,True,EXACT_CORRECT,False,False,False,False,False,False,True,True,True,True,False,[],,"[{""categoryId"":""SHOPPING_PRODUCT"",""categoryName"":""쇼핑·제품"",""score"":1.0}]","[{""categoryId"":""SHOPPING_PRODUCT"",""categoryName"":""쇼핑·제품"",""score"":1.0}]",True,,,False,2023.9858
52,TEXT-052,split-with-description,split,True,1,여행용 보조배터리 확인 사항,쇼핑·제품/052-여행용 보조배터리 확인 사항.txt,SHOPPING_PRODUCT,쇼핑·제품,SHOPPING_PRODUCT,True,0.5,SHOPPING_PRODUCT|TRAVEL_PLACE,SHOPPING_PRODUCT|TRAVEL_PLACE,True,TRAVEL_PLACE,1,2,False,True,RELAXED_CORRECT,False,False,False,False,False,False,True,True,False,True,False,[],,"[{""categoryId"":""SHOPPING_PRODUCT"",""categoryName"":""쇼핑·제품"",""score"":0.9},{""categoryId"":""TRAVEL_PLACE"",""categoryName"":""여행·장소"",""score"":0.6}]","[{""categoryId"":""SHOPPING_PRODUCT"",""categoryName"":""쇼핑·제품"",""score"":0.9},{""categoryId"":""TRAVEL_PLACE"",""categoryName"":""여행·장소"",""score"":0.6}]",True,,,False,3278.0322
53,TEXT-053,split-with-description,split,True,1,부모님 선물용 마사지기 후기,쇼핑·제품/053-부모님 선물용 마사지기 후기.txt,SHOPPING_PRODUCT,쇼핑·제품,SHOPPING_PRODUCT,True,0.5,SHOPPING_PRODUCT,SHOPPING_PRODUCT,True,,0,1,True,True,EXACT_CORRECT,False,False,False,False,False,False,True,True,True,True,False,[],,"[{""categoryId"":""SHOPPING_PRODUCT"",""categoryName"":""쇼핑·제품"",""score"":0.9}]","[{""categoryId"":""SHOPPING_PRODUCT"",""categoryName"":""쇼핑·제품"",""score"":0.9}]",True,,,False,2144.389
5,TEXT-005,split-with-description,split,True,1,텍스트-2026.07.20-0940,아이디어·영감/005-텍스트-2026.07.20-0940.txt,IDEA_INSPIRATION,아이디어·영감,IDEA_INSPIRATION,True,0.5,IDEA_INSPIRATION|LEARNING_KNOWLEDGE,IDEA_INSPIRATION|LEARNING_KNOWLEDGE,True,LEARNING_KNOWLEDGE,1,2,False,True,RELAXED_CORRECT,False,False,False,False,False,False,True,True,False,True,False,[],,"[{""categoryId"":""IDEA_INSPIRATION"",""categoryName"":""아이디어·영감"",""score"":0.85},{""categoryId"":""LEARNING_KNOWLEDGE"",""categoryName"":""학습·지식"",""score"":0.75}]","[{""categoryId"":""IDEA_INSPIRATION"",""categoryName"":""아이디어·영감"",""score"":0.85},{""categoryId"":""LEARNING_KNOWLEDGE"",""categoryName"":""학습·지식"",""score"":0.75}]",True,,,False,3788.9037
69,TEXT-069,split-with-description,split,True,1,앱 첫 화면 디자인 참고,아이디어·영감/069-앱 첫 화면 디자인 참고.txt,IDEA_INSPIRATION,아이디어·영감,IDEA_INSPIRATION,True,0.5,IDEA_INSPIRATION|CULTURE_CONTENT,IDEA_INSPIRATION|CULTURE_CONTENT,True,CULTURE_CONTENT,1,2,False,True,RELAXED_CORRECT,False,False,False,False,False,False,True,True,False,True,False,[],,"[{""categoryId"":""IDEA_INSPIRATION"",""categoryName"":""아이디어·영감"",""score"":0.8},{""categoryId"":""CULTURE_CONTENT"",""categoryName"":""문화·콘텐츠"",""score"":0.6}]","[{""categoryId"":""IDEA_INSPIRATION"",""categoryName"":""아이디어·영감"",""score"":0.8},{""categoryId"":""CULTURE_CONTENT"",""categoryName"":""문화·콘텐츠"",""score"":0.6}]",True,,,False,3589.3717
70,TEXT-070,split-with-description,split,True,1,텍스트-2026-07-19,아이디어·영감/070-텍스트-2026-07-19.txt,IDEA_INSPIRATION,아이디어·영감,IDEA_INSPIRATION,True,0.5,IDEA_INSPIRATION,IDEA_INSPIRATION,True,,0,1,True,True,EXACT_CORRECT,False,False,False,False,False,False,True,True,True,True,False,[],,"[{""categoryId"":""IDEA_INSPIRATION"",""categoryName"":""아이디어·영감"",""score"":0.8}]","[{""categoryId"":""IDEA_INSPIRATION"",""categoryName"":""아이디어·영감"",""score"":0.8}]",True,,,False,2333.378
71,TEXT-071,split-with-description,split,True,1,방 꾸미기 참고 이미지,아이디어·영감/071-방 꾸미기 참고 이미지.txt,IDEA_INSPIRATION,아이디어·영감,LIFE_TASK,False,0.5,LIFE_TASK,LIFE_TASK,False,LIFE_TASK,1,1,False,False,WRONG_MISSING_GOLD,False,True,False,False,False,False,False,False,False,False,False,[],MISSING_GOLD_CATEGORY,"[{""categoryId"":""LIFE_TASK"",""categoryName"":""생활·할 일"",""score"":0.8},{""categoryId"":""CULTURE_CONTENT"",""categoryName"":""문화·콘텐츠"",""score"":0.2}]","[{""categoryId"":""LIFE_TASK"",""categoryName"":""생활·할 일"",""score"":0.8},{""categoryId"":""CULTURE_CONTENT"",""categoryName"":""문화·콘텐츠"",""score"":0.2}]",True,,,False,3343.8321
72,TEXT-072,split-with-description,split,True,1,숏폼 콘텐츠 구성 방식,아이디어·영감/072-숏폼 콘텐츠 구성 방식.txt,IDEA_INSPIRATION,아이디어·영감,IDEA_INSPIRATION,True,0.5,IDEA_INSPIRATION|CULTURE_CONTENT,IDEA_INSPIRATION|CULTURE_CONTENT,True,CULTURE_CONTENT,1,2,False,True,RELAXED_CORRECT,False,False,False,False,False,False,True,True,False,True,False,[],,"[{""categoryId"":""IDEA_INSPIRATION"",""categoryName"":""아이디어·영감"",""score"":0.8},{""categoryId"":""CULTURE_CONTENT"",""categoryName"":""문화·콘텐츠"",""score"":0.6}]","[{""categoryId"":""IDEA_INSPIRATION"",""categoryName"":""아이디어·영감"",""score"":0.8},{""categoryId"":""CULTURE_CONTENT"",""categoryName"":""문화·콘텐츠"",""score"":0.6}]",True,,,False,3612.8716
73,TEXT-073,split-with-description,split,True,1,사진 구도 참고,아이디어·영감/073-사진 구도 참고.txt,IDEA_INSPIRATION,아이디어·영감,IDEA_INSPIRATION,True,0.5,IDEA_INSPIRATION|CULTURE_CONTENT,IDEA_INSPIRATION|CULTURE_CONTENT,True,CULTURE_CONTENT,1,2,False,True,RELAXED_CORRECT,False,False,False,False,False,False,True,True,False,True,False,[],,"[{""categoryId"":""IDEA_INSPIRATION"",""categoryName"":""아이디어·영감"",""score"":0.8},{""categoryId"":""CULTURE_CONTENT"",""categoryName"":""문화·콘텐츠"",""score"":0.6}]","[{""categoryId"":""IDEA_INSPIRATION"",""categoryName"":""아이디어·영감"",""score"":0.8},{""categoryId"":""CULTURE_CONTENT"",""categoryName"":""문화·콘텐츠"",""score"":0.6}]",True,,,False,3556.1057
15,TEXT-015,split-with-description,split,True,1,텍스트-2026.07.20-1150,여행·장소/015-텍스트-2026.07.20-1150.txt,TRAVEL_PLACE,여행·장소,TRAVEL_PLACE,True,0.5,TRAVEL_PLACE,TRAVEL_PLACE,True,,0,1,True,True,EXACT_CORRECT,False,False,False,False,False,False,True,True,True,True,False,[],,"[{""categoryId"":""TRAVEL_PLACE"",""categoryName"":""여행·장소"",""score"":0.95}]","[{""categoryId"":""TRAVEL_PLACE"",""categoryName"":""여행·장소"",""score"":0.95}]",True,,,False,2164.5824
16,TEXT-016,split-with-description,split,True,1,서울 전시회 방문 후보,여행·장소/016-서울 전시회 방문 후보.txt,TRAVEL_PLACE,여행·장소,TRAVEL_PLACE,True,0.5,TRAVEL_PLACE|FOOD_RESTAURANT,TRAVEL_PLACE|FOOD_RESTAURANT,True,FOOD_RESTAURANT,1,2,False,True,RELAXED_CORRECT,False,False,False,False,False,False,True,True,False,True,False,[],,"[{""categoryId"":""TRAVEL_PLACE"",""categoryName"":""여행·장소"",""score"":0.9},{""categoryId"":""FOOD_RESTAURANT"",""categoryName"":""음식·맛집"",""score"":0.6}]","[{""categoryId"":""TRAVEL_PLACE"",""categoryName"":""여행·장소"",""score"":0.9},{""categoryId"":""FOOD_RESTAURANT"",""categoryName"":""음식·맛집"",""score"":0.6}]",True,,,False,3528.9414
39,TEXT-039,split-with-description,split,True,1,부산에서 일몰 보기 좋은 곳,여행·장소/039-부산에서 일몰 보기 좋은 곳.txt,TRAVEL_PLACE,여행·장소,TRAVEL_PLACE,True,0.5,TRAVEL_PLACE,TRAVEL_PLACE,True,,0,1,True,True,EXACT_CORRECT,False,False,False,False,False,False,True,True,True,True,False,[],,"[{""categoryId"":""TRAVEL_PLACE"",""categoryName"":""여행·장소"",""score"":0.9}]","[{""categoryId"":""TRAVEL_PLACE"",""categoryName"":""여행·장소"",""score"":0.9}]",True,,,False,2284.1292
40,TEXT-040,split-with-description,split,True,1,텍스트-2026-07-07,여행·장소/040-텍스트-2026-07-07.txt,TRAVEL_PLACE,여행·장소,TRAVEL_PLACE,True,0.5,TRAVEL_PLACE|IDEA_INSPIRATION,TRAVEL_PLACE|IDEA_INSPIRATION,True,IDEA_INSPIRATION,1,2,False,True,RELAXED_CORRECT,False,False,False,False,False,False,True,True,False,True,False,[],,"[{""categoryId"":""TRAVEL_PLACE"",""categoryName"":""여행·장소"",""score"":0.8},{""categoryId"":""IDEA_INSPIRATION"",""categoryName"":""아이디어·영감"",""score"":0.6}]","[{""categoryId"":""TRAVEL_PLACE"",""categoryName"":""여행·장소"",""score"":0.8},{""categoryId"":""IDEA_INSPIRATION"",""categoryName"":""아이디어·영감"",""score"":0.6}]",True,,,False,3467.1585
41,TEXT-041,split-with-description,split,True,1,교토 버스 이용 팁,여행·장소/041-교토 버스 이용 팁.txt,TRAVEL_PLACE,여행·장소,TRAVEL_PLACE,True,0.5,TRAVEL_PLACE,TRAVEL_PLACE,True,,0,1,True,True,EXACT_CORRECT,False,False,False,False,False,False,True,True,True,True,False,[],,"[{""categoryId"":""TRAVEL_PLACE"",""categoryName"":""여행·장소"",""score"":0.8}]","[{""categoryId"":""TRAVEL_PLACE"",""categoryName"":""여행·장소"",""score"":0.8}]",True,,,False,2141.8961
42,TEXT-042,split-with-description,split,True,1,비 오는 날 서울에서 갈 곳,여행·장소/042-비 오는 날 서울에서 갈 곳.txt,TRAVEL_PLACE,여행·장소,TRAVEL_PLACE,True,0.5,TRAVEL_PLACE|CULTURE_CONTENT,TRAVEL_PLACE|CULTURE_CONTENT,True,CULTURE_CONTENT,1,2,False,True,RELAXED_CORRECT,False,False,False,False,False,False,True,True,False,True,False,[],,"[{""categoryId"":""TRAVEL_PLACE"",""categoryName"":""여행·장소"",""score"":0.8},{""categoryId"":""CULTURE_CONTENT"",""categoryName"":""문화·콘텐츠"",""score"":0.6}]","[{""categoryId"":""TRAVEL_PLACE"",""categoryName"":""여행·장소"",""score"":0.8},{""categoryId"":""CULTURE_CONTENT"",""categoryName"":""문화·콘텐츠"",""score"":0.6}]",True,,,False,3450.0219
43,TEXT-043,split-with-description,split,True,1,숙소 예약 전에 확인할 내용,여행·장소/043-숙소 예약 전에 확인할 내용.txt,TRAVEL_PLACE,여행·장소,TRAVEL_PLACE,True,0.5,TRAVEL_PLACE,TRAVEL_PLACE,True,,0,1,True,True,EXACT_CORRECT,False,False,False,False,False,False,True,True,True,True,False,[],,"[{""categoryId"":""TRAVEL_PLACE"",""categoryName"":""여행·장소"",""score"":0.8},{""categoryId"":""SHOPPING_PRODUCT"",""categoryName"":""쇼핑·제품"",""score"":0.2}]","[{""categoryId"":""TRAVEL_PLACE"",""categoryName"":""여행·장소"",""score"":0.8},{""categoryId"":""SHOPPING_PRODUCT"",""categoryName"":""쇼핑·제품"",""score"":0.2}]",True,,,False,3286.8781
13,TEXT-013,split-with-description,split,True,1,텍스트-2026.07.20-1125,음식·맛집/013-텍스트-2026.07.20-1125.txt,FOOD_RESTAURANT,음식·맛집,FOOD_RESTAURANT,True,0.5,FOOD_RESTAURANT|TRAVEL_PLACE,FOOD_RESTAURANT|TRAVEL_PLACE,True,TRAVEL_PLACE,1,2,False,True,RELAXED_CORRECT,False,False,False,False,False,False,True,True,False,True,False,[],,"[{""categoryId"":""FOOD_RESTAURANT"",""categoryName"":""음식·맛집"",""score"":0.95},{""categoryId"":""TRAVEL_PLACE"",""categoryName"":""여행·장소"",""score"":0.75}]","[{""categoryId"":""FOOD_RESTAURANT"",""categoryName"":""음식·맛집"",""score"":0.95},{""categoryId"":""TRAVEL_PLACE"",""categoryName"":""여행·장소"",""score"":0.75}]",True,,,False,3485.492
14,TEXT-014,split-with-description,split,True,1,닭가슴살 볶음밥 레시피,음식·맛집/014-닭가슴살 볶음밥 레시피.txt,FOOD_RESTAURANT,음식·맛집,FOOD_RESTAURANT,True,0.5,FOOD_RESTAURANT,FOOD_RESTAURANT,True,,0,1,True,True,EXACT_CORRECT,False,False,False,False,False,False,True,True,True,True,False,[],,"[{""categoryId"":""FOOD_RESTAURANT"",""categoryName"":""음식·맛집"",""score"":1.0}]","[{""categoryId"":""FOOD_RESTAURANT"",""categoryName"":""음식·맛집"",""score"":1.0}]",True,,,False,2378.052
44,TEXT-044,split-with-description,split,True,1,성수동 파스타 식당,음식·맛집/044-성수동 파스타 식당.txt,FOOD_RESTAURANT,음식·맛집,FOOD_RESTAURANT,True,0.5,FOOD_RESTAURANT,FOOD_RESTAURANT,True,,0,1,True,True,EXACT_CORRECT,False,False,False,False,False,False,True,True,True,True,False,[],,"[{""categoryId"":""FOOD_RESTAURANT"",""categoryName"":""음식·맛집"",""score"":1.0}]","[{""categoryId"":""FOOD_RESTAURANT"",""categoryName"":""음식·맛집"",""score"":1.0}]",True,,,False,2237.2814
45,TEXT-045,split-with-description,split,True,1,텍스트-2026-07-09,음식·맛집/045-텍스트-2026-07-09.txt,FOOD_RESTAURANT,음식·맛집,FOOD_RESTAURANT,True,0.5,FOOD_RESTAURANT,FOOD_RESTAURANT,True,,0,1,True,True,EXACT_CORRECT,False,False,False,False,False,False,True,True,True,True,False,[],,"[{""categoryId"":""FOOD_RESTAURANT"",""categoryName"":""음식·맛집"",""score"":1.0}]","[{""categoryId"":""FOOD_RESTAURANT"",""categoryName"":""음식·맛집"",""score"":1.0}]",True,,,False,2150.976
46,TEXT-046,split-with-description,split,True,1,광주에서 늦게까지 하는 카페,음식·맛집/046-광주에서 늦게까지 하는 카페.txt,FOOD_RESTAURANT,음식·맛집,TRAVEL_PLACE,False,0.5,TRAVEL_PLACE|FOOD_RESTAURANT,TRAVEL_PLACE|FOOD_RESTAURANT,True,TRAVEL_PLACE,1,2,False,True,RELAXED_CORRECT,False,False,False,False,False,False,True,True,False,True,False,[],,"[{""categoryId"":""TRAVEL_PLACE"",""categoryName"":""여행·장소"",""score"":0.8},{""categoryId"":""FOOD_RESTAURANT"",""categoryName"":""음식·맛집"",""score"":0.7}]","[{""categoryId"":""TRAVEL_PLACE"",""categoryName"":""여행·장소"",""score"":0.8},{""categoryId"":""FOOD_RESTAURANT"",""categoryName"":""음식·맛집"",""score"":0.7}]",True,,,False,3655.7176
47,TEXT-047,split-with-description,split,True,1,냉동 만두를 바삭하게 굽는 방법,음식·맛집/047-냉동 만두를 바삭하게 굽는 방법.txt,FOOD_RESTAURANT,음식·맛집,FOOD_RESTAURANT,True,0.5,FOOD_RESTAURANT,FOOD_RESTAURANT,True,,0,1,True,True,EXACT_CORRECT,False,False,False,False,False,False,True,True,True,True,False,[],,"[{""categoryId"":""FOOD_RESTAURANT"",""categoryName"":""음식·맛집"",""score"":1.0}]","[{""categoryId"":""FOOD_RESTAURANT"",""categoryName"":""음식·맛집"",""score"":1.0}]",True,,,False,2253.8232
48,TEXT-048,split-with-description,split,True,1,제주 고기국수 후보,음식·맛집/048-제주 고기국수 후보.txt,FOOD_RESTAURANT,음식·맛집,FOOD_RESTAURANT,True,0.5,FOOD_RESTAURANT,FOOD_RESTAURANT,True,,0,1,True,True,EXACT_CORRECT,False,False,False,False,False,False,True,True,True,True,False,[],,"[{""categoryId"":""FOOD_RESTAURANT"",""categoryName"":""음식·맛집"",""score"":1.0}]","[{""categoryId"":""FOOD_RESTAURANT"",""categoryName"":""음식·맛집"",""score"":1.0}]",True,,,False,2288.0633
7,TEXT-007,split-with-description,split,True,1,텍스트-2026.07.20-1010,취업·커리어/007-텍스트-2026.07.20-1010.txt,CAREER,취업·커리어,LEARNING_KNOWLEDGE,False,0.5,LEARNING_KNOWLEDGE|CAREER,LEARNING_KNOWLEDGE|CAREER,True,LEARNING_KNOWLEDGE,1,2,False,True,RELAXED_CORRECT,False,False,False,False,False,False,True,True,False,True,False,[],,"[{""categoryId"":""LEARNING_KNOWLEDGE"",""categoryName"":""학습·지식"",""score"":0.9},{""categoryId"":""CAREER"",""categoryName"":""취업·커리어"",""score"":0.7}]","[{""categoryId"":""LEARNING_KNOWLEDGE"",""categoryName"":""학습·지식"",""score"":0.9},{""categoryId"":""CAREER"",""categoryName"":""취업·커리어"",""score"":0.7}]",True,,,False,3442.2279
8,TEXT-008,split-with-description,split,True,1,공기업 채용 공고 확인,취업·커리어/008-공기업 채용 공고 확인.txt,CAREER,취업·커리어,CAREER,True,0.5,CAREER,CAREER,True,,0,1,True,True,EXACT_CORRECT,False,False,False,False,False,False,True,True,True,True,False,[],,"[{""categoryId"":""CAREER"",""categoryName"":""취업·커리어"",""score"":1.0}]","[{""categoryId"":""CAREER"",""categoryName"":""취업·커리어"",""score"":1.0}]",True,,,False,2313.8586
34,TEXT-034,split-with-description,split,True,1,백엔드 개발자 채용 공고 확인,취업·커리어/034-백엔드 개발자 채용 공고 확인.txt,CAREER,취업·커리어,CAREER,True,0.5,CAREER,CAREER,True,,0,1,True,True,EXACT_CORRECT,False,False,False,False,False,False,True,True,True,True,False,[],,"[{""categoryId"":""CAREER"",""categoryName"":""취업·커리어"",""score"":1.0}]","[{""categoryId"":""CAREER"",""categoryName"":""취업·커리어"",""score"":1.0}]",True,,,False,2287.1717
35,TEXT-035,split-with-description,split,True,1,텍스트-2026-07-05,취업·커리어/035-텍스트-2026-07-05.txt,CAREER,취업·커리어,CAREER,True,0.5,CAREER,CAREER,True,,0,1,True,True,EXACT_CORRECT,False,False,False,False,False,False,True,True,True,True,False,[],,"[{""categoryId"":""CAREER"",""categoryName"":""취업·커리어"",""score"":1.0}]","[{""categoryId"":""CAREER"",""categoryName"":""취업·커리어"",""score"":1.0}]",True,,,False,2096.6032
36,TEXT-036,split-with-description,split,True,1,자기소개서 수정할 부분,취업·커리어/036-자기소개서 수정할 부분.txt,CAREER,취업·커리어,CAREER,True,0.5,CAREER,CAREER,True,,0,1,True,True,EXACT_CORRECT,False,False,False,False,False,False,True,True,True,True,False,[],,"[{""categoryId"":""CAREER"",""categoryName"":""취업·커리어"",""score"":1.0}]","[{""categoryId"":""CAREER"",""categoryName"":""취업·커리어"",""score"":1.0}]",True,,,False,2103.6283
37,TEXT-037,split-with-description,split,True,1,이직 전 확인할 조건,취업·커리어/037-이직 전 확인할 조건.txt,CAREER,취업·커리어,CAREER,True,0.5,CAREER,CAREER,True,,0,1,True,True,EXACT_CORRECT,False,False,False,False,False,False,True,True,True,True,False,[],,"[{""categoryId"":""CAREER"",""categoryName"":""취업·커리어"",""score"":1.0}]","[{""categoryId"":""CAREER"",""categoryName"":""취업·커리어"",""score"":1.0}]",True,,,False,2168.1773
38,TEXT-038,split-with-description,split,True,1,포트폴리오 프로젝트 설명 방식,취업·커리어/038-포트폴리오 프로젝트 설명 방식.txt,CAREER,취업·커리어,LEARNING_KNOWLEDGE,False,0.5,LEARNING_KNOWLEDGE,LEARNING_KNOWLEDGE,False,LEARNING_KNOWLEDGE,1,1,False,False,WRONG_MISSING_GOLD,False,True,False,False,False,False,False,False,False,False,False,[],MISSING_GOLD_CATEGORY,"[{""categoryId"":""LEARNING_KNOWLEDGE"",""categoryName"":""학습·지식"",""score"":0.9}]","[{""categoryId"":""LEARNING_KNOWLEDGE"",""categoryName"":""학습·지식"",""score"":0.9}]",True,,,False,2185.9338
1,TEXT-001,split-with-description,split,True,1,텍스트-2026.07.20-0905,학습·지식/001-텍스트-2026.07.20-0905.txt,LEARNING_KNOWLEDGE,학습·지식,LEARNING_KNOWLEDGE,True,0.5,LEARNING_KNOWLEDGE,LEARNING_KNOWLEDGE,True,,0,1,True,True,EXACT_CORRECT,False,False,False,False,False,False,True,True,True,True,False,[],,"[{""categoryId"":""LEARNING_KNOWLEDGE"",""categoryName"":""학습·지식"",""score"":0.95},{""categoryId"":""SHOPPING_PRODUCT"",""categoryName"":""쇼핑·제품"",""score"":0.05}]","[{""categoryId"":""LEARNING_KNOWLEDGE"",""categoryName"":""학습·지식"",""score"":0.95},{""categoryId"":""SHOPPING_PRODUCT"",""categoryName"":""쇼핑·제품"",""score"":0.05}]",True,,,False,3392.2852
2,TEXT-002,split-with-description,split,True,1,JWT 재발급 구조 정리,학습·지식/002-JWT 재발급 구조 정리.txt,LEARNING_KNOWLEDGE,학습·지식,LEARNING_KNOWLEDGE,True,0.5,LEARNING_KNOWLEDGE,LEARNING_KNOWLEDGE,True,,0,1,True,True,EXACT_CORRECT,False,False,False,False,False,False,True,True,True,True,False,[],,"[{""categoryId"":""LEARNING_KNOWLEDGE"",""categoryName"":""학습·지식"",""score"":1.0}]","[{""categoryId"":""LEARNING_KNOWLEDGE"",""categoryName"":""학습·지식"",""score"":1.0}]",True,,,False,2302.326
3,TEXT-003,split-with-description,split,True,1,텍스트-2026.07.20-0920,학습·지식/003-텍스트-2026.07.20-0920.txt,LEARNING_KNOWLEDGE,학습·지식,LEARNING_KNOWLEDGE,True,0.5,LEARNING_KNOWLEDGE,LEARNING_KNOWLEDGE,True,,0,1,True,True,EXACT_CORRECT,False,False,False,False,False,False,True,True,True,True,False,[],,"[{""categoryId"":""LEARNING_KNOWLEDGE"",""categoryName"":""학습·지식"",""score"":1.0}]","[{""categoryId"":""LEARNING_KNOWLEDGE"",""categoryName"":""학습·지식"",""score"":1.0}]",True,,,False,2339.9283
4,TEXT-004,split-with-description,split,True,1,SQLD 시험 공부 계획,학습·지식/004-SQLD 시험 공부 계획.txt,LEARNING_KNOWLEDGE,학습·지식,LEARNING_KNOWLEDGE,True,0.5,LEARNING_KNOWLEDGE,LEARNING_KNOWLEDGE,True,,0,1,True,True,EXACT_CORRECT,False,False,False,False,False,False,True,True,True,True,False,[],,"[{""categoryId"":""LEARNING_KNOWLEDGE"",""categoryName"":""학습·지식"",""score"":1.0}]","[{""categoryId"":""LEARNING_KNOWLEDGE"",""categoryName"":""학습·지식"",""score"":1.0}]",True,,,False,2251.9091
29,TEXT-029,split-with-description,split,True,1,Redis 큐에서 작업이 중복될 수 있는 이유,학습·지식/029-Redis 큐에서 작업이 중복될 수 있는 이유.txt,LEARNING_KNOWLEDGE,학습·지식,LEARNING_KNOWLEDGE,True,0.5,LEARNING_KNOWLEDGE,LEARNING_KNOWLEDGE,True,,0,1,True,True,EXACT_CORRECT,False,False,False,False,False,False,True,True,True,True,False,[],,"[{""categoryId"":""LEARNING_KNOWLEDGE"",""categoryName"":""학습·지식"",""score"":0.9},{""categoryId"":""OTHER"",""categoryName"":""기타"",""score"":0.1}]","[{""categoryId"":""LEARNING_KNOWLEDGE"",""categoryName"":""학습·지식"",""score"":0.9},{""categoryId"":""OTHER"",""categoryName"":""기타"",""score"":0.1}]",True,,,False,3198.1435
30,TEXT-030,split-with-description,split,True,1,텍스트-2026-07-03,학습·지식/030-텍스트-2026-07-03.txt,LEARNING_KNOWLEDGE,학습·지식,LEARNING_KNOWLEDGE,True,0.5,LEARNING_KNOWLEDGE,LEARNING_KNOWLEDGE,True,,0,1,True,True,EXACT_CORRECT,False,False,False,False,False,False,True,True,True,True,False,[],,"[{""categoryId"":""LEARNING_KNOWLEDGE"",""categoryName"":""학습·지식"",""score"":1.0}]","[{""categoryId"":""LEARNING_KNOWLEDGE"",""categoryName"":""학습·지식"",""score"":1.0}]",True,,,False,2232.9677
31,TEXT-031,split-with-description,split,True,1,사진 촬영에서 조리개의 역할,학습·지식/031-사진 촬영에서 조리개의 역할.txt,LEARNING_KNOWLEDGE,학습·지식,LEARNING_KNOWLEDGE,True,0.5,LEARNING_KNOWLEDGE,LEARNING_KNOWLEDGE,True,,0,1,True,True,EXACT_CORRECT,False,False,False,False,False,False,True,True,True,True,False,[],,"[{""categoryId"":""LEARNING_KNOWLEDGE"",""categoryName"":""학습·지식"",""score"":1.0}]","[{""categoryId"":""LEARNING_KNOWLEDGE"",""categoryName"":""학습·지식"",""score"":1.0}]",True,,,False,2286.6689
32,TEXT-032,split-with-description,split,True,1,전세와 월세의 차이 정리,학습·지식/032-전세와 월세의 차이 정리.txt,LEARNING_KNOWLEDGE,학습·지식,LEARNING_KNOWLEDGE,True,0.5,LEARNING_KNOWLEDGE,LEARNING_KNOWLEDGE,True,,0,1,True,True,EXACT_CORRECT,False,False,False,False,False,False,True,True,True,True,False,[],,"[{""categoryId"":""LEARNING_KNOWLEDGE"",""categoryName"":""학습·지식"",""score"":1.0}]","[{""categoryId"":""LEARNING_KNOWLEDGE"",""categoryName"":""학습·지식"",""score"":1.0}]",True,,,False,2290.0319
33,TEXT-033,split-with-description,split,True,1,좋은 발표 자료의 정보 구조,학습·지식/033-좋은 발표 자료의 정보 구조.txt,LEARNING_KNOWLEDGE,학습·지식,LEARNING_KNOWLEDGE,True,0.5,LEARNING_KNOWLEDGE,LEARNING_KNOWLEDGE,True,,0,1,True,True,EXACT_CORRECT,False,False,False,False,False,False,True,True,True,True,False,[],,"[{""categoryId"":""LEARNING_KNOWLEDGE"",""categoryName"":""학습·지식"",""score"":1.0}]","[{""categoryId"":""LEARNING_KNOWLEDGE"",""categoryName"":""학습·지식"",""score"":1.0}]",True,,,False,2193.7425
17,TEXT-017,split-with-description,split,True,1,텍스트-2026.07.20-1220,건강·운동/017-텍스트-2026.07.20-1220.txt,HEALTH_EXERCISE,건강·운동,HEALTH_EXERCISE,True,0.6,HEALTH_EXERCISE,HEALTH_EXERCISE,True,,0,1,True,True,EXACT_CORRECT,False,False,False,False,False,False,True,True,True,True,False,[],,"[{""categoryId"":""HEALTH_EXERCISE"",""categoryName"":""건강·운동"",""score"":1.0}]","[{""categoryId"":""HEALTH_EXERCISE"",""categoryName"":""건강·운동"",""score"":1.0}]",True,,,False,18957.4552
18,TEXT-018,split-with-description,split,True,1,주 3회 운동 계획,건강·운동/018-주 3회 운동 계획.txt,HEALTH_EXERCISE,건강·운동,HEALTH_EXERCISE,True,0.6,HEALTH_EXERCISE,HEALTH_EXERCISE,True,,0,1,True,True,EXACT_CORRECT,False,False,False,False,False,False,True,True,True,True,False,[],,"[{""categoryId"":""HEALTH_EXERCISE"",""categoryName"":""건강·운동"",""score"":1.0}]","[{""categoryId"":""HEALTH_EXERCISE"",""categoryName"":""건강·운동"",""score"":1.0}]",True,,,False,2315.2809
54,TEXT-054,split-with-description,split,True,1,허리 부담을 줄이는 스쿼트 자세,건강·운동/054-허리 부담을 줄이는 스쿼트 자세.txt,HEALTH_EXERCISE,건강·운동,HEALTH_EXERCISE,True,0.6,HEALTH_EXERCISE,HEALTH_EXERCISE,True,,0,1,True,True,EXACT_CORRECT,False,False,False,False,False,False,True,True,True,True,False,[],,"[{""categoryId"":""HEALTH_EXERCISE"",""categoryName"":""건강·운동"",""score"":1.0}]","[{""categoryId"":""HEALTH_EXERCISE"",""categoryName"":""건강·운동"",""score"":1.0}]",True,,,False,2234.3755
55,TEXT-055,split-with-description,split,True,1,텍스트-2026-07-13,건강·운동/055-텍스트-2026-07-13.txt,HEALTH_EXERCISE,건강·운동,HEALTH_EXERCISE,True,0.6,HEALTH_EXERCISE,HEALTH_EXERCISE,True,,0,1,True,True,EXACT_CORRECT,False,False,False,False,False,False,True,True,True,True,False,[],,"[{""categoryId"":""HEALTH_EXERCISE"",""categoryName"":""건강·운동"",""score"":0.8}]","[{""categoryId"":""HEALTH_EXERCISE"",""categoryName"":""건강·운동"",""score"":0.8}]",True,,,False,2261.4918
56,TEXT-056,split-with-description,split,True,1,러닝 초보자 주간 계획,건강·운동/056-러닝 초보자 주간 계획.txt,HEALTH_EXERCISE,건강·운동,HEALTH_EXERCISE,True,0.6,HEALTH_EXERCISE,HEALTH_EXERCISE,True,,0,1,True,True,EXACT_CORRECT,False,False,False,False,False,False,True,True,True,True,False,[],,"[{""categoryId"":""HEALTH_EXERCISE"",""categoryName"":""건강·운동"",""score"":1.0}]","[{""categoryId"":""HEALTH_EXERCISE"",""categoryName"":""건강·운동"",""score"":1.0}]",True,,,False,2135.1543
57,TEXT-057,split-with-description,split,True,1,장시간 앉아 있을 때 스트레칭,건강·운동/057-장시간 앉아 있을 때 스트레칭.txt,HEALTH_EXERCISE,건강·운동,HEALTH_EXERCISE,True,0.6,HEALTH_EXERCISE,HEALTH_EXERCISE,True,,0,1,True,True,EXACT_CORRECT,False,False,False,False,False,False,True,True,True,True,False,[],,"[{""categoryId"":""HEALTH_EXERCISE"",""categoryName"":""건강·운동"",""score"":1.0}]","[{""categoryId"":""HEALTH_EXERCISE"",""categoryName"":""건강·운동"",""score"":1.0}]",True,,,False,2153.9662
58,TEXT-058,split-with-description,split,True,1,운동 후 식사 구성,건강·운동/058-운동 후 식사 구성.txt,HEALTH_EXERCISE,건강·운동,HEALTH_EXERCISE,True,0.6,HEALTH_EXERCISE|FOOD_RESTAURANT,HEALTH_EXERCISE|FOOD_RESTAURANT,True,FOOD_RESTAURANT,1,2,False,True,RELAXED_CORRECT,False,False,False,False,False,False,True,True,False,True,False,[],,"[{""categoryId"":""HEALTH_EXERCISE"",""categoryName"":""건강·운동"",""score"":0.9},{""categoryId"":""FOOD_RESTAURANT"",""categoryName"":""음식·맛집"",""score"":0.6}]","[{""categoryId"":""HEALTH_EXERCISE"",""categoryName"":""건강·운동"",""score"":0.9},{""categoryId"":""FOOD_RESTAURANT"",""categoryName"":""음식·맛집"",""score"":0.6}]",True,,,False,3461.3197
21,TEXT-021,split-with-description,split,True,1,텍스트-2026.07.20-1310,기타/021-텍스트-2026.07.20-1310.txt,OTHER,기타,IDEA_INSPIRATION,False,0.6,IDEA_INSPIRATION,IDEA_INSPIRATION,False,IDEA_INSPIRATION,1,1,False,False,WRONG_MISSING_GOLD,False,True,True,False,False,False,True,False,False,False,False,[],THRESHOLD_MISS,"[{""categoryId"":""IDEA_INSPIRATION"",""categoryName"":""아이디어·영감"",""score"":0.8},{""categoryId"":""OTHER"",""categoryName"":""기타"",""score"":0.2}]","[{""categoryId"":""IDEA_INSPIRATION"",""categoryName"":""아이디어·영감"",""score"":0.8},{""categoryId"":""OTHER"",""categoryName"":""기타"",""score"":0.2}]",True,,,False,3371.502
22,TEXT-022,split-with-description,split,True,1,텍스트-2026.07.20-1325,기타/022-텍스트-2026.07.20-1325.txt,OTHER,기타,IDEA_INSPIRATION,False,0.6,IDEA_INSPIRATION,IDEA_INSPIRATION,False,IDEA_INSPIRATION,1,1,False,False,WRONG_MISSING_GOLD,False,True,True,False,False,False,True,False,False,False,False,[],THRESHOLD_MISS,"[{""categoryId"":""IDEA_INSPIRATION"",""categoryName"":""아이디어·영감"",""score"":0.8},{""categoryId"":""OTHER"",""categoryName"":""기타"",""score"":0.2}]","[{""categoryId"":""IDEA_INSPIRATION"",""categoryName"":""아이디어·영감"",""score"":0.8},{""categoryId"":""OTHER"",""categoryName"":""기타"",""score"":0.2}]",True,,,False,3296.169
74,TEXT-074,split-with-description,split,True,1,텍스트-2026-07-21,기타/074-텍스트-2026-07-21.txt,OTHER,기타,,False,0.6,,OTHER,False,,0,0,False,False,EMPTY_PREDICTION,False,True,False,True,False,False,False,True,True,True,False,[],MISSING_GOLD_CATEGORY|EMPTY_PREDICTION|FALLBACK_USED,[],[],True,,,False,1048.6928
75,TEXT-075,split-with-description,split,True,1,확인할 문자열,기타/075-확인할 문자열.txt,OTHER,기타,,False,0.6,,OTHER,False,,0,0,False,False,EMPTY_PREDICTION,False,True,False,True,False,False,False,True,True,True,False,[],MISSING_GOLD_CATEGORY|EMPTY_PREDICTION|FALLBACK_USED,[],[],True,,,False,932.5669
76,TEXT-076,split-with-description,split,True,1,텍스트-2026-07-22,기타/076-텍스트-2026-07-22.txt,OTHER,기타,,False,0.6,,OTHER,False,,0,0,False,False,EMPTY_PREDICTION,False,True,False,True,False,False,False,True,True,True,False,[],MISSING_GOLD_CATEGORY|EMPTY_PREDICTION|FALLBACK_USED,[],[],True,,,False,904.1769
77,TEXT-077,split-with-description,split,True,1,내용을 확인할 수 없는 링크,기타/077-내용을 확인할 수 없는 링크.txt,OTHER,기타,,False,0.6,,OTHER,False,,0,0,False,False,EMPTY_PREDICTION,False,True,False,True,False,False,False,True,True,True,False,[],MISSING_GOLD_CATEGORY|EMPTY_PREDICTION|FALLBACK_USED,[],[],True,,,False,955.0275
78,TEXT-078,split-with-description,split,True,1,이미지 추출 실패,기타/078-이미지 추출 실패.txt,OTHER,기타,,False,0.6,,OTHER,False,,0,0,False,False,EMPTY_PREDICTION,False,True,False,True,False,False,False,True,True,True,False,[],MISSING_GOLD_CATEGORY|EMPTY_PREDICTION|FALLBACK_USED,[],[],True,,,False,931.4304
64,TEXT-064,split-with-description,split,True,1,월급 통장 나누는 방법,돈·재테크/064-월급 통장 나누는 방법.txt,MONEY_FINANCE,돈·재테크,MONEY_FINANCE,True,0.6,MONEY_FINANCE,MONEY_FINANCE,True,,0,1,True,True,EXACT_CORRECT,False,False,False,False,False,False,True,True,True,True,False,[],,"[{""categoryId"":""MONEY_FINANCE"",""categoryName"":""돈·재테크"",""score"":1.0}]","[{""categoryId"":""MONEY_FINANCE"",""categoryName"":""돈·재테크"",""score"":1.0}]",True,,,False,2172.3021
65,TEXT-065,split-with-description,split,True,1,텍스트-2026-07-17,돈·재테크/065-텍스트-2026-07-17.txt,MONEY_FINANCE,돈·재테크,MONEY_FINANCE,True,0.6,MONEY_FINANCE,MONEY_FINANCE,True,,0,1,True,True,EXACT_CORRECT,False,False,False,False,False,False,True,True,True,True,False,[],,"[{""categoryId"":""MONEY_FINANCE"",""categoryName"":""돈·재테크"",""score"":1.0}]","[{""categoryId"":""MONEY_FINANCE"",""categoryName"":""돈·재테크"",""score"":1.0}]",True,,,False,2118.1528
66,TEXT-066,split-with-description,split,True,1,카드 혜택 비교,돈·재테크/066-카드 혜택 비교.txt,MONEY_FINANCE,돈·재테크,SHOPPING_PRODUCT,False,0.6,SHOPPING_PRODUCT|MONEY_FINANCE,SHOPPING_PRODUCT|MONEY_FINANCE,True,SHOPPING_PRODUCT,1,2,False,True,RELAXED_CORRECT,False,False,False,False,False,False,True,True,False,True,False,[],,"[{""categoryId"":""SHOPPING_PRODUCT"",""categoryName"":""쇼핑·제품"",""score"":0.8},{""categoryId"":""MONEY_FINANCE"",""categoryName"":""돈·재테크"",""score"":0.7}]","[{""categoryId"":""SHOPPING_PRODUCT"",""categoryName"":""쇼핑·제품"",""score"":0.8},{""categoryId"":""MONEY_FINANCE"",""categoryName"":""돈·재테크"",""score"":0.7}]",True,,,False,3370.9498
67,TEXT-067,split-with-description,split,True,1,비상금 규모 정하기,돈·재테크/067-비상금 규모 정하기.txt,MONEY_FINANCE,돈·재테크,MONEY_FINANCE,True,0.6,MONEY_FINANCE,MONEY_FINANCE,True,,0,1,True,True,EXACT_CORRECT,False,False,False,False,False,False,True,True,True,True,False,[],,"[{""categoryId"":""MONEY_FINANCE"",""categoryName"":""돈·재테크"",""score"":1.0}]","[{""categoryId"":""MONEY_FINANCE"",""categoryName"":""돈·재테크"",""score"":1.0}]",True,,,False,2154.8082
68,TEXT-068,split-with-description,split,True,1,보험 가입 전에 확인할 내용,돈·재테크/068-보험 가입 전에 확인할 내용.txt,MONEY_FINANCE,돈·재테크,MONEY_FINANCE,True,0.6,MONEY_FINANCE,MONEY_FINANCE,True,,0,1,True,True,EXACT_CORRECT,False,False,False,False,False,False,True,True,True,True,False,[],,"[{""categoryId"":""MONEY_FINANCE"",""categoryName"":""돈·재테크"",""score"":1.0}]","[{""categoryId"":""MONEY_FINANCE"",""categoryName"":""돈·재테크"",""score"":1.0}]",True,,,False,2192.3975
19,TEXT-019,split-with-description,split,True,1,텍스트-2026.07.20-1245,문화·콘텐츠/019-텍스트-2026.07.20-1245.txt,CULTURE_CONTENT,문화·콘텐츠,CULTURE_CONTENT,True,0.6,CULTURE_CONTENT|IDEA_INSPIRATION,CULTURE_CONTENT|IDEA_INSPIRATION,True,IDEA_INSPIRATION,1,2,False,True,RELAXED_CORRECT,False,False,False,False,False,False,True,True,False,True,False,[],,"[{""categoryId"":""CULTURE_CONTENT"",""categoryName"":""문화·콘텐츠"",""score"":0.8},{""categoryId"":""IDEA_INSPIRATION"",""categoryName"":""아이디어·영감"",""score"":0.6}]","[{""categoryId"":""CULTURE_CONTENT"",""categoryName"":""문화·콘텐츠"",""score"":0.8},{""categoryId"":""IDEA_INSPIRATION"",""categoryName"":""아이디어·영감"",""score"":0.6}]",True,,,False,3754.6293
20,TEXT-020,split-with-description,split,True,1,읽어볼 개발 에세이,문화·콘텐츠/020-읽어볼 개발 에세이.txt,CULTURE_CONTENT,문화·콘텐츠,CULTURE_CONTENT,True,0.6,CULTURE_CONTENT|LEARNING_KNOWLEDGE,CULTURE_CONTENT|LEARNING_KNOWLEDGE,True,LEARNING_KNOWLEDGE,1,2,False,True,RELAXED_CORRECT,False,False,False,False,False,False,True,True,False,True,False,[],,"[{""categoryId"":""CULTURE_CONTENT"",""categoryName"":""문화·콘텐츠"",""score"":0.8},{""categoryId"":""LEARNING_KNOWLEDGE"",""categoryName"":""학습·지식"",""score"":0.7}]","[{""categoryId"":""CULTURE_CONTENT"",""categoryName"":""문화·콘텐츠"",""score"":0.8},{""categoryId"":""LEARNING_KNOWLEDGE"",""categoryName"":""학습·지식"",""score"":0.7}]",True,,,False,3397.8205
59,TEXT-059,split-with-description,split,True,1,주말에 볼 영화 후보,문화·콘텐츠/059-주말에 볼 영화 후보.txt,CULTURE_CONTENT,문화·콘텐츠,CULTURE_CONTENT,True,0.6,CULTURE_CONTENT,CULTURE_CONTENT,True,,0,1,True,True,EXACT_CORRECT,False,False,False,False,False,False,True,True,True,True,False,[],,"[{""categoryId"":""CULTURE_CONTENT"",""categoryName"":""문화·콘텐츠"",""score"":0.9}]","[{""categoryId"":""CULTURE_CONTENT"",""categoryName"":""문화·콘텐츠"",""score"":0.9}]",True,,,False,2240.0769
60,TEXT-060,split-with-description,split,True,1,텍스트-2026-07-15,문화·콘텐츠/060-텍스트-2026-07-15.txt,CULTURE_CONTENT,문화·콘텐츠,CULTURE_CONTENT,True,0.6,CULTURE_CONTENT|LEARNING_KNOWLEDGE,CULTURE_CONTENT|LEARNING_KNOWLEDGE,True,LEARNING_KNOWLEDGE,1,2,False,True,RELAXED_CORRECT,False,False,False,False,False,False,True,True,False,True,False,[],,"[{""categoryId"":""CULTURE_CONTENT"",""categoryName"":""문화·콘텐츠"",""score"":0.9},{""categoryId"":""LEARNING_KNOWLEDGE"",""categoryName"":""학습·지식"",""score"":0.7}]","[{""categoryId"":""CULTURE_CONTENT"",""categoryName"":""문화·콘텐츠"",""score"":0.9},{""categoryId"":""LEARNING_KNOWLEDGE"",""categoryName"":""학습·지식"",""score"":0.7}]",True,,,False,3314.1739
61,TEXT-061,split-with-description,split,True,1,서울 사진전 정보,문화·콘텐츠/061-서울 사진전 정보.txt,CULTURE_CONTENT,문화·콘텐츠,CULTURE_CONTENT,True,0.6,CULTURE_CONTENT,CULTURE_CONTENT,True,,0,1,True,True,EXACT_CORRECT,False,False,False,False,False,False,True,True,True,True,False,[],,"[{""categoryId"":""CULTURE_CONTENT"",""categoryName"":""문화·콘텐츠"",""score"":0.9}]","[{""categoryId"":""CULTURE_CONTENT"",""categoryName"":""문화·콘텐츠"",""score"":0.9}]",True,,,False,2145.1953
62,TEXT-062,split-with-description,split,True,1,출근할 때 들을 음악,문화·콘텐츠/062-출근할 때 들을 음악.txt,CULTURE_CONTENT,문화·콘텐츠,FOOD_RESTAURANT,False,0.6,FOOD_RESTAURANT|CULTURE_CONTENT,FOOD_RESTAURANT|CULTURE_CONTENT,True,FOOD_RESTAURANT,1,2,False,True,RELAXED_CORRECT,False,False,False,False,False,False,True,True,False,True,False,[],,"[{""categoryId"":""FOOD_RESTAURANT"",""categoryName"":""음식·맛집"",""score"":0.8},{""categoryId"":""CULTURE_CONTENT"",""categoryName"":""문화·콘텐츠"",""score"":0.7}]","[{""categoryId"":""FOOD_RESTAURANT"",""categoryName"":""음식·맛집"",""score"":0.8},{""categoryId"":""CULTURE_CONTENT"",""categoryName"":""문화·콘텐츠"",""score"":0.7}]",True,,,False,3443.4588
63,TEXT-063,split-with-description,split,True,1,웹툰 추천 목록,문화·콘텐츠/063-웹툰 추천 목록.txt,CULTURE_CONTENT,문화·콘텐츠,CULTURE_CONTENT,True,0.6,CULTURE_CONTENT,CULTURE_CONTENT,True,,0,1,True,True,EXACT_CORRECT,False,False,False,False,False,False,True,True,True,True,False,[],,"[{""categoryId"":""CULTURE_CONTENT"",""categoryName"":""문화·콘텐츠"",""score"":1.0}]","[{""categoryId"":""CULTURE_CONTENT"",""categoryName"":""문화·콘텐츠"",""score"":1.0}]",True,,,False,2056.0155
6,TEXT-006,split-with-description,split,True,1,1주차 백로그 정리,생활·할 일/006-1주차 백로그 정리.txt,LIFE_TASK,생활·할 일,LEARNING_KNOWLEDGE,False,0.6,LEARNING_KNOWLEDGE|IDEA_INSPIRATION,LEARNING_KNOWLEDGE|IDEA_INSPIRATION,False,IDEA_INSPIRATION|LEARNING_KNOWLEDGE,2,2,False,False,WRONG_MISSING_GOLD,False,True,False,False,False,False,False,False,False,False,False,[],MISSING_GOLD_CATEGORY,"[{""categoryId"":""LEARNING_KNOWLEDGE"",""categoryName"":""학습·지식"",""score"":0.8},{""categoryId"":""IDEA_INSPIRATION"",""categoryName"":""아이디어·영감"",""score"":0.6}]","[{""categoryId"":""LEARNING_KNOWLEDGE"",""categoryName"":""학습·지식"",""score"":0.8},{""categoryId"":""IDEA_INSPIRATION"",""categoryName"":""아이디어·영감"",""score"":0.6}]",True,,,False,3646.0784
9,TEXT-009,split-with-description,split,True,1,텍스트-2026.07.20-1035,생활·할 일/009-텍스트-2026.07.20-1035.txt,LIFE_TASK,생활·할 일,LIFE_TASK,True,0.6,LIFE_TASK,LIFE_TASK,True,,0,1,True,True,EXACT_CORRECT,False,False,False,False,False,False,True,True,True,True,False,[],,"[{""categoryId"":""LIFE_TASK"",""categoryName"":""생활·할 일"",""score"":1.0}]","[{""categoryId"":""LIFE_TASK"",""categoryName"":""생활·할 일"",""score"":1.0}]",True,,,False,2135.8138
10,TEXT-010,split-with-description,split,True,1,주말 방 정리 계획,생활·할 일/010-주말 방 정리 계획.txt,LIFE_TASK,생활·할 일,LIFE_TASK,True,0.6,LIFE_TASK,LIFE_TASK,True,,0,1,True,True,EXACT_CORRECT,False,False,False,False,False,False,True,True,True,True,False,[],,"[{""categoryId"":""LIFE_TASK"",""categoryName"":""생활·할 일"",""score"":1.0}]","[{""categoryId"":""LIFE_TASK"",""categoryName"":""생활·할 일"",""score"":1.0}]",True,,,False,1992.5273
24,TEXT-024,split-with-description,split,True,1,이사 전날 확인할 목록,생활·할 일/024-이사 전날 확인할 목록.txt,LIFE_TASK,생활·할 일,LIFE_TASK,True,0.6,LIFE_TASK,LIFE_TASK,True,,0,1,True,True,EXACT_CORRECT,False,False,False,False,False,False,True,True,True,True,False,[],,"[{""categoryId"":""LIFE_TASK"",""categoryName"":""생활·할 일"",""score"":1.0}]","[{""categoryId"":""LIFE_TASK"",""categoryName"":""생활·할 일"",""score"":1.0}]",True,,,False,1942.2974
25,TEXT-025,split-with-description,split,True,1,텍스트-2026-07-01,생활·할 일/025-텍스트-2026-07-01.txt,LIFE_TASK,생활·할 일,LIFE_TASK,True,0.6,LIFE_TASK,LIFE_TASK,True,,0,1,True,True,EXACT_CORRECT,False,False,False,False,False,False,True,True,True,True,False,[],,"[{""categoryId"":""LIFE_TASK"",""categoryName"":""생활·할 일"",""score"":1.0}]","[{""categoryId"":""LIFE_TASK"",""categoryName"":""생활·할 일"",""score"":1.0}]",True,,,False,2137.8618
26,TEXT-026,split-with-description,split,True,1,장마철 빨래 냄새 줄이는 방법,생활·할 일/026-장마철 빨래 냄새 줄이는 방법.txt,LIFE_TASK,생활·할 일,LIFE_TASK,True,0.6,LIFE_TASK,LIFE_TASK,True,,0,1,True,True,EXACT_CORRECT,False,False,False,False,False,False,True,True,True,True,False,[],,"[{""categoryId"":""LIFE_TASK"",""categoryName"":""생활·할 일"",""score"":1.0}]","[{""categoryId"":""LIFE_TASK"",""categoryName"":""생활·할 일"",""score"":1.0}]",True,,,False,2139.8985
27,TEXT-027,split-with-description,split,True,1,다음 주 일정 메모,생활·할 일/027-다음 주 일정 메모.txt,LIFE_TASK,생활·할 일,LIFE_TASK,True,0.6,LIFE_TASK,LIFE_TASK,True,,0,1,True,True,EXACT_CORRECT,False,False,False,False,False,False,True,True,True,True,False,[],,"[{""categoryId"":""LIFE_TASK"",""categoryName"":""생활·할 일"",""score"":1.0}]","[{""categoryId"":""LIFE_TASK"",""categoryName"":""생활·할 일"",""score"":1.0}]",True,,,False,1972.2406
28,TEXT-028,split-with-description,split,True,1,공과금 자동이체 변경 순서,생활·할 일/028-공과금 자동이체 변경 순서.txt,LIFE_TASK,생활·할 일,LIFE_TASK,True,0.6,LIFE_TASK,LIFE_TASK,True,,0,1,True,True,EXACT_CORRECT,False,False,False,False,False,False,True,True,True,True,False,[],,"[{""categoryId"":""LIFE_TASK"",""categoryName"":""생활·할 일"",""score"":1.0}]","[{""categoryId"":""LIFE_TASK"",""categoryName"":""생활·할 일"",""score"":1.0}]",True,,,False,1964.9647
23,TEXT-023,split-with-description,split,True,1,기숙사 준비물,생활·할 일/기숙사 준비물.txt,LIFE_TASK,생활·할 일,LIFE_TASK,True,0.6,LIFE_TASK,LIFE_TASK,True,,0,1,True,True,EXACT_CORRECT,False,False,False,False,False,False,True,True,True,True,False,[],,"[{""categoryId"":""LIFE_TASK"",""categoryName"":""생활·할 일"",""score"":1.0}]","[{""categoryId"":""LIFE_TASK"",""categoryName"":""생활·할 일"",""score"":1.0}]",True,,,False,2420.5424
11,TEXT-011,split-with-description,split,True,1,텍스트-2026.07.20-1100,쇼핑·제품/011-텍스트-2026.07.20-1100.txt,SHOPPING_PRODUCT,쇼핑·제품,SHOPPING_PRODUCT,True,0.6,SHOPPING_PRODUCT|LEARNING_KNOWLEDGE,SHOPPING_PRODUCT|LEARNING_KNOWLEDGE,True,LEARNING_KNOWLEDGE,1,2,False,True,RELAXED_CORRECT,False,False,False,False,False,False,True,True,False,True,False,[],,"[{""categoryId"":""SHOPPING_PRODUCT"",""categoryName"":""쇼핑·제품"",""score"":0.9},{""categoryId"":""LEARNING_KNOWLEDGE"",""categoryName"":""학습·지식"",""score"":0.6}]","[{""categoryId"":""SHOPPING_PRODUCT"",""categoryName"":""쇼핑·제품"",""score"":0.9},{""categoryId"":""LEARNING_KNOWLEDGE"",""categoryName"":""학습·지식"",""score"":0.6}]",True,,,False,3431.8361
12,TEXT-012,split-with-description,split,True,1,무선 키보드 구매 후보,쇼핑·제품/012-무선 키보드 구매 후보.txt,SHOPPING_PRODUCT,쇼핑·제품,SHOPPING_PRODUCT,True,0.6,SHOPPING_PRODUCT,SHOPPING_PRODUCT,True,,0,1,True,True,EXACT_CORRECT,False,False,False,False,False,False,True,True,True,True,False,[],,"[{""categoryId"":""SHOPPING_PRODUCT"",""categoryName"":""쇼핑·제품"",""score"":1.0}]","[{""categoryId"":""SHOPPING_PRODUCT"",""categoryName"":""쇼핑·제품"",""score"":1.0}]",True,,,False,2092.7276
49,TEXT-049,split-with-description,split,True,1,무선 키보드 비교,쇼핑·제품/049-무선 키보드 비교.txt,SHOPPING_PRODUCT,쇼핑·제품,SHOPPING_PRODUCT,True,0.6,SHOPPING_PRODUCT,SHOPPING_PRODUCT,True,,0,1,True,True,EXACT_CORRECT,False,False,False,False,False,False,True,True,True,True,False,[],,"[{""categoryId"":""SHOPPING_PRODUCT"",""categoryName"":""쇼핑·제품"",""score"":1.0}]","[{""categoryId"":""SHOPPING_PRODUCT"",""categoryName"":""쇼핑·제품"",""score"":1.0}]",True,,,False,2117.8622
50,TEXT-050,split-with-description,split,True,1,텍스트-2026-07-11,쇼핑·제품/050-텍스트-2026-07-11.txt,SHOPPING_PRODUCT,쇼핑·제품,SHOPPING_PRODUCT,True,0.6,SHOPPING_PRODUCT,SHOPPING_PRODUCT,True,,0,1,True,True,EXACT_CORRECT,False,False,False,False,False,False,True,True,True,True,False,[],,"[{""categoryId"":""SHOPPING_PRODUCT"",""categoryName"":""쇼핑·제품"",""score"":0.9}]","[{""categoryId"":""SHOPPING_PRODUCT"",""categoryName"":""쇼핑·제품"",""score"":0.9}]",True,,,False,2073.0665
51,TEXT-051,split-with-description,split,True,1,로봇청소기 구매 후보,쇼핑·제품/051-로봇청소기 구매 후보.txt,SHOPPING_PRODUCT,쇼핑·제품,SHOPPING_PRODUCT,True,0.6,SHOPPING_PRODUCT,SHOPPING_PRODUCT,True,,0,1,True,True,EXACT_CORRECT,False,False,False,False,False,False,True,True,True,True,False,[],,"[{""categoryId"":""SHOPPING_PRODUCT"",""categoryName"":""쇼핑·제품"",""score"":1.0}]","[{""categoryId"":""SHOPPING_PRODUCT"",""categoryName"":""쇼핑·제품"",""score"":1.0}]",True,,,False,2023.9858
52,TEXT-052,split-with-description,split,True,1,여행용 보조배터리 확인 사항,쇼핑·제품/052-여행용 보조배터리 확인 사항.txt,SHOPPING_PRODUCT,쇼핑·제품,SHOPPING_PRODUCT,True,0.6,SHOPPING_PRODUCT|TRAVEL_PLACE,SHOPPING_PRODUCT|TRAVEL_PLACE,True,TRAVEL_PLACE,1,2,False,True,RELAXED_CORRECT,False,False,False,False,False,False,True,True,False,True,False,[],,"[{""categoryId"":""SHOPPING_PRODUCT"",""categoryName"":""쇼핑·제품"",""score"":0.9},{""categoryId"":""TRAVEL_PLACE"",""categoryName"":""여행·장소"",""score"":0.6}]","[{""categoryId"":""SHOPPING_PRODUCT"",""categoryName"":""쇼핑·제품"",""score"":0.9},{""categoryId"":""TRAVEL_PLACE"",""categoryName"":""여행·장소"",""score"":0.6}]",True,,,False,3278.0322
53,TEXT-053,split-with-description,split,True,1,부모님 선물용 마사지기 후기,쇼핑·제품/053-부모님 선물용 마사지기 후기.txt,SHOPPING_PRODUCT,쇼핑·제품,SHOPPING_PRODUCT,True,0.6,SHOPPING_PRODUCT,SHOPPING_PRODUCT,True,,0,1,True,True,EXACT_CORRECT,False,False,False,False,False,False,True,True,True,True,False,[],,"[{""categoryId"":""SHOPPING_PRODUCT"",""categoryName"":""쇼핑·제품"",""score"":0.9}]","[{""categoryId"":""SHOPPING_PRODUCT"",""categoryName"":""쇼핑·제품"",""score"":0.9}]",True,,,False,2144.389
5,TEXT-005,split-with-description,split,True,1,텍스트-2026.07.20-0940,아이디어·영감/005-텍스트-2026.07.20-0940.txt,IDEA_INSPIRATION,아이디어·영감,IDEA_INSPIRATION,True,0.6,IDEA_INSPIRATION|LEARNING_KNOWLEDGE,IDEA_INSPIRATION|LEARNING_KNOWLEDGE,True,LEARNING_KNOWLEDGE,1,2,False,True,RELAXED_CORRECT,False,False,False,False,False,False,True,True,False,True,False,[],,"[{""categoryId"":""IDEA_INSPIRATION"",""categoryName"":""아이디어·영감"",""score"":0.85},{""categoryId"":""LEARNING_KNOWLEDGE"",""categoryName"":""학습·지식"",""score"":0.75}]","[{""categoryId"":""IDEA_INSPIRATION"",""categoryName"":""아이디어·영감"",""score"":0.85},{""categoryId"":""LEARNING_KNOWLEDGE"",""categoryName"":""학습·지식"",""score"":0.75}]",True,,,False,3788.9037
69,TEXT-069,split-with-description,split,True,1,앱 첫 화면 디자인 참고,아이디어·영감/069-앱 첫 화면 디자인 참고.txt,IDEA_INSPIRATION,아이디어·영감,IDEA_INSPIRATION,True,0.6,IDEA_INSPIRATION|CULTURE_CONTENT,IDEA_INSPIRATION|CULTURE_CONTENT,True,CULTURE_CONTENT,1,2,False,True,RELAXED_CORRECT,False,False,False,False,False,False,True,True,False,True,False,[],,"[{""categoryId"":""IDEA_INSPIRATION"",""categoryName"":""아이디어·영감"",""score"":0.8},{""categoryId"":""CULTURE_CONTENT"",""categoryName"":""문화·콘텐츠"",""score"":0.6}]","[{""categoryId"":""IDEA_INSPIRATION"",""categoryName"":""아이디어·영감"",""score"":0.8},{""categoryId"":""CULTURE_CONTENT"",""categoryName"":""문화·콘텐츠"",""score"":0.6}]",True,,,False,3589.3717
70,TEXT-070,split-with-description,split,True,1,텍스트-2026-07-19,아이디어·영감/070-텍스트-2026-07-19.txt,IDEA_INSPIRATION,아이디어·영감,IDEA_INSPIRATION,True,0.6,IDEA_INSPIRATION,IDEA_INSPIRATION,True,,0,1,True,True,EXACT_CORRECT,False,False,False,False,False,False,True,True,True,True,False,[],,"[{""categoryId"":""IDEA_INSPIRATION"",""categoryName"":""아이디어·영감"",""score"":0.8}]","[{""categoryId"":""IDEA_INSPIRATION"",""categoryName"":""아이디어·영감"",""score"":0.8}]",True,,,False,2333.378
71,TEXT-071,split-with-description,split,True,1,방 꾸미기 참고 이미지,아이디어·영감/071-방 꾸미기 참고 이미지.txt,IDEA_INSPIRATION,아이디어·영감,LIFE_TASK,False,0.6,LIFE_TASK,LIFE_TASK,False,LIFE_TASK,1,1,False,False,WRONG_MISSING_GOLD,False,True,False,False,False,False,False,False,False,False,False,[],MISSING_GOLD_CATEGORY,"[{""categoryId"":""LIFE_TASK"",""categoryName"":""생활·할 일"",""score"":0.8},{""categoryId"":""CULTURE_CONTENT"",""categoryName"":""문화·콘텐츠"",""score"":0.2}]","[{""categoryId"":""LIFE_TASK"",""categoryName"":""생활·할 일"",""score"":0.8},{""categoryId"":""CULTURE_CONTENT"",""categoryName"":""문화·콘텐츠"",""score"":0.2}]",True,,,False,3343.8321
72,TEXT-072,split-with-description,split,True,1,숏폼 콘텐츠 구성 방식,아이디어·영감/072-숏폼 콘텐츠 구성 방식.txt,IDEA_INSPIRATION,아이디어·영감,IDEA_INSPIRATION,True,0.6,IDEA_INSPIRATION|CULTURE_CONTENT,IDEA_INSPIRATION|CULTURE_CONTENT,True,CULTURE_CONTENT,1,2,False,True,RELAXED_CORRECT,False,False,False,False,False,False,True,True,False,True,False,[],,"[{""categoryId"":""IDEA_INSPIRATION"",""categoryName"":""아이디어·영감"",""score"":0.8},{""categoryId"":""CULTURE_CONTENT"",""categoryName"":""문화·콘텐츠"",""score"":0.6}]","[{""categoryId"":""IDEA_INSPIRATION"",""categoryName"":""아이디어·영감"",""score"":0.8},{""categoryId"":""CULTURE_CONTENT"",""categoryName"":""문화·콘텐츠"",""score"":0.6}]",True,,,False,3612.8716
73,TEXT-073,split-with-description,split,True,1,사진 구도 참고,아이디어·영감/073-사진 구도 참고.txt,IDEA_INSPIRATION,아이디어·영감,IDEA_INSPIRATION,True,0.6,IDEA_INSPIRATION|CULTURE_CONTENT,IDEA_INSPIRATION|CULTURE_CONTENT,True,CULTURE_CONTENT,1,2,False,True,RELAXED_CORRECT,False,False,False,False,False,False,True,True,False,True,False,[],,"[{""categoryId"":""IDEA_INSPIRATION"",""categoryName"":""아이디어·영감"",""score"":0.8},{""categoryId"":""CULTURE_CONTENT"",""categoryName"":""문화·콘텐츠"",""score"":0.6}]","[{""categoryId"":""IDEA_INSPIRATION"",""categoryName"":""아이디어·영감"",""score"":0.8},{""categoryId"":""CULTURE_CONTENT"",""categoryName"":""문화·콘텐츠"",""score"":0.6}]",True,,,False,3556.1057
15,TEXT-015,split-with-description,split,True,1,텍스트-2026.07.20-1150,여행·장소/015-텍스트-2026.07.20-1150.txt,TRAVEL_PLACE,여행·장소,TRAVEL_PLACE,True,0.6,TRAVEL_PLACE,TRAVEL_PLACE,True,,0,1,True,True,EXACT_CORRECT,False,False,False,False,False,False,True,True,True,True,False,[],,"[{""categoryId"":""TRAVEL_PLACE"",""categoryName"":""여행·장소"",""score"":0.95}]","[{""categoryId"":""TRAVEL_PLACE"",""categoryName"":""여행·장소"",""score"":0.95}]",True,,,False,2164.5824
16,TEXT-016,split-with-description,split,True,1,서울 전시회 방문 후보,여행·장소/016-서울 전시회 방문 후보.txt,TRAVEL_PLACE,여행·장소,TRAVEL_PLACE,True,0.6,TRAVEL_PLACE|FOOD_RESTAURANT,TRAVEL_PLACE|FOOD_RESTAURANT,True,FOOD_RESTAURANT,1,2,False,True,RELAXED_CORRECT,False,False,False,False,False,False,True,True,False,True,False,[],,"[{""categoryId"":""TRAVEL_PLACE"",""categoryName"":""여행·장소"",""score"":0.9},{""categoryId"":""FOOD_RESTAURANT"",""categoryName"":""음식·맛집"",""score"":0.6}]","[{""categoryId"":""TRAVEL_PLACE"",""categoryName"":""여행·장소"",""score"":0.9},{""categoryId"":""FOOD_RESTAURANT"",""categoryName"":""음식·맛집"",""score"":0.6}]",True,,,False,3528.9414
39,TEXT-039,split-with-description,split,True,1,부산에서 일몰 보기 좋은 곳,여행·장소/039-부산에서 일몰 보기 좋은 곳.txt,TRAVEL_PLACE,여행·장소,TRAVEL_PLACE,True,0.6,TRAVEL_PLACE,TRAVEL_PLACE,True,,0,1,True,True,EXACT_CORRECT,False,False,False,False,False,False,True,True,True,True,False,[],,"[{""categoryId"":""TRAVEL_PLACE"",""categoryName"":""여행·장소"",""score"":0.9}]","[{""categoryId"":""TRAVEL_PLACE"",""categoryName"":""여행·장소"",""score"":0.9}]",True,,,False,2284.1292
40,TEXT-040,split-with-description,split,True,1,텍스트-2026-07-07,여행·장소/040-텍스트-2026-07-07.txt,TRAVEL_PLACE,여행·장소,TRAVEL_PLACE,True,0.6,TRAVEL_PLACE|IDEA_INSPIRATION,TRAVEL_PLACE|IDEA_INSPIRATION,True,IDEA_INSPIRATION,1,2,False,True,RELAXED_CORRECT,False,False,False,False,False,False,True,True,False,True,False,[],,"[{""categoryId"":""TRAVEL_PLACE"",""categoryName"":""여행·장소"",""score"":0.8},{""categoryId"":""IDEA_INSPIRATION"",""categoryName"":""아이디어·영감"",""score"":0.6}]","[{""categoryId"":""TRAVEL_PLACE"",""categoryName"":""여행·장소"",""score"":0.8},{""categoryId"":""IDEA_INSPIRATION"",""categoryName"":""아이디어·영감"",""score"":0.6}]",True,,,False,3467.1585
41,TEXT-041,split-with-description,split,True,1,교토 버스 이용 팁,여행·장소/041-교토 버스 이용 팁.txt,TRAVEL_PLACE,여행·장소,TRAVEL_PLACE,True,0.6,TRAVEL_PLACE,TRAVEL_PLACE,True,,0,1,True,True,EXACT_CORRECT,False,False,False,False,False,False,True,True,True,True,False,[],,"[{""categoryId"":""TRAVEL_PLACE"",""categoryName"":""여행·장소"",""score"":0.8}]","[{""categoryId"":""TRAVEL_PLACE"",""categoryName"":""여행·장소"",""score"":0.8}]",True,,,False,2141.8961
42,TEXT-042,split-with-description,split,True,1,비 오는 날 서울에서 갈 곳,여행·장소/042-비 오는 날 서울에서 갈 곳.txt,TRAVEL_PLACE,여행·장소,TRAVEL_PLACE,True,0.6,TRAVEL_PLACE|CULTURE_CONTENT,TRAVEL_PLACE|CULTURE_CONTENT,True,CULTURE_CONTENT,1,2,False,True,RELAXED_CORRECT,False,False,False,False,False,False,True,True,False,True,False,[],,"[{""categoryId"":""TRAVEL_PLACE"",""categoryName"":""여행·장소"",""score"":0.8},{""categoryId"":""CULTURE_CONTENT"",""categoryName"":""문화·콘텐츠"",""score"":0.6}]","[{""categoryId"":""TRAVEL_PLACE"",""categoryName"":""여행·장소"",""score"":0.8},{""categoryId"":""CULTURE_CONTENT"",""categoryName"":""문화·콘텐츠"",""score"":0.6}]",True,,,False,3450.0219
43,TEXT-043,split-with-description,split,True,1,숙소 예약 전에 확인할 내용,여행·장소/043-숙소 예약 전에 확인할 내용.txt,TRAVEL_PLACE,여행·장소,TRAVEL_PLACE,True,0.6,TRAVEL_PLACE,TRAVEL_PLACE,True,,0,1,True,True,EXACT_CORRECT,False,False,False,False,False,False,True,True,True,True,False,[],,"[{""categoryId"":""TRAVEL_PLACE"",""categoryName"":""여행·장소"",""score"":0.8},{""categoryId"":""SHOPPING_PRODUCT"",""categoryName"":""쇼핑·제품"",""score"":0.2}]","[{""categoryId"":""TRAVEL_PLACE"",""categoryName"":""여행·장소"",""score"":0.8},{""categoryId"":""SHOPPING_PRODUCT"",""categoryName"":""쇼핑·제품"",""score"":0.2}]",True,,,False,3286.8781
13,TEXT-013,split-with-description,split,True,1,텍스트-2026.07.20-1125,음식·맛집/013-텍스트-2026.07.20-1125.txt,FOOD_RESTAURANT,음식·맛집,FOOD_RESTAURANT,True,0.6,FOOD_RESTAURANT|TRAVEL_PLACE,FOOD_RESTAURANT|TRAVEL_PLACE,True,TRAVEL_PLACE,1,2,False,True,RELAXED_CORRECT,False,False,False,False,False,False,True,True,False,True,False,[],,"[{""categoryId"":""FOOD_RESTAURANT"",""categoryName"":""음식·맛집"",""score"":0.95},{""categoryId"":""TRAVEL_PLACE"",""categoryName"":""여행·장소"",""score"":0.75}]","[{""categoryId"":""FOOD_RESTAURANT"",""categoryName"":""음식·맛집"",""score"":0.95},{""categoryId"":""TRAVEL_PLACE"",""categoryName"":""여행·장소"",""score"":0.75}]",True,,,False,3485.492
14,TEXT-014,split-with-description,split,True,1,닭가슴살 볶음밥 레시피,음식·맛집/014-닭가슴살 볶음밥 레시피.txt,FOOD_RESTAURANT,음식·맛집,FOOD_RESTAURANT,True,0.6,FOOD_RESTAURANT,FOOD_RESTAURANT,True,,0,1,True,True,EXACT_CORRECT,False,False,False,False,False,False,True,True,True,True,False,[],,"[{""categoryId"":""FOOD_RESTAURANT"",""categoryName"":""음식·맛집"",""score"":1.0}]","[{""categoryId"":""FOOD_RESTAURANT"",""categoryName"":""음식·맛집"",""score"":1.0}]",True,,,False,2378.052
44,TEXT-044,split-with-description,split,True,1,성수동 파스타 식당,음식·맛집/044-성수동 파스타 식당.txt,FOOD_RESTAURANT,음식·맛집,FOOD_RESTAURANT,True,0.6,FOOD_RESTAURANT,FOOD_RESTAURANT,True,,0,1,True,True,EXACT_CORRECT,False,False,False,False,False,False,True,True,True,True,False,[],,"[{""categoryId"":""FOOD_RESTAURANT"",""categoryName"":""음식·맛집"",""score"":1.0}]","[{""categoryId"":""FOOD_RESTAURANT"",""categoryName"":""음식·맛집"",""score"":1.0}]",True,,,False,2237.2814
45,TEXT-045,split-with-description,split,True,1,텍스트-2026-07-09,음식·맛집/045-텍스트-2026-07-09.txt,FOOD_RESTAURANT,음식·맛집,FOOD_RESTAURANT,True,0.6,FOOD_RESTAURANT,FOOD_RESTAURANT,True,,0,1,True,True,EXACT_CORRECT,False,False,False,False,False,False,True,True,True,True,False,[],,"[{""categoryId"":""FOOD_RESTAURANT"",""categoryName"":""음식·맛집"",""score"":1.0}]","[{""categoryId"":""FOOD_RESTAURANT"",""categoryName"":""음식·맛집"",""score"":1.0}]",True,,,False,2150.976
46,TEXT-046,split-with-description,split,True,1,광주에서 늦게까지 하는 카페,음식·맛집/046-광주에서 늦게까지 하는 카페.txt,FOOD_RESTAURANT,음식·맛집,TRAVEL_PLACE,False,0.6,TRAVEL_PLACE|FOOD_RESTAURANT,TRAVEL_PLACE|FOOD_RESTAURANT,True,TRAVEL_PLACE,1,2,False,True,RELAXED_CORRECT,False,False,False,False,False,False,True,True,False,True,False,[],,"[{""categoryId"":""TRAVEL_PLACE"",""categoryName"":""여행·장소"",""score"":0.8},{""categoryId"":""FOOD_RESTAURANT"",""categoryName"":""음식·맛집"",""score"":0.7}]","[{""categoryId"":""TRAVEL_PLACE"",""categoryName"":""여행·장소"",""score"":0.8},{""categoryId"":""FOOD_RESTAURANT"",""categoryName"":""음식·맛집"",""score"":0.7}]",True,,,False,3655.7176
47,TEXT-047,split-with-description,split,True,1,냉동 만두를 바삭하게 굽는 방법,음식·맛집/047-냉동 만두를 바삭하게 굽는 방법.txt,FOOD_RESTAURANT,음식·맛집,FOOD_RESTAURANT,True,0.6,FOOD_RESTAURANT,FOOD_RESTAURANT,True,,0,1,True,True,EXACT_CORRECT,False,False,False,False,False,False,True,True,True,True,False,[],,"[{""categoryId"":""FOOD_RESTAURANT"",""categoryName"":""음식·맛집"",""score"":1.0}]","[{""categoryId"":""FOOD_RESTAURANT"",""categoryName"":""음식·맛집"",""score"":1.0}]",True,,,False,2253.8232
48,TEXT-048,split-with-description,split,True,1,제주 고기국수 후보,음식·맛집/048-제주 고기국수 후보.txt,FOOD_RESTAURANT,음식·맛집,FOOD_RESTAURANT,True,0.6,FOOD_RESTAURANT,FOOD_RESTAURANT,True,,0,1,True,True,EXACT_CORRECT,False,False,False,False,False,False,True,True,True,True,False,[],,"[{""categoryId"":""FOOD_RESTAURANT"",""categoryName"":""음식·맛집"",""score"":1.0}]","[{""categoryId"":""FOOD_RESTAURANT"",""categoryName"":""음식·맛집"",""score"":1.0}]",True,,,False,2288.0633
7,TEXT-007,split-with-description,split,True,1,텍스트-2026.07.20-1010,취업·커리어/007-텍스트-2026.07.20-1010.txt,CAREER,취업·커리어,LEARNING_KNOWLEDGE,False,0.6,LEARNING_KNOWLEDGE|CAREER,LEARNING_KNOWLEDGE|CAREER,True,LEARNING_KNOWLEDGE,1,2,False,True,RELAXED_CORRECT,False,False,False,False,False,False,True,True,False,True,False,[],,"[{""categoryId"":""LEARNING_KNOWLEDGE"",""categoryName"":""학습·지식"",""score"":0.9},{""categoryId"":""CAREER"",""categoryName"":""취업·커리어"",""score"":0.7}]","[{""categoryId"":""LEARNING_KNOWLEDGE"",""categoryName"":""학습·지식"",""score"":0.9},{""categoryId"":""CAREER"",""categoryName"":""취업·커리어"",""score"":0.7}]",True,,,False,3442.2279
8,TEXT-008,split-with-description,split,True,1,공기업 채용 공고 확인,취업·커리어/008-공기업 채용 공고 확인.txt,CAREER,취업·커리어,CAREER,True,0.6,CAREER,CAREER,True,,0,1,True,True,EXACT_CORRECT,False,False,False,False,False,False,True,True,True,True,False,[],,"[{""categoryId"":""CAREER"",""categoryName"":""취업·커리어"",""score"":1.0}]","[{""categoryId"":""CAREER"",""categoryName"":""취업·커리어"",""score"":1.0}]",True,,,False,2313.8586
34,TEXT-034,split-with-description,split,True,1,백엔드 개발자 채용 공고 확인,취업·커리어/034-백엔드 개발자 채용 공고 확인.txt,CAREER,취업·커리어,CAREER,True,0.6,CAREER,CAREER,True,,0,1,True,True,EXACT_CORRECT,False,False,False,False,False,False,True,True,True,True,False,[],,"[{""categoryId"":""CAREER"",""categoryName"":""취업·커리어"",""score"":1.0}]","[{""categoryId"":""CAREER"",""categoryName"":""취업·커리어"",""score"":1.0}]",True,,,False,2287.1717
35,TEXT-035,split-with-description,split,True,1,텍스트-2026-07-05,취업·커리어/035-텍스트-2026-07-05.txt,CAREER,취업·커리어,CAREER,True,0.6,CAREER,CAREER,True,,0,1,True,True,EXACT_CORRECT,False,False,False,False,False,False,True,True,True,True,False,[],,"[{""categoryId"":""CAREER"",""categoryName"":""취업·커리어"",""score"":1.0}]","[{""categoryId"":""CAREER"",""categoryName"":""취업·커리어"",""score"":1.0}]",True,,,False,2096.6032
36,TEXT-036,split-with-description,split,True,1,자기소개서 수정할 부분,취업·커리어/036-자기소개서 수정할 부분.txt,CAREER,취업·커리어,CAREER,True,0.6,CAREER,CAREER,True,,0,1,True,True,EXACT_CORRECT,False,False,False,False,False,False,True,True,True,True,False,[],,"[{""categoryId"":""CAREER"",""categoryName"":""취업·커리어"",""score"":1.0}]","[{""categoryId"":""CAREER"",""categoryName"":""취업·커리어"",""score"":1.0}]",True,,,False,2103.6283
37,TEXT-037,split-with-description,split,True,1,이직 전 확인할 조건,취업·커리어/037-이직 전 확인할 조건.txt,CAREER,취업·커리어,CAREER,True,0.6,CAREER,CAREER,True,,0,1,True,True,EXACT_CORRECT,False,False,False,False,False,False,True,True,True,True,False,[],,"[{""categoryId"":""CAREER"",""categoryName"":""취업·커리어"",""score"":1.0}]","[{""categoryId"":""CAREER"",""categoryName"":""취업·커리어"",""score"":1.0}]",True,,,False,2168.1773
38,TEXT-038,split-with-description,split,True,1,포트폴리오 프로젝트 설명 방식,취업·커리어/038-포트폴리오 프로젝트 설명 방식.txt,CAREER,취업·커리어,LEARNING_KNOWLEDGE,False,0.6,LEARNING_KNOWLEDGE,LEARNING_KNOWLEDGE,False,LEARNING_KNOWLEDGE,1,1,False,False,WRONG_MISSING_GOLD,False,True,False,False,False,False,False,False,False,False,False,[],MISSING_GOLD_CATEGORY,"[{""categoryId"":""LEARNING_KNOWLEDGE"",""categoryName"":""학습·지식"",""score"":0.9}]","[{""categoryId"":""LEARNING_KNOWLEDGE"",""categoryName"":""학습·지식"",""score"":0.9}]",True,,,False,2185.9338
1,TEXT-001,split-with-description,split,True,1,텍스트-2026.07.20-0905,학습·지식/001-텍스트-2026.07.20-0905.txt,LEARNING_KNOWLEDGE,학습·지식,LEARNING_KNOWLEDGE,True,0.6,LEARNING_KNOWLEDGE,LEARNING_KNOWLEDGE,True,,0,1,True,True,EXACT_CORRECT,False,False,False,False,False,False,True,True,True,True,False,[],,"[{""categoryId"":""LEARNING_KNOWLEDGE"",""categoryName"":""학습·지식"",""score"":0.95},{""categoryId"":""SHOPPING_PRODUCT"",""categoryName"":""쇼핑·제품"",""score"":0.05}]","[{""categoryId"":""LEARNING_KNOWLEDGE"",""categoryName"":""학습·지식"",""score"":0.95},{""categoryId"":""SHOPPING_PRODUCT"",""categoryName"":""쇼핑·제품"",""score"":0.05}]",True,,,False,3392.2852
2,TEXT-002,split-with-description,split,True,1,JWT 재발급 구조 정리,학습·지식/002-JWT 재발급 구조 정리.txt,LEARNING_KNOWLEDGE,학습·지식,LEARNING_KNOWLEDGE,True,0.6,LEARNING_KNOWLEDGE,LEARNING_KNOWLEDGE,True,,0,1,True,True,EXACT_CORRECT,False,False,False,False,False,False,True,True,True,True,False,[],,"[{""categoryId"":""LEARNING_KNOWLEDGE"",""categoryName"":""학습·지식"",""score"":1.0}]","[{""categoryId"":""LEARNING_KNOWLEDGE"",""categoryName"":""학습·지식"",""score"":1.0}]",True,,,False,2302.326
3,TEXT-003,split-with-description,split,True,1,텍스트-2026.07.20-0920,학습·지식/003-텍스트-2026.07.20-0920.txt,LEARNING_KNOWLEDGE,학습·지식,LEARNING_KNOWLEDGE,True,0.6,LEARNING_KNOWLEDGE,LEARNING_KNOWLEDGE,True,,0,1,True,True,EXACT_CORRECT,False,False,False,False,False,False,True,True,True,True,False,[],,"[{""categoryId"":""LEARNING_KNOWLEDGE"",""categoryName"":""학습·지식"",""score"":1.0}]","[{""categoryId"":""LEARNING_KNOWLEDGE"",""categoryName"":""학습·지식"",""score"":1.0}]",True,,,False,2339.9283
4,TEXT-004,split-with-description,split,True,1,SQLD 시험 공부 계획,학습·지식/004-SQLD 시험 공부 계획.txt,LEARNING_KNOWLEDGE,학습·지식,LEARNING_KNOWLEDGE,True,0.6,LEARNING_KNOWLEDGE,LEARNING_KNOWLEDGE,True,,0,1,True,True,EXACT_CORRECT,False,False,False,False,False,False,True,True,True,True,False,[],,"[{""categoryId"":""LEARNING_KNOWLEDGE"",""categoryName"":""학습·지식"",""score"":1.0}]","[{""categoryId"":""LEARNING_KNOWLEDGE"",""categoryName"":""학습·지식"",""score"":1.0}]",True,,,False,2251.9091
29,TEXT-029,split-with-description,split,True,1,Redis 큐에서 작업이 중복될 수 있는 이유,학습·지식/029-Redis 큐에서 작업이 중복될 수 있는 이유.txt,LEARNING_KNOWLEDGE,학습·지식,LEARNING_KNOWLEDGE,True,0.6,LEARNING_KNOWLEDGE,LEARNING_KNOWLEDGE,True,,0,1,True,True,EXACT_CORRECT,False,False,False,False,False,False,True,True,True,True,False,[],,"[{""categoryId"":""LEARNING_KNOWLEDGE"",""categoryName"":""학습·지식"",""score"":0.9},{""categoryId"":""OTHER"",""categoryName"":""기타"",""score"":0.1}]","[{""categoryId"":""LEARNING_KNOWLEDGE"",""categoryName"":""학습·지식"",""score"":0.9},{""categoryId"":""OTHER"",""categoryName"":""기타"",""score"":0.1}]",True,,,False,3198.1435
30,TEXT-030,split-with-description,split,True,1,텍스트-2026-07-03,학습·지식/030-텍스트-2026-07-03.txt,LEARNING_KNOWLEDGE,학습·지식,LEARNING_KNOWLEDGE,True,0.6,LEARNING_KNOWLEDGE,LEARNING_KNOWLEDGE,True,,0,1,True,True,EXACT_CORRECT,False,False,False,False,False,False,True,True,True,True,False,[],,"[{""categoryId"":""LEARNING_KNOWLEDGE"",""categoryName"":""학습·지식"",""score"":1.0}]","[{""categoryId"":""LEARNING_KNOWLEDGE"",""categoryName"":""학습·지식"",""score"":1.0}]",True,,,False,2232.9677
31,TEXT-031,split-with-description,split,True,1,사진 촬영에서 조리개의 역할,학습·지식/031-사진 촬영에서 조리개의 역할.txt,LEARNING_KNOWLEDGE,학습·지식,LEARNING_KNOWLEDGE,True,0.6,LEARNING_KNOWLEDGE,LEARNING_KNOWLEDGE,True,,0,1,True,True,EXACT_CORRECT,False,False,False,False,False,False,True,True,True,True,False,[],,"[{""categoryId"":""LEARNING_KNOWLEDGE"",""categoryName"":""학습·지식"",""score"":1.0}]","[{""categoryId"":""LEARNING_KNOWLEDGE"",""categoryName"":""학습·지식"",""score"":1.0}]",True,,,False,2286.6689
32,TEXT-032,split-with-description,split,True,1,전세와 월세의 차이 정리,학습·지식/032-전세와 월세의 차이 정리.txt,LEARNING_KNOWLEDGE,학습·지식,LEARNING_KNOWLEDGE,True,0.6,LEARNING_KNOWLEDGE,LEARNING_KNOWLEDGE,True,,0,1,True,True,EXACT_CORRECT,False,False,False,False,False,False,True,True,True,True,False,[],,"[{""categoryId"":""LEARNING_KNOWLEDGE"",""categoryName"":""학습·지식"",""score"":1.0}]","[{""categoryId"":""LEARNING_KNOWLEDGE"",""categoryName"":""학습·지식"",""score"":1.0}]",True,,,False,2290.0319
33,TEXT-033,split-with-description,split,True,1,좋은 발표 자료의 정보 구조,학습·지식/033-좋은 발표 자료의 정보 구조.txt,LEARNING_KNOWLEDGE,학습·지식,LEARNING_KNOWLEDGE,True,0.6,LEARNING_KNOWLEDGE,LEARNING_KNOWLEDGE,True,,0,1,True,True,EXACT_CORRECT,False,False,False,False,False,False,True,True,True,True,False,[],,"[{""categoryId"":""LEARNING_KNOWLEDGE"",""categoryName"":""학습·지식"",""score"":1.0}]","[{""categoryId"":""LEARNING_KNOWLEDGE"",""categoryName"":""학습·지식"",""score"":1.0}]",True,,,False,2193.7425
17,TEXT-017,split-with-description,split,True,1,텍스트-2026.07.20-1220,건강·운동/017-텍스트-2026.07.20-1220.txt,HEALTH_EXERCISE,건강·운동,HEALTH_EXERCISE,True,0.65,HEALTH_EXERCISE,HEALTH_EXERCISE,True,,0,1,True,True,EXACT_CORRECT,False,False,False,False,False,False,True,True,True,True,False,[],,"[{""categoryId"":""HEALTH_EXERCISE"",""categoryName"":""건강·운동"",""score"":1.0}]","[{""categoryId"":""HEALTH_EXERCISE"",""categoryName"":""건강·운동"",""score"":1.0}]",True,,,False,18957.4552
18,TEXT-018,split-with-description,split,True,1,주 3회 운동 계획,건강·운동/018-주 3회 운동 계획.txt,HEALTH_EXERCISE,건강·운동,HEALTH_EXERCISE,True,0.65,HEALTH_EXERCISE,HEALTH_EXERCISE,True,,0,1,True,True,EXACT_CORRECT,False,False,False,False,False,False,True,True,True,True,False,[],,"[{""categoryId"":""HEALTH_EXERCISE"",""categoryName"":""건강·운동"",""score"":1.0}]","[{""categoryId"":""HEALTH_EXERCISE"",""categoryName"":""건강·운동"",""score"":1.0}]",True,,,False,2315.2809
54,TEXT-054,split-with-description,split,True,1,허리 부담을 줄이는 스쿼트 자세,건강·운동/054-허리 부담을 줄이는 스쿼트 자세.txt,HEALTH_EXERCISE,건강·운동,HEALTH_EXERCISE,True,0.65,HEALTH_EXERCISE,HEALTH_EXERCISE,True,,0,1,True,True,EXACT_CORRECT,False,False,False,False,False,False,True,True,True,True,False,[],,"[{""categoryId"":""HEALTH_EXERCISE"",""categoryName"":""건강·운동"",""score"":1.0}]","[{""categoryId"":""HEALTH_EXERCISE"",""categoryName"":""건강·운동"",""score"":1.0}]",True,,,False,2234.3755
55,TEXT-055,split-with-description,split,True,1,텍스트-2026-07-13,건강·운동/055-텍스트-2026-07-13.txt,HEALTH_EXERCISE,건강·운동,HEALTH_EXERCISE,True,0.65,HEALTH_EXERCISE,HEALTH_EXERCISE,True,,0,1,True,True,EXACT_CORRECT,False,False,False,False,False,False,True,True,True,True,False,[],,"[{""categoryId"":""HEALTH_EXERCISE"",""categoryName"":""건강·운동"",""score"":0.8}]","[{""categoryId"":""HEALTH_EXERCISE"",""categoryName"":""건강·운동"",""score"":0.8}]",True,,,False,2261.4918
56,TEXT-056,split-with-description,split,True,1,러닝 초보자 주간 계획,건강·운동/056-러닝 초보자 주간 계획.txt,HEALTH_EXERCISE,건강·운동,HEALTH_EXERCISE,True,0.65,HEALTH_EXERCISE,HEALTH_EXERCISE,True,,0,1,True,True,EXACT_CORRECT,False,False,False,False,False,False,True,True,True,True,False,[],,"[{""categoryId"":""HEALTH_EXERCISE"",""categoryName"":""건강·운동"",""score"":1.0}]","[{""categoryId"":""HEALTH_EXERCISE"",""categoryName"":""건강·운동"",""score"":1.0}]",True,,,False,2135.1543
57,TEXT-057,split-with-description,split,True,1,장시간 앉아 있을 때 스트레칭,건강·운동/057-장시간 앉아 있을 때 스트레칭.txt,HEALTH_EXERCISE,건강·운동,HEALTH_EXERCISE,True,0.65,HEALTH_EXERCISE,HEALTH_EXERCISE,True,,0,1,True,True,EXACT_CORRECT,False,False,False,False,False,False,True,True,True,True,False,[],,"[{""categoryId"":""HEALTH_EXERCISE"",""categoryName"":""건강·운동"",""score"":1.0}]","[{""categoryId"":""HEALTH_EXERCISE"",""categoryName"":""건강·운동"",""score"":1.0}]",True,,,False,2153.9662
58,TEXT-058,split-with-description,split,True,1,운동 후 식사 구성,건강·운동/058-운동 후 식사 구성.txt,HEALTH_EXERCISE,건강·운동,HEALTH_EXERCISE,True,0.65,HEALTH_EXERCISE,HEALTH_EXERCISE,True,,0,1,True,True,EXACT_CORRECT,False,False,False,False,False,False,True,True,True,True,False,[],,"[{""categoryId"":""HEALTH_EXERCISE"",""categoryName"":""건강·운동"",""score"":0.9},{""categoryId"":""FOOD_RESTAURANT"",""categoryName"":""음식·맛집"",""score"":0.6}]","[{""categoryId"":""HEALTH_EXERCISE"",""categoryName"":""건강·운동"",""score"":0.9},{""categoryId"":""FOOD_RESTAURANT"",""categoryName"":""음식·맛집"",""score"":0.6}]",True,,,False,3461.3197
21,TEXT-021,split-with-description,split,True,1,텍스트-2026.07.20-1310,기타/021-텍스트-2026.07.20-1310.txt,OTHER,기타,IDEA_INSPIRATION,False,0.65,IDEA_INSPIRATION,IDEA_INSPIRATION,False,IDEA_INSPIRATION,1,1,False,False,WRONG_MISSING_GOLD,False,True,True,False,False,False,True,False,False,False,False,[],THRESHOLD_MISS,"[{""categoryId"":""IDEA_INSPIRATION"",""categoryName"":""아이디어·영감"",""score"":0.8},{""categoryId"":""OTHER"",""categoryName"":""기타"",""score"":0.2}]","[{""categoryId"":""IDEA_INSPIRATION"",""categoryName"":""아이디어·영감"",""score"":0.8},{""categoryId"":""OTHER"",""categoryName"":""기타"",""score"":0.2}]",True,,,False,3371.502
22,TEXT-022,split-with-description,split,True,1,텍스트-2026.07.20-1325,기타/022-텍스트-2026.07.20-1325.txt,OTHER,기타,IDEA_INSPIRATION,False,0.65,IDEA_INSPIRATION,IDEA_INSPIRATION,False,IDEA_INSPIRATION,1,1,False,False,WRONG_MISSING_GOLD,False,True,True,False,False,False,True,False,False,False,False,[],THRESHOLD_MISS,"[{""categoryId"":""IDEA_INSPIRATION"",""categoryName"":""아이디어·영감"",""score"":0.8},{""categoryId"":""OTHER"",""categoryName"":""기타"",""score"":0.2}]","[{""categoryId"":""IDEA_INSPIRATION"",""categoryName"":""아이디어·영감"",""score"":0.8},{""categoryId"":""OTHER"",""categoryName"":""기타"",""score"":0.2}]",True,,,False,3296.169
74,TEXT-074,split-with-description,split,True,1,텍스트-2026-07-21,기타/074-텍스트-2026-07-21.txt,OTHER,기타,,False,0.65,,OTHER,False,,0,0,False,False,EMPTY_PREDICTION,False,True,False,True,False,False,False,True,True,True,False,[],MISSING_GOLD_CATEGORY|EMPTY_PREDICTION|FALLBACK_USED,[],[],True,,,False,1048.6928
75,TEXT-075,split-with-description,split,True,1,확인할 문자열,기타/075-확인할 문자열.txt,OTHER,기타,,False,0.65,,OTHER,False,,0,0,False,False,EMPTY_PREDICTION,False,True,False,True,False,False,False,True,True,True,False,[],MISSING_GOLD_CATEGORY|EMPTY_PREDICTION|FALLBACK_USED,[],[],True,,,False,932.5669
76,TEXT-076,split-with-description,split,True,1,텍스트-2026-07-22,기타/076-텍스트-2026-07-22.txt,OTHER,기타,,False,0.65,,OTHER,False,,0,0,False,False,EMPTY_PREDICTION,False,True,False,True,False,False,False,True,True,True,False,[],MISSING_GOLD_CATEGORY|EMPTY_PREDICTION|FALLBACK_USED,[],[],True,,,False,904.1769
77,TEXT-077,split-with-description,split,True,1,내용을 확인할 수 없는 링크,기타/077-내용을 확인할 수 없는 링크.txt,OTHER,기타,,False,0.65,,OTHER,False,,0,0,False,False,EMPTY_PREDICTION,False,True,False,True,False,False,False,True,True,True,False,[],MISSING_GOLD_CATEGORY|EMPTY_PREDICTION|FALLBACK_USED,[],[],True,,,False,955.0275
78,TEXT-078,split-with-description,split,True,1,이미지 추출 실패,기타/078-이미지 추출 실패.txt,OTHER,기타,,False,0.65,,OTHER,False,,0,0,False,False,EMPTY_PREDICTION,False,True,False,True,False,False,False,True,True,True,False,[],MISSING_GOLD_CATEGORY|EMPTY_PREDICTION|FALLBACK_USED,[],[],True,,,False,931.4304
64,TEXT-064,split-with-description,split,True,1,월급 통장 나누는 방법,돈·재테크/064-월급 통장 나누는 방법.txt,MONEY_FINANCE,돈·재테크,MONEY_FINANCE,True,0.65,MONEY_FINANCE,MONEY_FINANCE,True,,0,1,True,True,EXACT_CORRECT,False,False,False,False,False,False,True,True,True,True,False,[],,"[{""categoryId"":""MONEY_FINANCE"",""categoryName"":""돈·재테크"",""score"":1.0}]","[{""categoryId"":""MONEY_FINANCE"",""categoryName"":""돈·재테크"",""score"":1.0}]",True,,,False,2172.3021
65,TEXT-065,split-with-description,split,True,1,텍스트-2026-07-17,돈·재테크/065-텍스트-2026-07-17.txt,MONEY_FINANCE,돈·재테크,MONEY_FINANCE,True,0.65,MONEY_FINANCE,MONEY_FINANCE,True,,0,1,True,True,EXACT_CORRECT,False,False,False,False,False,False,True,True,True,True,False,[],,"[{""categoryId"":""MONEY_FINANCE"",""categoryName"":""돈·재테크"",""score"":1.0}]","[{""categoryId"":""MONEY_FINANCE"",""categoryName"":""돈·재테크"",""score"":1.0}]",True,,,False,2118.1528
66,TEXT-066,split-with-description,split,True,1,카드 혜택 비교,돈·재테크/066-카드 혜택 비교.txt,MONEY_FINANCE,돈·재테크,SHOPPING_PRODUCT,False,0.65,SHOPPING_PRODUCT|MONEY_FINANCE,SHOPPING_PRODUCT|MONEY_FINANCE,True,SHOPPING_PRODUCT,1,2,False,True,RELAXED_CORRECT,False,False,False,False,False,False,True,True,False,True,False,[],,"[{""categoryId"":""SHOPPING_PRODUCT"",""categoryName"":""쇼핑·제품"",""score"":0.8},{""categoryId"":""MONEY_FINANCE"",""categoryName"":""돈·재테크"",""score"":0.7}]","[{""categoryId"":""SHOPPING_PRODUCT"",""categoryName"":""쇼핑·제품"",""score"":0.8},{""categoryId"":""MONEY_FINANCE"",""categoryName"":""돈·재테크"",""score"":0.7}]",True,,,False,3370.9498
67,TEXT-067,split-with-description,split,True,1,비상금 규모 정하기,돈·재테크/067-비상금 규모 정하기.txt,MONEY_FINANCE,돈·재테크,MONEY_FINANCE,True,0.65,MONEY_FINANCE,MONEY_FINANCE,True,,0,1,True,True,EXACT_CORRECT,False,False,False,False,False,False,True,True,True,True,False,[],,"[{""categoryId"":""MONEY_FINANCE"",""categoryName"":""돈·재테크"",""score"":1.0}]","[{""categoryId"":""MONEY_FINANCE"",""categoryName"":""돈·재테크"",""score"":1.0}]",True,,,False,2154.8082
68,TEXT-068,split-with-description,split,True,1,보험 가입 전에 확인할 내용,돈·재테크/068-보험 가입 전에 확인할 내용.txt,MONEY_FINANCE,돈·재테크,MONEY_FINANCE,True,0.65,MONEY_FINANCE,MONEY_FINANCE,True,,0,1,True,True,EXACT_CORRECT,False,False,False,False,False,False,True,True,True,True,False,[],,"[{""categoryId"":""MONEY_FINANCE"",""categoryName"":""돈·재테크"",""score"":1.0}]","[{""categoryId"":""MONEY_FINANCE"",""categoryName"":""돈·재테크"",""score"":1.0}]",True,,,False,2192.3975
19,TEXT-019,split-with-description,split,True,1,텍스트-2026.07.20-1245,문화·콘텐츠/019-텍스트-2026.07.20-1245.txt,CULTURE_CONTENT,문화·콘텐츠,CULTURE_CONTENT,True,0.65,CULTURE_CONTENT,CULTURE_CONTENT,True,,0,1,True,True,EXACT_CORRECT,False,False,False,False,False,False,True,True,True,True,False,[],,"[{""categoryId"":""CULTURE_CONTENT"",""categoryName"":""문화·콘텐츠"",""score"":0.8},{""categoryId"":""IDEA_INSPIRATION"",""categoryName"":""아이디어·영감"",""score"":0.6}]","[{""categoryId"":""CULTURE_CONTENT"",""categoryName"":""문화·콘텐츠"",""score"":0.8},{""categoryId"":""IDEA_INSPIRATION"",""categoryName"":""아이디어·영감"",""score"":0.6}]",True,,,False,3754.6293
20,TEXT-020,split-with-description,split,True,1,읽어볼 개발 에세이,문화·콘텐츠/020-읽어볼 개발 에세이.txt,CULTURE_CONTENT,문화·콘텐츠,CULTURE_CONTENT,True,0.65,CULTURE_CONTENT|LEARNING_KNOWLEDGE,CULTURE_CONTENT|LEARNING_KNOWLEDGE,True,LEARNING_KNOWLEDGE,1,2,False,True,RELAXED_CORRECT,False,False,False,False,False,False,True,True,False,True,False,[],,"[{""categoryId"":""CULTURE_CONTENT"",""categoryName"":""문화·콘텐츠"",""score"":0.8},{""categoryId"":""LEARNING_KNOWLEDGE"",""categoryName"":""학습·지식"",""score"":0.7}]","[{""categoryId"":""CULTURE_CONTENT"",""categoryName"":""문화·콘텐츠"",""score"":0.8},{""categoryId"":""LEARNING_KNOWLEDGE"",""categoryName"":""학습·지식"",""score"":0.7}]",True,,,False,3397.8205
59,TEXT-059,split-with-description,split,True,1,주말에 볼 영화 후보,문화·콘텐츠/059-주말에 볼 영화 후보.txt,CULTURE_CONTENT,문화·콘텐츠,CULTURE_CONTENT,True,0.65,CULTURE_CONTENT,CULTURE_CONTENT,True,,0,1,True,True,EXACT_CORRECT,False,False,False,False,False,False,True,True,True,True,False,[],,"[{""categoryId"":""CULTURE_CONTENT"",""categoryName"":""문화·콘텐츠"",""score"":0.9}]","[{""categoryId"":""CULTURE_CONTENT"",""categoryName"":""문화·콘텐츠"",""score"":0.9}]",True,,,False,2240.0769
60,TEXT-060,split-with-description,split,True,1,텍스트-2026-07-15,문화·콘텐츠/060-텍스트-2026-07-15.txt,CULTURE_CONTENT,문화·콘텐츠,CULTURE_CONTENT,True,0.65,CULTURE_CONTENT|LEARNING_KNOWLEDGE,CULTURE_CONTENT|LEARNING_KNOWLEDGE,True,LEARNING_KNOWLEDGE,1,2,False,True,RELAXED_CORRECT,False,False,False,False,False,False,True,True,False,True,False,[],,"[{""categoryId"":""CULTURE_CONTENT"",""categoryName"":""문화·콘텐츠"",""score"":0.9},{""categoryId"":""LEARNING_KNOWLEDGE"",""categoryName"":""학습·지식"",""score"":0.7}]","[{""categoryId"":""CULTURE_CONTENT"",""categoryName"":""문화·콘텐츠"",""score"":0.9},{""categoryId"":""LEARNING_KNOWLEDGE"",""categoryName"":""학습·지식"",""score"":0.7}]",True,,,False,3314.1739
61,TEXT-061,split-with-description,split,True,1,서울 사진전 정보,문화·콘텐츠/061-서울 사진전 정보.txt,CULTURE_CONTENT,문화·콘텐츠,CULTURE_CONTENT,True,0.65,CULTURE_CONTENT,CULTURE_CONTENT,True,,0,1,True,True,EXACT_CORRECT,False,False,False,False,False,False,True,True,True,True,False,[],,"[{""categoryId"":""CULTURE_CONTENT"",""categoryName"":""문화·콘텐츠"",""score"":0.9}]","[{""categoryId"":""CULTURE_CONTENT"",""categoryName"":""문화·콘텐츠"",""score"":0.9}]",True,,,False,2145.1953
62,TEXT-062,split-with-description,split,True,1,출근할 때 들을 음악,문화·콘텐츠/062-출근할 때 들을 음악.txt,CULTURE_CONTENT,문화·콘텐츠,FOOD_RESTAURANT,False,0.65,FOOD_RESTAURANT|CULTURE_CONTENT,FOOD_RESTAURANT|CULTURE_CONTENT,True,FOOD_RESTAURANT,1,2,False,True,RELAXED_CORRECT,False,False,False,False,False,False,True,True,False,True,False,[],,"[{""categoryId"":""FOOD_RESTAURANT"",""categoryName"":""음식·맛집"",""score"":0.8},{""categoryId"":""CULTURE_CONTENT"",""categoryName"":""문화·콘텐츠"",""score"":0.7}]","[{""categoryId"":""FOOD_RESTAURANT"",""categoryName"":""음식·맛집"",""score"":0.8},{""categoryId"":""CULTURE_CONTENT"",""categoryName"":""문화·콘텐츠"",""score"":0.7}]",True,,,False,3443.4588
63,TEXT-063,split-with-description,split,True,1,웹툰 추천 목록,문화·콘텐츠/063-웹툰 추천 목록.txt,CULTURE_CONTENT,문화·콘텐츠,CULTURE_CONTENT,True,0.65,CULTURE_CONTENT,CULTURE_CONTENT,True,,0,1,True,True,EXACT_CORRECT,False,False,False,False,False,False,True,True,True,True,False,[],,"[{""categoryId"":""CULTURE_CONTENT"",""categoryName"":""문화·콘텐츠"",""score"":1.0}]","[{""categoryId"":""CULTURE_CONTENT"",""categoryName"":""문화·콘텐츠"",""score"":1.0}]",True,,,False,2056.0155
6,TEXT-006,split-with-description,split,True,1,1주차 백로그 정리,생활·할 일/006-1주차 백로그 정리.txt,LIFE_TASK,생활·할 일,LEARNING_KNOWLEDGE,False,0.65,LEARNING_KNOWLEDGE,LEARNING_KNOWLEDGE,False,LEARNING_KNOWLEDGE,1,1,False,False,WRONG_MISSING_GOLD,False,True,False,False,False,False,False,False,False,False,False,[],MISSING_GOLD_CATEGORY,"[{""categoryId"":""LEARNING_KNOWLEDGE"",""categoryName"":""학습·지식"",""score"":0.8},{""categoryId"":""IDEA_INSPIRATION"",""categoryName"":""아이디어·영감"",""score"":0.6}]","[{""categoryId"":""LEARNING_KNOWLEDGE"",""categoryName"":""학습·지식"",""score"":0.8},{""categoryId"":""IDEA_INSPIRATION"",""categoryName"":""아이디어·영감"",""score"":0.6}]",True,,,False,3646.0784
9,TEXT-009,split-with-description,split,True,1,텍스트-2026.07.20-1035,생활·할 일/009-텍스트-2026.07.20-1035.txt,LIFE_TASK,생활·할 일,LIFE_TASK,True,0.65,LIFE_TASK,LIFE_TASK,True,,0,1,True,True,EXACT_CORRECT,False,False,False,False,False,False,True,True,True,True,False,[],,"[{""categoryId"":""LIFE_TASK"",""categoryName"":""생활·할 일"",""score"":1.0}]","[{""categoryId"":""LIFE_TASK"",""categoryName"":""생활·할 일"",""score"":1.0}]",True,,,False,2135.8138
10,TEXT-010,split-with-description,split,True,1,주말 방 정리 계획,생활·할 일/010-주말 방 정리 계획.txt,LIFE_TASK,생활·할 일,LIFE_TASK,True,0.65,LIFE_TASK,LIFE_TASK,True,,0,1,True,True,EXACT_CORRECT,False,False,False,False,False,False,True,True,True,True,False,[],,"[{""categoryId"":""LIFE_TASK"",""categoryName"":""생활·할 일"",""score"":1.0}]","[{""categoryId"":""LIFE_TASK"",""categoryName"":""생활·할 일"",""score"":1.0}]",True,,,False,1992.5273
24,TEXT-024,split-with-description,split,True,1,이사 전날 확인할 목록,생활·할 일/024-이사 전날 확인할 목록.txt,LIFE_TASK,생활·할 일,LIFE_TASK,True,0.65,LIFE_TASK,LIFE_TASK,True,,0,1,True,True,EXACT_CORRECT,False,False,False,False,False,False,True,True,True,True,False,[],,"[{""categoryId"":""LIFE_TASK"",""categoryName"":""생활·할 일"",""score"":1.0}]","[{""categoryId"":""LIFE_TASK"",""categoryName"":""생활·할 일"",""score"":1.0}]",True,,,False,1942.2974
25,TEXT-025,split-with-description,split,True,1,텍스트-2026-07-01,생활·할 일/025-텍스트-2026-07-01.txt,LIFE_TASK,생활·할 일,LIFE_TASK,True,0.65,LIFE_TASK,LIFE_TASK,True,,0,1,True,True,EXACT_CORRECT,False,False,False,False,False,False,True,True,True,True,False,[],,"[{""categoryId"":""LIFE_TASK"",""categoryName"":""생활·할 일"",""score"":1.0}]","[{""categoryId"":""LIFE_TASK"",""categoryName"":""생활·할 일"",""score"":1.0}]",True,,,False,2137.8618
26,TEXT-026,split-with-description,split,True,1,장마철 빨래 냄새 줄이는 방법,생활·할 일/026-장마철 빨래 냄새 줄이는 방법.txt,LIFE_TASK,생활·할 일,LIFE_TASK,True,0.65,LIFE_TASK,LIFE_TASK,True,,0,1,True,True,EXACT_CORRECT,False,False,False,False,False,False,True,True,True,True,False,[],,"[{""categoryId"":""LIFE_TASK"",""categoryName"":""생활·할 일"",""score"":1.0}]","[{""categoryId"":""LIFE_TASK"",""categoryName"":""생활·할 일"",""score"":1.0}]",True,,,False,2139.8985
27,TEXT-027,split-with-description,split,True,1,다음 주 일정 메모,생활·할 일/027-다음 주 일정 메모.txt,LIFE_TASK,생활·할 일,LIFE_TASK,True,0.65,LIFE_TASK,LIFE_TASK,True,,0,1,True,True,EXACT_CORRECT,False,False,False,False,False,False,True,True,True,True,False,[],,"[{""categoryId"":""LIFE_TASK"",""categoryName"":""생활·할 일"",""score"":1.0}]","[{""categoryId"":""LIFE_TASK"",""categoryName"":""생활·할 일"",""score"":1.0}]",True,,,False,1972.2406
28,TEXT-028,split-with-description,split,True,1,공과금 자동이체 변경 순서,생활·할 일/028-공과금 자동이체 변경 순서.txt,LIFE_TASK,생활·할 일,LIFE_TASK,True,0.65,LIFE_TASK,LIFE_TASK,True,,0,1,True,True,EXACT_CORRECT,False,False,False,False,False,False,True,True,True,True,False,[],,"[{""categoryId"":""LIFE_TASK"",""categoryName"":""생활·할 일"",""score"":1.0}]","[{""categoryId"":""LIFE_TASK"",""categoryName"":""생활·할 일"",""score"":1.0}]",True,,,False,1964.9647
23,TEXT-023,split-with-description,split,True,1,기숙사 준비물,생활·할 일/기숙사 준비물.txt,LIFE_TASK,생활·할 일,LIFE_TASK,True,0.65,LIFE_TASK,LIFE_TASK,True,,0,1,True,True,EXACT_CORRECT,False,False,False,False,False,False,True,True,True,True,False,[],,"[{""categoryId"":""LIFE_TASK"",""categoryName"":""생활·할 일"",""score"":1.0}]","[{""categoryId"":""LIFE_TASK"",""categoryName"":""생활·할 일"",""score"":1.0}]",True,,,False,2420.5424
11,TEXT-011,split-with-description,split,True,1,텍스트-2026.07.20-1100,쇼핑·제품/011-텍스트-2026.07.20-1100.txt,SHOPPING_PRODUCT,쇼핑·제품,SHOPPING_PRODUCT,True,0.65,SHOPPING_PRODUCT,SHOPPING_PRODUCT,True,,0,1,True,True,EXACT_CORRECT,False,False,False,False,False,False,True,True,True,True,False,[],,"[{""categoryId"":""SHOPPING_PRODUCT"",""categoryName"":""쇼핑·제품"",""score"":0.9},{""categoryId"":""LEARNING_KNOWLEDGE"",""categoryName"":""학습·지식"",""score"":0.6}]","[{""categoryId"":""SHOPPING_PRODUCT"",""categoryName"":""쇼핑·제품"",""score"":0.9},{""categoryId"":""LEARNING_KNOWLEDGE"",""categoryName"":""학습·지식"",""score"":0.6}]",True,,,False,3431.8361
12,TEXT-012,split-with-description,split,True,1,무선 키보드 구매 후보,쇼핑·제품/012-무선 키보드 구매 후보.txt,SHOPPING_PRODUCT,쇼핑·제품,SHOPPING_PRODUCT,True,0.65,SHOPPING_PRODUCT,SHOPPING_PRODUCT,True,,0,1,True,True,EXACT_CORRECT,False,False,False,False,False,False,True,True,True,True,False,[],,"[{""categoryId"":""SHOPPING_PRODUCT"",""categoryName"":""쇼핑·제품"",""score"":1.0}]","[{""categoryId"":""SHOPPING_PRODUCT"",""categoryName"":""쇼핑·제품"",""score"":1.0}]",True,,,False,2092.7276
49,TEXT-049,split-with-description,split,True,1,무선 키보드 비교,쇼핑·제품/049-무선 키보드 비교.txt,SHOPPING_PRODUCT,쇼핑·제품,SHOPPING_PRODUCT,True,0.65,SHOPPING_PRODUCT,SHOPPING_PRODUCT,True,,0,1,True,True,EXACT_CORRECT,False,False,False,False,False,False,True,True,True,True,False,[],,"[{""categoryId"":""SHOPPING_PRODUCT"",""categoryName"":""쇼핑·제품"",""score"":1.0}]","[{""categoryId"":""SHOPPING_PRODUCT"",""categoryName"":""쇼핑·제품"",""score"":1.0}]",True,,,False,2117.8622
50,TEXT-050,split-with-description,split,True,1,텍스트-2026-07-11,쇼핑·제품/050-텍스트-2026-07-11.txt,SHOPPING_PRODUCT,쇼핑·제품,SHOPPING_PRODUCT,True,0.65,SHOPPING_PRODUCT,SHOPPING_PRODUCT,True,,0,1,True,True,EXACT_CORRECT,False,False,False,False,False,False,True,True,True,True,False,[],,"[{""categoryId"":""SHOPPING_PRODUCT"",""categoryName"":""쇼핑·제품"",""score"":0.9}]","[{""categoryId"":""SHOPPING_PRODUCT"",""categoryName"":""쇼핑·제품"",""score"":0.9}]",True,,,False,2073.0665
51,TEXT-051,split-with-description,split,True,1,로봇청소기 구매 후보,쇼핑·제품/051-로봇청소기 구매 후보.txt,SHOPPING_PRODUCT,쇼핑·제품,SHOPPING_PRODUCT,True,0.65,SHOPPING_PRODUCT,SHOPPING_PRODUCT,True,,0,1,True,True,EXACT_CORRECT,False,False,False,False,False,False,True,True,True,True,False,[],,"[{""categoryId"":""SHOPPING_PRODUCT"",""categoryName"":""쇼핑·제품"",""score"":1.0}]","[{""categoryId"":""SHOPPING_PRODUCT"",""categoryName"":""쇼핑·제품"",""score"":1.0}]",True,,,False,2023.9858
52,TEXT-052,split-with-description,split,True,1,여행용 보조배터리 확인 사항,쇼핑·제품/052-여행용 보조배터리 확인 사항.txt,SHOPPING_PRODUCT,쇼핑·제품,SHOPPING_PRODUCT,True,0.65,SHOPPING_PRODUCT,SHOPPING_PRODUCT,True,,0,1,True,True,EXACT_CORRECT,False,False,False,False,False,False,True,True,True,True,False,[],,"[{""categoryId"":""SHOPPING_PRODUCT"",""categoryName"":""쇼핑·제품"",""score"":0.9},{""categoryId"":""TRAVEL_PLACE"",""categoryName"":""여행·장소"",""score"":0.6}]","[{""categoryId"":""SHOPPING_PRODUCT"",""categoryName"":""쇼핑·제품"",""score"":0.9},{""categoryId"":""TRAVEL_PLACE"",""categoryName"":""여행·장소"",""score"":0.6}]",True,,,False,3278.0322
53,TEXT-053,split-with-description,split,True,1,부모님 선물용 마사지기 후기,쇼핑·제품/053-부모님 선물용 마사지기 후기.txt,SHOPPING_PRODUCT,쇼핑·제품,SHOPPING_PRODUCT,True,0.65,SHOPPING_PRODUCT,SHOPPING_PRODUCT,True,,0,1,True,True,EXACT_CORRECT,False,False,False,False,False,False,True,True,True,True,False,[],,"[{""categoryId"":""SHOPPING_PRODUCT"",""categoryName"":""쇼핑·제품"",""score"":0.9}]","[{""categoryId"":""SHOPPING_PRODUCT"",""categoryName"":""쇼핑·제품"",""score"":0.9}]",True,,,False,2144.389
5,TEXT-005,split-with-description,split,True,1,텍스트-2026.07.20-0940,아이디어·영감/005-텍스트-2026.07.20-0940.txt,IDEA_INSPIRATION,아이디어·영감,IDEA_INSPIRATION,True,0.65,IDEA_INSPIRATION|LEARNING_KNOWLEDGE,IDEA_INSPIRATION|LEARNING_KNOWLEDGE,True,LEARNING_KNOWLEDGE,1,2,False,True,RELAXED_CORRECT,False,False,False,False,False,False,True,True,False,True,False,[],,"[{""categoryId"":""IDEA_INSPIRATION"",""categoryName"":""아이디어·영감"",""score"":0.85},{""categoryId"":""LEARNING_KNOWLEDGE"",""categoryName"":""학습·지식"",""score"":0.75}]","[{""categoryId"":""IDEA_INSPIRATION"",""categoryName"":""아이디어·영감"",""score"":0.85},{""categoryId"":""LEARNING_KNOWLEDGE"",""categoryName"":""학습·지식"",""score"":0.75}]",True,,,False,3788.9037
69,TEXT-069,split-with-description,split,True,1,앱 첫 화면 디자인 참고,아이디어·영감/069-앱 첫 화면 디자인 참고.txt,IDEA_INSPIRATION,아이디어·영감,IDEA_INSPIRATION,True,0.65,IDEA_INSPIRATION,IDEA_INSPIRATION,True,,0,1,True,True,EXACT_CORRECT,False,False,False,False,False,False,True,True,True,True,False,[],,"[{""categoryId"":""IDEA_INSPIRATION"",""categoryName"":""아이디어·영감"",""score"":0.8},{""categoryId"":""CULTURE_CONTENT"",""categoryName"":""문화·콘텐츠"",""score"":0.6}]","[{""categoryId"":""IDEA_INSPIRATION"",""categoryName"":""아이디어·영감"",""score"":0.8},{""categoryId"":""CULTURE_CONTENT"",""categoryName"":""문화·콘텐츠"",""score"":0.6}]",True,,,False,3589.3717
70,TEXT-070,split-with-description,split,True,1,텍스트-2026-07-19,아이디어·영감/070-텍스트-2026-07-19.txt,IDEA_INSPIRATION,아이디어·영감,IDEA_INSPIRATION,True,0.65,IDEA_INSPIRATION,IDEA_INSPIRATION,True,,0,1,True,True,EXACT_CORRECT,False,False,False,False,False,False,True,True,True,True,False,[],,"[{""categoryId"":""IDEA_INSPIRATION"",""categoryName"":""아이디어·영감"",""score"":0.8}]","[{""categoryId"":""IDEA_INSPIRATION"",""categoryName"":""아이디어·영감"",""score"":0.8}]",True,,,False,2333.378
71,TEXT-071,split-with-description,split,True,1,방 꾸미기 참고 이미지,아이디어·영감/071-방 꾸미기 참고 이미지.txt,IDEA_INSPIRATION,아이디어·영감,LIFE_TASK,False,0.65,LIFE_TASK,LIFE_TASK,False,LIFE_TASK,1,1,False,False,WRONG_MISSING_GOLD,False,True,False,False,False,False,False,False,False,False,False,[],MISSING_GOLD_CATEGORY,"[{""categoryId"":""LIFE_TASK"",""categoryName"":""생활·할 일"",""score"":0.8},{""categoryId"":""CULTURE_CONTENT"",""categoryName"":""문화·콘텐츠"",""score"":0.2}]","[{""categoryId"":""LIFE_TASK"",""categoryName"":""생활·할 일"",""score"":0.8},{""categoryId"":""CULTURE_CONTENT"",""categoryName"":""문화·콘텐츠"",""score"":0.2}]",True,,,False,3343.8321
72,TEXT-072,split-with-description,split,True,1,숏폼 콘텐츠 구성 방식,아이디어·영감/072-숏폼 콘텐츠 구성 방식.txt,IDEA_INSPIRATION,아이디어·영감,IDEA_INSPIRATION,True,0.65,IDEA_INSPIRATION,IDEA_INSPIRATION,True,,0,1,True,True,EXACT_CORRECT,False,False,False,False,False,False,True,True,True,True,False,[],,"[{""categoryId"":""IDEA_INSPIRATION"",""categoryName"":""아이디어·영감"",""score"":0.8},{""categoryId"":""CULTURE_CONTENT"",""categoryName"":""문화·콘텐츠"",""score"":0.6}]","[{""categoryId"":""IDEA_INSPIRATION"",""categoryName"":""아이디어·영감"",""score"":0.8},{""categoryId"":""CULTURE_CONTENT"",""categoryName"":""문화·콘텐츠"",""score"":0.6}]",True,,,False,3612.8716
73,TEXT-073,split-with-description,split,True,1,사진 구도 참고,아이디어·영감/073-사진 구도 참고.txt,IDEA_INSPIRATION,아이디어·영감,IDEA_INSPIRATION,True,0.65,IDEA_INSPIRATION,IDEA_INSPIRATION,True,,0,1,True,True,EXACT_CORRECT,False,False,False,False,False,False,True,True,True,True,False,[],,"[{""categoryId"":""IDEA_INSPIRATION"",""categoryName"":""아이디어·영감"",""score"":0.8},{""categoryId"":""CULTURE_CONTENT"",""categoryName"":""문화·콘텐츠"",""score"":0.6}]","[{""categoryId"":""IDEA_INSPIRATION"",""categoryName"":""아이디어·영감"",""score"":0.8},{""categoryId"":""CULTURE_CONTENT"",""categoryName"":""문화·콘텐츠"",""score"":0.6}]",True,,,False,3556.1057
15,TEXT-015,split-with-description,split,True,1,텍스트-2026.07.20-1150,여행·장소/015-텍스트-2026.07.20-1150.txt,TRAVEL_PLACE,여행·장소,TRAVEL_PLACE,True,0.65,TRAVEL_PLACE,TRAVEL_PLACE,True,,0,1,True,True,EXACT_CORRECT,False,False,False,False,False,False,True,True,True,True,False,[],,"[{""categoryId"":""TRAVEL_PLACE"",""categoryName"":""여행·장소"",""score"":0.95}]","[{""categoryId"":""TRAVEL_PLACE"",""categoryName"":""여행·장소"",""score"":0.95}]",True,,,False,2164.5824
16,TEXT-016,split-with-description,split,True,1,서울 전시회 방문 후보,여행·장소/016-서울 전시회 방문 후보.txt,TRAVEL_PLACE,여행·장소,TRAVEL_PLACE,True,0.65,TRAVEL_PLACE,TRAVEL_PLACE,True,,0,1,True,True,EXACT_CORRECT,False,False,False,False,False,False,True,True,True,True,False,[],,"[{""categoryId"":""TRAVEL_PLACE"",""categoryName"":""여행·장소"",""score"":0.9},{""categoryId"":""FOOD_RESTAURANT"",""categoryName"":""음식·맛집"",""score"":0.6}]","[{""categoryId"":""TRAVEL_PLACE"",""categoryName"":""여행·장소"",""score"":0.9},{""categoryId"":""FOOD_RESTAURANT"",""categoryName"":""음식·맛집"",""score"":0.6}]",True,,,False,3528.9414
39,TEXT-039,split-with-description,split,True,1,부산에서 일몰 보기 좋은 곳,여행·장소/039-부산에서 일몰 보기 좋은 곳.txt,TRAVEL_PLACE,여행·장소,TRAVEL_PLACE,True,0.65,TRAVEL_PLACE,TRAVEL_PLACE,True,,0,1,True,True,EXACT_CORRECT,False,False,False,False,False,False,True,True,True,True,False,[],,"[{""categoryId"":""TRAVEL_PLACE"",""categoryName"":""여행·장소"",""score"":0.9}]","[{""categoryId"":""TRAVEL_PLACE"",""categoryName"":""여행·장소"",""score"":0.9}]",True,,,False,2284.1292
40,TEXT-040,split-with-description,split,True,1,텍스트-2026-07-07,여행·장소/040-텍스트-2026-07-07.txt,TRAVEL_PLACE,여행·장소,TRAVEL_PLACE,True,0.65,TRAVEL_PLACE,TRAVEL_PLACE,True,,0,1,True,True,EXACT_CORRECT,False,False,False,False,False,False,True,True,True,True,False,[],,"[{""categoryId"":""TRAVEL_PLACE"",""categoryName"":""여행·장소"",""score"":0.8},{""categoryId"":""IDEA_INSPIRATION"",""categoryName"":""아이디어·영감"",""score"":0.6}]","[{""categoryId"":""TRAVEL_PLACE"",""categoryName"":""여행·장소"",""score"":0.8},{""categoryId"":""IDEA_INSPIRATION"",""categoryName"":""아이디어·영감"",""score"":0.6}]",True,,,False,3467.1585
41,TEXT-041,split-with-description,split,True,1,교토 버스 이용 팁,여행·장소/041-교토 버스 이용 팁.txt,TRAVEL_PLACE,여행·장소,TRAVEL_PLACE,True,0.65,TRAVEL_PLACE,TRAVEL_PLACE,True,,0,1,True,True,EXACT_CORRECT,False,False,False,False,False,False,True,True,True,True,False,[],,"[{""categoryId"":""TRAVEL_PLACE"",""categoryName"":""여행·장소"",""score"":0.8}]","[{""categoryId"":""TRAVEL_PLACE"",""categoryName"":""여행·장소"",""score"":0.8}]",True,,,False,2141.8961
42,TEXT-042,split-with-description,split,True,1,비 오는 날 서울에서 갈 곳,여행·장소/042-비 오는 날 서울에서 갈 곳.txt,TRAVEL_PLACE,여행·장소,TRAVEL_PLACE,True,0.65,TRAVEL_PLACE,TRAVEL_PLACE,True,,0,1,True,True,EXACT_CORRECT,False,False,False,False,False,False,True,True,True,True,False,[],,"[{""categoryId"":""TRAVEL_PLACE"",""categoryName"":""여행·장소"",""score"":0.8},{""categoryId"":""CULTURE_CONTENT"",""categoryName"":""문화·콘텐츠"",""score"":0.6}]","[{""categoryId"":""TRAVEL_PLACE"",""categoryName"":""여행·장소"",""score"":0.8},{""categoryId"":""CULTURE_CONTENT"",""categoryName"":""문화·콘텐츠"",""score"":0.6}]",True,,,False,3450.0219
43,TEXT-043,split-with-description,split,True,1,숙소 예약 전에 확인할 내용,여행·장소/043-숙소 예약 전에 확인할 내용.txt,TRAVEL_PLACE,여행·장소,TRAVEL_PLACE,True,0.65,TRAVEL_PLACE,TRAVEL_PLACE,True,,0,1,True,True,EXACT_CORRECT,False,False,False,False,False,False,True,True,True,True,False,[],,"[{""categoryId"":""TRAVEL_PLACE"",""categoryName"":""여행·장소"",""score"":0.8},{""categoryId"":""SHOPPING_PRODUCT"",""categoryName"":""쇼핑·제품"",""score"":0.2}]","[{""categoryId"":""TRAVEL_PLACE"",""categoryName"":""여행·장소"",""score"":0.8},{""categoryId"":""SHOPPING_PRODUCT"",""categoryName"":""쇼핑·제품"",""score"":0.2}]",True,,,False,3286.8781
13,TEXT-013,split-with-description,split,True,1,텍스트-2026.07.20-1125,음식·맛집/013-텍스트-2026.07.20-1125.txt,FOOD_RESTAURANT,음식·맛집,FOOD_RESTAURANT,True,0.65,FOOD_RESTAURANT|TRAVEL_PLACE,FOOD_RESTAURANT|TRAVEL_PLACE,True,TRAVEL_PLACE,1,2,False,True,RELAXED_CORRECT,False,False,False,False,False,False,True,True,False,True,False,[],,"[{""categoryId"":""FOOD_RESTAURANT"",""categoryName"":""음식·맛집"",""score"":0.95},{""categoryId"":""TRAVEL_PLACE"",""categoryName"":""여행·장소"",""score"":0.75}]","[{""categoryId"":""FOOD_RESTAURANT"",""categoryName"":""음식·맛집"",""score"":0.95},{""categoryId"":""TRAVEL_PLACE"",""categoryName"":""여행·장소"",""score"":0.75}]",True,,,False,3485.492
14,TEXT-014,split-with-description,split,True,1,닭가슴살 볶음밥 레시피,음식·맛집/014-닭가슴살 볶음밥 레시피.txt,FOOD_RESTAURANT,음식·맛집,FOOD_RESTAURANT,True,0.65,FOOD_RESTAURANT,FOOD_RESTAURANT,True,,0,1,True,True,EXACT_CORRECT,False,False,False,False,False,False,True,True,True,True,False,[],,"[{""categoryId"":""FOOD_RESTAURANT"",""categoryName"":""음식·맛집"",""score"":1.0}]","[{""categoryId"":""FOOD_RESTAURANT"",""categoryName"":""음식·맛집"",""score"":1.0}]",True,,,False,2378.052
44,TEXT-044,split-with-description,split,True,1,성수동 파스타 식당,음식·맛집/044-성수동 파스타 식당.txt,FOOD_RESTAURANT,음식·맛집,FOOD_RESTAURANT,True,0.65,FOOD_RESTAURANT,FOOD_RESTAURANT,True,,0,1,True,True,EXACT_CORRECT,False,False,False,False,False,False,True,True,True,True,False,[],,"[{""categoryId"":""FOOD_RESTAURANT"",""categoryName"":""음식·맛집"",""score"":1.0}]","[{""categoryId"":""FOOD_RESTAURANT"",""categoryName"":""음식·맛집"",""score"":1.0}]",True,,,False,2237.2814
45,TEXT-045,split-with-description,split,True,1,텍스트-2026-07-09,음식·맛집/045-텍스트-2026-07-09.txt,FOOD_RESTAURANT,음식·맛집,FOOD_RESTAURANT,True,0.65,FOOD_RESTAURANT,FOOD_RESTAURANT,True,,0,1,True,True,EXACT_CORRECT,False,False,False,False,False,False,True,True,True,True,False,[],,"[{""categoryId"":""FOOD_RESTAURANT"",""categoryName"":""음식·맛집"",""score"":1.0}]","[{""categoryId"":""FOOD_RESTAURANT"",""categoryName"":""음식·맛집"",""score"":1.0}]",True,,,False,2150.976
46,TEXT-046,split-with-description,split,True,1,광주에서 늦게까지 하는 카페,음식·맛집/046-광주에서 늦게까지 하는 카페.txt,FOOD_RESTAURANT,음식·맛집,TRAVEL_PLACE,False,0.65,TRAVEL_PLACE|FOOD_RESTAURANT,TRAVEL_PLACE|FOOD_RESTAURANT,True,TRAVEL_PLACE,1,2,False,True,RELAXED_CORRECT,False,False,False,False,False,False,True,True,False,True,False,[],,"[{""categoryId"":""TRAVEL_PLACE"",""categoryName"":""여행·장소"",""score"":0.8},{""categoryId"":""FOOD_RESTAURANT"",""categoryName"":""음식·맛집"",""score"":0.7}]","[{""categoryId"":""TRAVEL_PLACE"",""categoryName"":""여행·장소"",""score"":0.8},{""categoryId"":""FOOD_RESTAURANT"",""categoryName"":""음식·맛집"",""score"":0.7}]",True,,,False,3655.7176
47,TEXT-047,split-with-description,split,True,1,냉동 만두를 바삭하게 굽는 방법,음식·맛집/047-냉동 만두를 바삭하게 굽는 방법.txt,FOOD_RESTAURANT,음식·맛집,FOOD_RESTAURANT,True,0.65,FOOD_RESTAURANT,FOOD_RESTAURANT,True,,0,1,True,True,EXACT_CORRECT,False,False,False,False,False,False,True,True,True,True,False,[],,"[{""categoryId"":""FOOD_RESTAURANT"",""categoryName"":""음식·맛집"",""score"":1.0}]","[{""categoryId"":""FOOD_RESTAURANT"",""categoryName"":""음식·맛집"",""score"":1.0}]",True,,,False,2253.8232
48,TEXT-048,split-with-description,split,True,1,제주 고기국수 후보,음식·맛집/048-제주 고기국수 후보.txt,FOOD_RESTAURANT,음식·맛집,FOOD_RESTAURANT,True,0.65,FOOD_RESTAURANT,FOOD_RESTAURANT,True,,0,1,True,True,EXACT_CORRECT,False,False,False,False,False,False,True,True,True,True,False,[],,"[{""categoryId"":""FOOD_RESTAURANT"",""categoryName"":""음식·맛집"",""score"":1.0}]","[{""categoryId"":""FOOD_RESTAURANT"",""categoryName"":""음식·맛집"",""score"":1.0}]",True,,,False,2288.0633
7,TEXT-007,split-with-description,split,True,1,텍스트-2026.07.20-1010,취업·커리어/007-텍스트-2026.07.20-1010.txt,CAREER,취업·커리어,LEARNING_KNOWLEDGE,False,0.65,LEARNING_KNOWLEDGE|CAREER,LEARNING_KNOWLEDGE|CAREER,True,LEARNING_KNOWLEDGE,1,2,False,True,RELAXED_CORRECT,False,False,False,False,False,False,True,True,False,True,False,[],,"[{""categoryId"":""LEARNING_KNOWLEDGE"",""categoryName"":""학습·지식"",""score"":0.9},{""categoryId"":""CAREER"",""categoryName"":""취업·커리어"",""score"":0.7}]","[{""categoryId"":""LEARNING_KNOWLEDGE"",""categoryName"":""학습·지식"",""score"":0.9},{""categoryId"":""CAREER"",""categoryName"":""취업·커리어"",""score"":0.7}]",True,,,False,3442.2279
8,TEXT-008,split-with-description,split,True,1,공기업 채용 공고 확인,취업·커리어/008-공기업 채용 공고 확인.txt,CAREER,취업·커리어,CAREER,True,0.65,CAREER,CAREER,True,,0,1,True,True,EXACT_CORRECT,False,False,False,False,False,False,True,True,True,True,False,[],,"[{""categoryId"":""CAREER"",""categoryName"":""취업·커리어"",""score"":1.0}]","[{""categoryId"":""CAREER"",""categoryName"":""취업·커리어"",""score"":1.0}]",True,,,False,2313.8586
34,TEXT-034,split-with-description,split,True,1,백엔드 개발자 채용 공고 확인,취업·커리어/034-백엔드 개발자 채용 공고 확인.txt,CAREER,취업·커리어,CAREER,True,0.65,CAREER,CAREER,True,,0,1,True,True,EXACT_CORRECT,False,False,False,False,False,False,True,True,True,True,False,[],,"[{""categoryId"":""CAREER"",""categoryName"":""취업·커리어"",""score"":1.0}]","[{""categoryId"":""CAREER"",""categoryName"":""취업·커리어"",""score"":1.0}]",True,,,False,2287.1717
35,TEXT-035,split-with-description,split,True,1,텍스트-2026-07-05,취업·커리어/035-텍스트-2026-07-05.txt,CAREER,취업·커리어,CAREER,True,0.65,CAREER,CAREER,True,,0,1,True,True,EXACT_CORRECT,False,False,False,False,False,False,True,True,True,True,False,[],,"[{""categoryId"":""CAREER"",""categoryName"":""취업·커리어"",""score"":1.0}]","[{""categoryId"":""CAREER"",""categoryName"":""취업·커리어"",""score"":1.0}]",True,,,False,2096.6032
36,TEXT-036,split-with-description,split,True,1,자기소개서 수정할 부분,취업·커리어/036-자기소개서 수정할 부분.txt,CAREER,취업·커리어,CAREER,True,0.65,CAREER,CAREER,True,,0,1,True,True,EXACT_CORRECT,False,False,False,False,False,False,True,True,True,True,False,[],,"[{""categoryId"":""CAREER"",""categoryName"":""취업·커리어"",""score"":1.0}]","[{""categoryId"":""CAREER"",""categoryName"":""취업·커리어"",""score"":1.0}]",True,,,False,2103.6283
37,TEXT-037,split-with-description,split,True,1,이직 전 확인할 조건,취업·커리어/037-이직 전 확인할 조건.txt,CAREER,취업·커리어,CAREER,True,0.65,CAREER,CAREER,True,,0,1,True,True,EXACT_CORRECT,False,False,False,False,False,False,True,True,True,True,False,[],,"[{""categoryId"":""CAREER"",""categoryName"":""취업·커리어"",""score"":1.0}]","[{""categoryId"":""CAREER"",""categoryName"":""취업·커리어"",""score"":1.0}]",True,,,False,2168.1773
38,TEXT-038,split-with-description,split,True,1,포트폴리오 프로젝트 설명 방식,취업·커리어/038-포트폴리오 프로젝트 설명 방식.txt,CAREER,취업·커리어,LEARNING_KNOWLEDGE,False,0.65,LEARNING_KNOWLEDGE,LEARNING_KNOWLEDGE,False,LEARNING_KNOWLEDGE,1,1,False,False,WRONG_MISSING_GOLD,False,True,False,False,False,False,False,False,False,False,False,[],MISSING_GOLD_CATEGORY,"[{""categoryId"":""LEARNING_KNOWLEDGE"",""categoryName"":""학습·지식"",""score"":0.9}]","[{""categoryId"":""LEARNING_KNOWLEDGE"",""categoryName"":""학습·지식"",""score"":0.9}]",True,,,False,2185.9338
1,TEXT-001,split-with-description,split,True,1,텍스트-2026.07.20-0905,학습·지식/001-텍스트-2026.07.20-0905.txt,LEARNING_KNOWLEDGE,학습·지식,LEARNING_KNOWLEDGE,True,0.65,LEARNING_KNOWLEDGE,LEARNING_KNOWLEDGE,True,,0,1,True,True,EXACT_CORRECT,False,False,False,False,False,False,True,True,True,True,False,[],,"[{""categoryId"":""LEARNING_KNOWLEDGE"",""categoryName"":""학습·지식"",""score"":0.95},{""categoryId"":""SHOPPING_PRODUCT"",""categoryName"":""쇼핑·제품"",""score"":0.05}]","[{""categoryId"":""LEARNING_KNOWLEDGE"",""categoryName"":""학습·지식"",""score"":0.95},{""categoryId"":""SHOPPING_PRODUCT"",""categoryName"":""쇼핑·제품"",""score"":0.05}]",True,,,False,3392.2852
2,TEXT-002,split-with-description,split,True,1,JWT 재발급 구조 정리,학습·지식/002-JWT 재발급 구조 정리.txt,LEARNING_KNOWLEDGE,학습·지식,LEARNING_KNOWLEDGE,True,0.65,LEARNING_KNOWLEDGE,LEARNING_KNOWLEDGE,True,,0,1,True,True,EXACT_CORRECT,False,False,False,False,False,False,True,True,True,True,False,[],,"[{""categoryId"":""LEARNING_KNOWLEDGE"",""categoryName"":""학습·지식"",""score"":1.0}]","[{""categoryId"":""LEARNING_KNOWLEDGE"",""categoryName"":""학습·지식"",""score"":1.0}]",True,,,False,2302.326
3,TEXT-003,split-with-description,split,True,1,텍스트-2026.07.20-0920,학습·지식/003-텍스트-2026.07.20-0920.txt,LEARNING_KNOWLEDGE,학습·지식,LEARNING_KNOWLEDGE,True,0.65,LEARNING_KNOWLEDGE,LEARNING_KNOWLEDGE,True,,0,1,True,True,EXACT_CORRECT,False,False,False,False,False,False,True,True,True,True,False,[],,"[{""categoryId"":""LEARNING_KNOWLEDGE"",""categoryName"":""학습·지식"",""score"":1.0}]","[{""categoryId"":""LEARNING_KNOWLEDGE"",""categoryName"":""학습·지식"",""score"":1.0}]",True,,,False,2339.9283
4,TEXT-004,split-with-description,split,True,1,SQLD 시험 공부 계획,학습·지식/004-SQLD 시험 공부 계획.txt,LEARNING_KNOWLEDGE,학습·지식,LEARNING_KNOWLEDGE,True,0.65,LEARNING_KNOWLEDGE,LEARNING_KNOWLEDGE,True,,0,1,True,True,EXACT_CORRECT,False,False,False,False,False,False,True,True,True,True,False,[],,"[{""categoryId"":""LEARNING_KNOWLEDGE"",""categoryName"":""학습·지식"",""score"":1.0}]","[{""categoryId"":""LEARNING_KNOWLEDGE"",""categoryName"":""학습·지식"",""score"":1.0}]",True,,,False,2251.9091
29,TEXT-029,split-with-description,split,True,1,Redis 큐에서 작업이 중복될 수 있는 이유,학습·지식/029-Redis 큐에서 작업이 중복될 수 있는 이유.txt,LEARNING_KNOWLEDGE,학습·지식,LEARNING_KNOWLEDGE,True,0.65,LEARNING_KNOWLEDGE,LEARNING_KNOWLEDGE,True,,0,1,True,True,EXACT_CORRECT,False,False,False,False,False,False,True,True,True,True,False,[],,"[{""categoryId"":""LEARNING_KNOWLEDGE"",""categoryName"":""학습·지식"",""score"":0.9},{""categoryId"":""OTHER"",""categoryName"":""기타"",""score"":0.1}]","[{""categoryId"":""LEARNING_KNOWLEDGE"",""categoryName"":""학습·지식"",""score"":0.9},{""categoryId"":""OTHER"",""categoryName"":""기타"",""score"":0.1}]",True,,,False,3198.1435
30,TEXT-030,split-with-description,split,True,1,텍스트-2026-07-03,학습·지식/030-텍스트-2026-07-03.txt,LEARNING_KNOWLEDGE,학습·지식,LEARNING_KNOWLEDGE,True,0.65,LEARNING_KNOWLEDGE,LEARNING_KNOWLEDGE,True,,0,1,True,True,EXACT_CORRECT,False,False,False,False,False,False,True,True,True,True,False,[],,"[{""categoryId"":""LEARNING_KNOWLEDGE"",""categoryName"":""학습·지식"",""score"":1.0}]","[{""categoryId"":""LEARNING_KNOWLEDGE"",""categoryName"":""학습·지식"",""score"":1.0}]",True,,,False,2232.9677
31,TEXT-031,split-with-description,split,True,1,사진 촬영에서 조리개의 역할,학습·지식/031-사진 촬영에서 조리개의 역할.txt,LEARNING_KNOWLEDGE,학습·지식,LEARNING_KNOWLEDGE,True,0.65,LEARNING_KNOWLEDGE,LEARNING_KNOWLEDGE,True,,0,1,True,True,EXACT_CORRECT,False,False,False,False,False,False,True,True,True,True,False,[],,"[{""categoryId"":""LEARNING_KNOWLEDGE"",""categoryName"":""학습·지식"",""score"":1.0}]","[{""categoryId"":""LEARNING_KNOWLEDGE"",""categoryName"":""학습·지식"",""score"":1.0}]",True,,,False,2286.6689
32,TEXT-032,split-with-description,split,True,1,전세와 월세의 차이 정리,학습·지식/032-전세와 월세의 차이 정리.txt,LEARNING_KNOWLEDGE,학습·지식,LEARNING_KNOWLEDGE,True,0.65,LEARNING_KNOWLEDGE,LEARNING_KNOWLEDGE,True,,0,1,True,True,EXACT_CORRECT,False,False,False,False,False,False,True,True,True,True,False,[],,"[{""categoryId"":""LEARNING_KNOWLEDGE"",""categoryName"":""학습·지식"",""score"":1.0}]","[{""categoryId"":""LEARNING_KNOWLEDGE"",""categoryName"":""학습·지식"",""score"":1.0}]",True,,,False,2290.0319
33,TEXT-033,split-with-description,split,True,1,좋은 발표 자료의 정보 구조,학습·지식/033-좋은 발표 자료의 정보 구조.txt,LEARNING_KNOWLEDGE,학습·지식,LEARNING_KNOWLEDGE,True,0.65,LEARNING_KNOWLEDGE,LEARNING_KNOWLEDGE,True,,0,1,True,True,EXACT_CORRECT,False,False,False,False,False,False,True,True,True,True,False,[],,"[{""categoryId"":""LEARNING_KNOWLEDGE"",""categoryName"":""학습·지식"",""score"":1.0}]","[{""categoryId"":""LEARNING_KNOWLEDGE"",""categoryName"":""학습·지식"",""score"":1.0}]",True,,,False,2193.7425
17,TEXT-017,split-with-description,split,True,1,텍스트-2026.07.20-1220,건강·운동/017-텍스트-2026.07.20-1220.txt,HEALTH_EXERCISE,건강·운동,HEALTH_EXERCISE,True,0.7,HEALTH_EXERCISE,HEALTH_EXERCISE,True,,0,1,True,True,EXACT_CORRECT,False,False,False,False,False,False,True,True,True,True,False,[],,"[{""categoryId"":""HEALTH_EXERCISE"",""categoryName"":""건강·운동"",""score"":1.0}]","[{""categoryId"":""HEALTH_EXERCISE"",""categoryName"":""건강·운동"",""score"":1.0}]",True,,,False,18957.4552
18,TEXT-018,split-with-description,split,True,1,주 3회 운동 계획,건강·운동/018-주 3회 운동 계획.txt,HEALTH_EXERCISE,건강·운동,HEALTH_EXERCISE,True,0.7,HEALTH_EXERCISE,HEALTH_EXERCISE,True,,0,1,True,True,EXACT_CORRECT,False,False,False,False,False,False,True,True,True,True,False,[],,"[{""categoryId"":""HEALTH_EXERCISE"",""categoryName"":""건강·운동"",""score"":1.0}]","[{""categoryId"":""HEALTH_EXERCISE"",""categoryName"":""건강·운동"",""score"":1.0}]",True,,,False,2315.2809
54,TEXT-054,split-with-description,split,True,1,허리 부담을 줄이는 스쿼트 자세,건강·운동/054-허리 부담을 줄이는 스쿼트 자세.txt,HEALTH_EXERCISE,건강·운동,HEALTH_EXERCISE,True,0.7,HEALTH_EXERCISE,HEALTH_EXERCISE,True,,0,1,True,True,EXACT_CORRECT,False,False,False,False,False,False,True,True,True,True,False,[],,"[{""categoryId"":""HEALTH_EXERCISE"",""categoryName"":""건강·운동"",""score"":1.0}]","[{""categoryId"":""HEALTH_EXERCISE"",""categoryName"":""건강·운동"",""score"":1.0}]",True,,,False,2234.3755
55,TEXT-055,split-with-description,split,True,1,텍스트-2026-07-13,건강·운동/055-텍스트-2026-07-13.txt,HEALTH_EXERCISE,건강·운동,HEALTH_EXERCISE,True,0.7,HEALTH_EXERCISE,HEALTH_EXERCISE,True,,0,1,True,True,EXACT_CORRECT,False,False,False,False,False,False,True,True,True,True,False,[],,"[{""categoryId"":""HEALTH_EXERCISE"",""categoryName"":""건강·운동"",""score"":0.8}]","[{""categoryId"":""HEALTH_EXERCISE"",""categoryName"":""건강·운동"",""score"":0.8}]",True,,,False,2261.4918
56,TEXT-056,split-with-description,split,True,1,러닝 초보자 주간 계획,건강·운동/056-러닝 초보자 주간 계획.txt,HEALTH_EXERCISE,건강·운동,HEALTH_EXERCISE,True,0.7,HEALTH_EXERCISE,HEALTH_EXERCISE,True,,0,1,True,True,EXACT_CORRECT,False,False,False,False,False,False,True,True,True,True,False,[],,"[{""categoryId"":""HEALTH_EXERCISE"",""categoryName"":""건강·운동"",""score"":1.0}]","[{""categoryId"":""HEALTH_EXERCISE"",""categoryName"":""건강·운동"",""score"":1.0}]",True,,,False,2135.1543
57,TEXT-057,split-with-description,split,True,1,장시간 앉아 있을 때 스트레칭,건강·운동/057-장시간 앉아 있을 때 스트레칭.txt,HEALTH_EXERCISE,건강·운동,HEALTH_EXERCISE,True,0.7,HEALTH_EXERCISE,HEALTH_EXERCISE,True,,0,1,True,True,EXACT_CORRECT,False,False,False,False,False,False,True,True,True,True,False,[],,"[{""categoryId"":""HEALTH_EXERCISE"",""categoryName"":""건강·운동"",""score"":1.0}]","[{""categoryId"":""HEALTH_EXERCISE"",""categoryName"":""건강·운동"",""score"":1.0}]",True,,,False,2153.9662
58,TEXT-058,split-with-description,split,True,1,운동 후 식사 구성,건강·운동/058-운동 후 식사 구성.txt,HEALTH_EXERCISE,건강·운동,HEALTH_EXERCISE,True,0.7,HEALTH_EXERCISE,HEALTH_EXERCISE,True,,0,1,True,True,EXACT_CORRECT,False,False,False,False,False,False,True,True,True,True,False,[],,"[{""categoryId"":""HEALTH_EXERCISE"",""categoryName"":""건강·운동"",""score"":0.9},{""categoryId"":""FOOD_RESTAURANT"",""categoryName"":""음식·맛집"",""score"":0.6}]","[{""categoryId"":""HEALTH_EXERCISE"",""categoryName"":""건강·운동"",""score"":0.9},{""categoryId"":""FOOD_RESTAURANT"",""categoryName"":""음식·맛집"",""score"":0.6}]",True,,,False,3461.3197
21,TEXT-021,split-with-description,split,True,1,텍스트-2026.07.20-1310,기타/021-텍스트-2026.07.20-1310.txt,OTHER,기타,IDEA_INSPIRATION,False,0.7,IDEA_INSPIRATION,IDEA_INSPIRATION,False,IDEA_INSPIRATION,1,1,False,False,WRONG_MISSING_GOLD,False,True,True,False,False,False,True,False,False,False,False,[],THRESHOLD_MISS,"[{""categoryId"":""IDEA_INSPIRATION"",""categoryName"":""아이디어·영감"",""score"":0.8},{""categoryId"":""OTHER"",""categoryName"":""기타"",""score"":0.2}]","[{""categoryId"":""IDEA_INSPIRATION"",""categoryName"":""아이디어·영감"",""score"":0.8},{""categoryId"":""OTHER"",""categoryName"":""기타"",""score"":0.2}]",True,,,False,3371.502
22,TEXT-022,split-with-description,split,True,1,텍스트-2026.07.20-1325,기타/022-텍스트-2026.07.20-1325.txt,OTHER,기타,IDEA_INSPIRATION,False,0.7,IDEA_INSPIRATION,IDEA_INSPIRATION,False,IDEA_INSPIRATION,1,1,False,False,WRONG_MISSING_GOLD,False,True,True,False,False,False,True,False,False,False,False,[],THRESHOLD_MISS,"[{""categoryId"":""IDEA_INSPIRATION"",""categoryName"":""아이디어·영감"",""score"":0.8},{""categoryId"":""OTHER"",""categoryName"":""기타"",""score"":0.2}]","[{""categoryId"":""IDEA_INSPIRATION"",""categoryName"":""아이디어·영감"",""score"":0.8},{""categoryId"":""OTHER"",""categoryName"":""기타"",""score"":0.2}]",True,,,False,3296.169
74,TEXT-074,split-with-description,split,True,1,텍스트-2026-07-21,기타/074-텍스트-2026-07-21.txt,OTHER,기타,,False,0.7,,OTHER,False,,0,0,False,False,EMPTY_PREDICTION,False,True,False,True,False,False,False,True,True,True,False,[],MISSING_GOLD_CATEGORY|EMPTY_PREDICTION|FALLBACK_USED,[],[],True,,,False,1048.6928
75,TEXT-075,split-with-description,split,True,1,확인할 문자열,기타/075-확인할 문자열.txt,OTHER,기타,,False,0.7,,OTHER,False,,0,0,False,False,EMPTY_PREDICTION,False,True,False,True,False,False,False,True,True,True,False,[],MISSING_GOLD_CATEGORY|EMPTY_PREDICTION|FALLBACK_USED,[],[],True,,,False,932.5669
76,TEXT-076,split-with-description,split,True,1,텍스트-2026-07-22,기타/076-텍스트-2026-07-22.txt,OTHER,기타,,False,0.7,,OTHER,False,,0,0,False,False,EMPTY_PREDICTION,False,True,False,True,False,False,False,True,True,True,False,[],MISSING_GOLD_CATEGORY|EMPTY_PREDICTION|FALLBACK_USED,[],[],True,,,False,904.1769
77,TEXT-077,split-with-description,split,True,1,내용을 확인할 수 없는 링크,기타/077-내용을 확인할 수 없는 링크.txt,OTHER,기타,,False,0.7,,OTHER,False,,0,0,False,False,EMPTY_PREDICTION,False,True,False,True,False,False,False,True,True,True,False,[],MISSING_GOLD_CATEGORY|EMPTY_PREDICTION|FALLBACK_USED,[],[],True,,,False,955.0275
78,TEXT-078,split-with-description,split,True,1,이미지 추출 실패,기타/078-이미지 추출 실패.txt,OTHER,기타,,False,0.7,,OTHER,False,,0,0,False,False,EMPTY_PREDICTION,False,True,False,True,False,False,False,True,True,True,False,[],MISSING_GOLD_CATEGORY|EMPTY_PREDICTION|FALLBACK_USED,[],[],True,,,False,931.4304
64,TEXT-064,split-with-description,split,True,1,월급 통장 나누는 방법,돈·재테크/064-월급 통장 나누는 방법.txt,MONEY_FINANCE,돈·재테크,MONEY_FINANCE,True,0.7,MONEY_FINANCE,MONEY_FINANCE,True,,0,1,True,True,EXACT_CORRECT,False,False,False,False,False,False,True,True,True,True,False,[],,"[{""categoryId"":""MONEY_FINANCE"",""categoryName"":""돈·재테크"",""score"":1.0}]","[{""categoryId"":""MONEY_FINANCE"",""categoryName"":""돈·재테크"",""score"":1.0}]",True,,,False,2172.3021
65,TEXT-065,split-with-description,split,True,1,텍스트-2026-07-17,돈·재테크/065-텍스트-2026-07-17.txt,MONEY_FINANCE,돈·재테크,MONEY_FINANCE,True,0.7,MONEY_FINANCE,MONEY_FINANCE,True,,0,1,True,True,EXACT_CORRECT,False,False,False,False,False,False,True,True,True,True,False,[],,"[{""categoryId"":""MONEY_FINANCE"",""categoryName"":""돈·재테크"",""score"":1.0}]","[{""categoryId"":""MONEY_FINANCE"",""categoryName"":""돈·재테크"",""score"":1.0}]",True,,,False,2118.1528
66,TEXT-066,split-with-description,split,True,1,카드 혜택 비교,돈·재테크/066-카드 혜택 비교.txt,MONEY_FINANCE,돈·재테크,SHOPPING_PRODUCT,False,0.7,SHOPPING_PRODUCT|MONEY_FINANCE,SHOPPING_PRODUCT|MONEY_FINANCE,True,SHOPPING_PRODUCT,1,2,False,True,RELAXED_CORRECT,False,False,False,False,False,False,True,True,False,True,False,[],,"[{""categoryId"":""SHOPPING_PRODUCT"",""categoryName"":""쇼핑·제품"",""score"":0.8},{""categoryId"":""MONEY_FINANCE"",""categoryName"":""돈·재테크"",""score"":0.7}]","[{""categoryId"":""SHOPPING_PRODUCT"",""categoryName"":""쇼핑·제품"",""score"":0.8},{""categoryId"":""MONEY_FINANCE"",""categoryName"":""돈·재테크"",""score"":0.7}]",True,,,False,3370.9498
67,TEXT-067,split-with-description,split,True,1,비상금 규모 정하기,돈·재테크/067-비상금 규모 정하기.txt,MONEY_FINANCE,돈·재테크,MONEY_FINANCE,True,0.7,MONEY_FINANCE,MONEY_FINANCE,True,,0,1,True,True,EXACT_CORRECT,False,False,False,False,False,False,True,True,True,True,False,[],,"[{""categoryId"":""MONEY_FINANCE"",""categoryName"":""돈·재테크"",""score"":1.0}]","[{""categoryId"":""MONEY_FINANCE"",""categoryName"":""돈·재테크"",""score"":1.0}]",True,,,False,2154.8082
68,TEXT-068,split-with-description,split,True,1,보험 가입 전에 확인할 내용,돈·재테크/068-보험 가입 전에 확인할 내용.txt,MONEY_FINANCE,돈·재테크,MONEY_FINANCE,True,0.7,MONEY_FINANCE,MONEY_FINANCE,True,,0,1,True,True,EXACT_CORRECT,False,False,False,False,False,False,True,True,True,True,False,[],,"[{""categoryId"":""MONEY_FINANCE"",""categoryName"":""돈·재테크"",""score"":1.0}]","[{""categoryId"":""MONEY_FINANCE"",""categoryName"":""돈·재테크"",""score"":1.0}]",True,,,False,2192.3975
19,TEXT-019,split-with-description,split,True,1,텍스트-2026.07.20-1245,문화·콘텐츠/019-텍스트-2026.07.20-1245.txt,CULTURE_CONTENT,문화·콘텐츠,CULTURE_CONTENT,True,0.7,CULTURE_CONTENT,CULTURE_CONTENT,True,,0,1,True,True,EXACT_CORRECT,False,False,False,False,False,False,True,True,True,True,False,[],,"[{""categoryId"":""CULTURE_CONTENT"",""categoryName"":""문화·콘텐츠"",""score"":0.8},{""categoryId"":""IDEA_INSPIRATION"",""categoryName"":""아이디어·영감"",""score"":0.6}]","[{""categoryId"":""CULTURE_CONTENT"",""categoryName"":""문화·콘텐츠"",""score"":0.8},{""categoryId"":""IDEA_INSPIRATION"",""categoryName"":""아이디어·영감"",""score"":0.6}]",True,,,False,3754.6293
20,TEXT-020,split-with-description,split,True,1,읽어볼 개발 에세이,문화·콘텐츠/020-읽어볼 개발 에세이.txt,CULTURE_CONTENT,문화·콘텐츠,CULTURE_CONTENT,True,0.7,CULTURE_CONTENT|LEARNING_KNOWLEDGE,CULTURE_CONTENT|LEARNING_KNOWLEDGE,True,LEARNING_KNOWLEDGE,1,2,False,True,RELAXED_CORRECT,False,False,False,False,False,False,True,True,False,True,False,[],,"[{""categoryId"":""CULTURE_CONTENT"",""categoryName"":""문화·콘텐츠"",""score"":0.8},{""categoryId"":""LEARNING_KNOWLEDGE"",""categoryName"":""학습·지식"",""score"":0.7}]","[{""categoryId"":""CULTURE_CONTENT"",""categoryName"":""문화·콘텐츠"",""score"":0.8},{""categoryId"":""LEARNING_KNOWLEDGE"",""categoryName"":""학습·지식"",""score"":0.7}]",True,,,False,3397.8205
59,TEXT-059,split-with-description,split,True,1,주말에 볼 영화 후보,문화·콘텐츠/059-주말에 볼 영화 후보.txt,CULTURE_CONTENT,문화·콘텐츠,CULTURE_CONTENT,True,0.7,CULTURE_CONTENT,CULTURE_CONTENT,True,,0,1,True,True,EXACT_CORRECT,False,False,False,False,False,False,True,True,True,True,False,[],,"[{""categoryId"":""CULTURE_CONTENT"",""categoryName"":""문화·콘텐츠"",""score"":0.9}]","[{""categoryId"":""CULTURE_CONTENT"",""categoryName"":""문화·콘텐츠"",""score"":0.9}]",True,,,False,2240.0769
60,TEXT-060,split-with-description,split,True,1,텍스트-2026-07-15,문화·콘텐츠/060-텍스트-2026-07-15.txt,CULTURE_CONTENT,문화·콘텐츠,CULTURE_CONTENT,True,0.7,CULTURE_CONTENT|LEARNING_KNOWLEDGE,CULTURE_CONTENT|LEARNING_KNOWLEDGE,True,LEARNING_KNOWLEDGE,1,2,False,True,RELAXED_CORRECT,False,False,False,False,False,False,True,True,False,True,False,[],,"[{""categoryId"":""CULTURE_CONTENT"",""categoryName"":""문화·콘텐츠"",""score"":0.9},{""categoryId"":""LEARNING_KNOWLEDGE"",""categoryName"":""학습·지식"",""score"":0.7}]","[{""categoryId"":""CULTURE_CONTENT"",""categoryName"":""문화·콘텐츠"",""score"":0.9},{""categoryId"":""LEARNING_KNOWLEDGE"",""categoryName"":""학습·지식"",""score"":0.7}]",True,,,False,3314.1739
61,TEXT-061,split-with-description,split,True,1,서울 사진전 정보,문화·콘텐츠/061-서울 사진전 정보.txt,CULTURE_CONTENT,문화·콘텐츠,CULTURE_CONTENT,True,0.7,CULTURE_CONTENT,CULTURE_CONTENT,True,,0,1,True,True,EXACT_CORRECT,False,False,False,False,False,False,True,True,True,True,False,[],,"[{""categoryId"":""CULTURE_CONTENT"",""categoryName"":""문화·콘텐츠"",""score"":0.9}]","[{""categoryId"":""CULTURE_CONTENT"",""categoryName"":""문화·콘텐츠"",""score"":0.9}]",True,,,False,2145.1953
62,TEXT-062,split-with-description,split,True,1,출근할 때 들을 음악,문화·콘텐츠/062-출근할 때 들을 음악.txt,CULTURE_CONTENT,문화·콘텐츠,FOOD_RESTAURANT,False,0.7,FOOD_RESTAURANT|CULTURE_CONTENT,FOOD_RESTAURANT|CULTURE_CONTENT,True,FOOD_RESTAURANT,1,2,False,True,RELAXED_CORRECT,False,False,False,False,False,False,True,True,False,True,False,[],,"[{""categoryId"":""FOOD_RESTAURANT"",""categoryName"":""음식·맛집"",""score"":0.8},{""categoryId"":""CULTURE_CONTENT"",""categoryName"":""문화·콘텐츠"",""score"":0.7}]","[{""categoryId"":""FOOD_RESTAURANT"",""categoryName"":""음식·맛집"",""score"":0.8},{""categoryId"":""CULTURE_CONTENT"",""categoryName"":""문화·콘텐츠"",""score"":0.7}]",True,,,False,3443.4588
63,TEXT-063,split-with-description,split,True,1,웹툰 추천 목록,문화·콘텐츠/063-웹툰 추천 목록.txt,CULTURE_CONTENT,문화·콘텐츠,CULTURE_CONTENT,True,0.7,CULTURE_CONTENT,CULTURE_CONTENT,True,,0,1,True,True,EXACT_CORRECT,False,False,False,False,False,False,True,True,True,True,False,[],,"[{""categoryId"":""CULTURE_CONTENT"",""categoryName"":""문화·콘텐츠"",""score"":1.0}]","[{""categoryId"":""CULTURE_CONTENT"",""categoryName"":""문화·콘텐츠"",""score"":1.0}]",True,,,False,2056.0155
6,TEXT-006,split-with-description,split,True,1,1주차 백로그 정리,생활·할 일/006-1주차 백로그 정리.txt,LIFE_TASK,생활·할 일,LEARNING_KNOWLEDGE,False,0.7,LEARNING_KNOWLEDGE,LEARNING_KNOWLEDGE,False,LEARNING_KNOWLEDGE,1,1,False,False,WRONG_MISSING_GOLD,False,True,False,False,False,False,False,False,False,False,False,[],MISSING_GOLD_CATEGORY,"[{""categoryId"":""LEARNING_KNOWLEDGE"",""categoryName"":""학습·지식"",""score"":0.8},{""categoryId"":""IDEA_INSPIRATION"",""categoryName"":""아이디어·영감"",""score"":0.6}]","[{""categoryId"":""LEARNING_KNOWLEDGE"",""categoryName"":""학습·지식"",""score"":0.8},{""categoryId"":""IDEA_INSPIRATION"",""categoryName"":""아이디어·영감"",""score"":0.6}]",True,,,False,3646.0784
9,TEXT-009,split-with-description,split,True,1,텍스트-2026.07.20-1035,생활·할 일/009-텍스트-2026.07.20-1035.txt,LIFE_TASK,생활·할 일,LIFE_TASK,True,0.7,LIFE_TASK,LIFE_TASK,True,,0,1,True,True,EXACT_CORRECT,False,False,False,False,False,False,True,True,True,True,False,[],,"[{""categoryId"":""LIFE_TASK"",""categoryName"":""생활·할 일"",""score"":1.0}]","[{""categoryId"":""LIFE_TASK"",""categoryName"":""생활·할 일"",""score"":1.0}]",True,,,False,2135.8138
10,TEXT-010,split-with-description,split,True,1,주말 방 정리 계획,생활·할 일/010-주말 방 정리 계획.txt,LIFE_TASK,생활·할 일,LIFE_TASK,True,0.7,LIFE_TASK,LIFE_TASK,True,,0,1,True,True,EXACT_CORRECT,False,False,False,False,False,False,True,True,True,True,False,[],,"[{""categoryId"":""LIFE_TASK"",""categoryName"":""생활·할 일"",""score"":1.0}]","[{""categoryId"":""LIFE_TASK"",""categoryName"":""생활·할 일"",""score"":1.0}]",True,,,False,1992.5273
24,TEXT-024,split-with-description,split,True,1,이사 전날 확인할 목록,생활·할 일/024-이사 전날 확인할 목록.txt,LIFE_TASK,생활·할 일,LIFE_TASK,True,0.7,LIFE_TASK,LIFE_TASK,True,,0,1,True,True,EXACT_CORRECT,False,False,False,False,False,False,True,True,True,True,False,[],,"[{""categoryId"":""LIFE_TASK"",""categoryName"":""생활·할 일"",""score"":1.0}]","[{""categoryId"":""LIFE_TASK"",""categoryName"":""생활·할 일"",""score"":1.0}]",True,,,False,1942.2974
25,TEXT-025,split-with-description,split,True,1,텍스트-2026-07-01,생활·할 일/025-텍스트-2026-07-01.txt,LIFE_TASK,생활·할 일,LIFE_TASK,True,0.7,LIFE_TASK,LIFE_TASK,True,,0,1,True,True,EXACT_CORRECT,False,False,False,False,False,False,True,True,True,True,False,[],,"[{""categoryId"":""LIFE_TASK"",""categoryName"":""생활·할 일"",""score"":1.0}]","[{""categoryId"":""LIFE_TASK"",""categoryName"":""생활·할 일"",""score"":1.0}]",True,,,False,2137.8618
26,TEXT-026,split-with-description,split,True,1,장마철 빨래 냄새 줄이는 방법,생활·할 일/026-장마철 빨래 냄새 줄이는 방법.txt,LIFE_TASK,생활·할 일,LIFE_TASK,True,0.7,LIFE_TASK,LIFE_TASK,True,,0,1,True,True,EXACT_CORRECT,False,False,False,False,False,False,True,True,True,True,False,[],,"[{""categoryId"":""LIFE_TASK"",""categoryName"":""생활·할 일"",""score"":1.0}]","[{""categoryId"":""LIFE_TASK"",""categoryName"":""생활·할 일"",""score"":1.0}]",True,,,False,2139.8985
27,TEXT-027,split-with-description,split,True,1,다음 주 일정 메모,생활·할 일/027-다음 주 일정 메모.txt,LIFE_TASK,생활·할 일,LIFE_TASK,True,0.7,LIFE_TASK,LIFE_TASK,True,,0,1,True,True,EXACT_CORRECT,False,False,False,False,False,False,True,True,True,True,False,[],,"[{""categoryId"":""LIFE_TASK"",""categoryName"":""생활·할 일"",""score"":1.0}]","[{""categoryId"":""LIFE_TASK"",""categoryName"":""생활·할 일"",""score"":1.0}]",True,,,False,1972.2406
28,TEXT-028,split-with-description,split,True,1,공과금 자동이체 변경 순서,생활·할 일/028-공과금 자동이체 변경 순서.txt,LIFE_TASK,생활·할 일,LIFE_TASK,True,0.7,LIFE_TASK,LIFE_TASK,True,,0,1,True,True,EXACT_CORRECT,False,False,False,False,False,False,True,True,True,True,False,[],,"[{""categoryId"":""LIFE_TASK"",""categoryName"":""생활·할 일"",""score"":1.0}]","[{""categoryId"":""LIFE_TASK"",""categoryName"":""생활·할 일"",""score"":1.0}]",True,,,False,1964.9647
23,TEXT-023,split-with-description,split,True,1,기숙사 준비물,생활·할 일/기숙사 준비물.txt,LIFE_TASK,생활·할 일,LIFE_TASK,True,0.7,LIFE_TASK,LIFE_TASK,True,,0,1,True,True,EXACT_CORRECT,False,False,False,False,False,False,True,True,True,True,False,[],,"[{""categoryId"":""LIFE_TASK"",""categoryName"":""생활·할 일"",""score"":1.0}]","[{""categoryId"":""LIFE_TASK"",""categoryName"":""생활·할 일"",""score"":1.0}]",True,,,False,2420.5424
11,TEXT-011,split-with-description,split,True,1,텍스트-2026.07.20-1100,쇼핑·제품/011-텍스트-2026.07.20-1100.txt,SHOPPING_PRODUCT,쇼핑·제품,SHOPPING_PRODUCT,True,0.7,SHOPPING_PRODUCT,SHOPPING_PRODUCT,True,,0,1,True,True,EXACT_CORRECT,False,False,False,False,False,False,True,True,True,True,False,[],,"[{""categoryId"":""SHOPPING_PRODUCT"",""categoryName"":""쇼핑·제품"",""score"":0.9},{""categoryId"":""LEARNING_KNOWLEDGE"",""categoryName"":""학습·지식"",""score"":0.6}]","[{""categoryId"":""SHOPPING_PRODUCT"",""categoryName"":""쇼핑·제품"",""score"":0.9},{""categoryId"":""LEARNING_KNOWLEDGE"",""categoryName"":""학습·지식"",""score"":0.6}]",True,,,False,3431.8361
12,TEXT-012,split-with-description,split,True,1,무선 키보드 구매 후보,쇼핑·제품/012-무선 키보드 구매 후보.txt,SHOPPING_PRODUCT,쇼핑·제품,SHOPPING_PRODUCT,True,0.7,SHOPPING_PRODUCT,SHOPPING_PRODUCT,True,,0,1,True,True,EXACT_CORRECT,False,False,False,False,False,False,True,True,True,True,False,[],,"[{""categoryId"":""SHOPPING_PRODUCT"",""categoryName"":""쇼핑·제품"",""score"":1.0}]","[{""categoryId"":""SHOPPING_PRODUCT"",""categoryName"":""쇼핑·제품"",""score"":1.0}]",True,,,False,2092.7276
49,TEXT-049,split-with-description,split,True,1,무선 키보드 비교,쇼핑·제품/049-무선 키보드 비교.txt,SHOPPING_PRODUCT,쇼핑·제품,SHOPPING_PRODUCT,True,0.7,SHOPPING_PRODUCT,SHOPPING_PRODUCT,True,,0,1,True,True,EXACT_CORRECT,False,False,False,False,False,False,True,True,True,True,False,[],,"[{""categoryId"":""SHOPPING_PRODUCT"",""categoryName"":""쇼핑·제품"",""score"":1.0}]","[{""categoryId"":""SHOPPING_PRODUCT"",""categoryName"":""쇼핑·제품"",""score"":1.0}]",True,,,False,2117.8622
50,TEXT-050,split-with-description,split,True,1,텍스트-2026-07-11,쇼핑·제품/050-텍스트-2026-07-11.txt,SHOPPING_PRODUCT,쇼핑·제품,SHOPPING_PRODUCT,True,0.7,SHOPPING_PRODUCT,SHOPPING_PRODUCT,True,,0,1,True,True,EXACT_CORRECT,False,False,False,False,False,False,True,True,True,True,False,[],,"[{""categoryId"":""SHOPPING_PRODUCT"",""categoryName"":""쇼핑·제품"",""score"":0.9}]","[{""categoryId"":""SHOPPING_PRODUCT"",""categoryName"":""쇼핑·제품"",""score"":0.9}]",True,,,False,2073.0665
51,TEXT-051,split-with-description,split,True,1,로봇청소기 구매 후보,쇼핑·제품/051-로봇청소기 구매 후보.txt,SHOPPING_PRODUCT,쇼핑·제품,SHOPPING_PRODUCT,True,0.7,SHOPPING_PRODUCT,SHOPPING_PRODUCT,True,,0,1,True,True,EXACT_CORRECT,False,False,False,False,False,False,True,True,True,True,False,[],,"[{""categoryId"":""SHOPPING_PRODUCT"",""categoryName"":""쇼핑·제품"",""score"":1.0}]","[{""categoryId"":""SHOPPING_PRODUCT"",""categoryName"":""쇼핑·제품"",""score"":1.0}]",True,,,False,2023.9858
52,TEXT-052,split-with-description,split,True,1,여행용 보조배터리 확인 사항,쇼핑·제품/052-여행용 보조배터리 확인 사항.txt,SHOPPING_PRODUCT,쇼핑·제품,SHOPPING_PRODUCT,True,0.7,SHOPPING_PRODUCT,SHOPPING_PRODUCT,True,,0,1,True,True,EXACT_CORRECT,False,False,False,False,False,False,True,True,True,True,False,[],,"[{""categoryId"":""SHOPPING_PRODUCT"",""categoryName"":""쇼핑·제품"",""score"":0.9},{""categoryId"":""TRAVEL_PLACE"",""categoryName"":""여행·장소"",""score"":0.6}]","[{""categoryId"":""SHOPPING_PRODUCT"",""categoryName"":""쇼핑·제품"",""score"":0.9},{""categoryId"":""TRAVEL_PLACE"",""categoryName"":""여행·장소"",""score"":0.6}]",True,,,False,3278.0322
53,TEXT-053,split-with-description,split,True,1,부모님 선물용 마사지기 후기,쇼핑·제품/053-부모님 선물용 마사지기 후기.txt,SHOPPING_PRODUCT,쇼핑·제품,SHOPPING_PRODUCT,True,0.7,SHOPPING_PRODUCT,SHOPPING_PRODUCT,True,,0,1,True,True,EXACT_CORRECT,False,False,False,False,False,False,True,True,True,True,False,[],,"[{""categoryId"":""SHOPPING_PRODUCT"",""categoryName"":""쇼핑·제품"",""score"":0.9}]","[{""categoryId"":""SHOPPING_PRODUCT"",""categoryName"":""쇼핑·제품"",""score"":0.9}]",True,,,False,2144.389
5,TEXT-005,split-with-description,split,True,1,텍스트-2026.07.20-0940,아이디어·영감/005-텍스트-2026.07.20-0940.txt,IDEA_INSPIRATION,아이디어·영감,IDEA_INSPIRATION,True,0.7,IDEA_INSPIRATION|LEARNING_KNOWLEDGE,IDEA_INSPIRATION|LEARNING_KNOWLEDGE,True,LEARNING_KNOWLEDGE,1,2,False,True,RELAXED_CORRECT,False,False,False,False,False,False,True,True,False,True,False,[],,"[{""categoryId"":""IDEA_INSPIRATION"",""categoryName"":""아이디어·영감"",""score"":0.85},{""categoryId"":""LEARNING_KNOWLEDGE"",""categoryName"":""학습·지식"",""score"":0.75}]","[{""categoryId"":""IDEA_INSPIRATION"",""categoryName"":""아이디어·영감"",""score"":0.85},{""categoryId"":""LEARNING_KNOWLEDGE"",""categoryName"":""학습·지식"",""score"":0.75}]",True,,,False,3788.9037
69,TEXT-069,split-with-description,split,True,1,앱 첫 화면 디자인 참고,아이디어·영감/069-앱 첫 화면 디자인 참고.txt,IDEA_INSPIRATION,아이디어·영감,IDEA_INSPIRATION,True,0.7,IDEA_INSPIRATION,IDEA_INSPIRATION,True,,0,1,True,True,EXACT_CORRECT,False,False,False,False,False,False,True,True,True,True,False,[],,"[{""categoryId"":""IDEA_INSPIRATION"",""categoryName"":""아이디어·영감"",""score"":0.8},{""categoryId"":""CULTURE_CONTENT"",""categoryName"":""문화·콘텐츠"",""score"":0.6}]","[{""categoryId"":""IDEA_INSPIRATION"",""categoryName"":""아이디어·영감"",""score"":0.8},{""categoryId"":""CULTURE_CONTENT"",""categoryName"":""문화·콘텐츠"",""score"":0.6}]",True,,,False,3589.3717
70,TEXT-070,split-with-description,split,True,1,텍스트-2026-07-19,아이디어·영감/070-텍스트-2026-07-19.txt,IDEA_INSPIRATION,아이디어·영감,IDEA_INSPIRATION,True,0.7,IDEA_INSPIRATION,IDEA_INSPIRATION,True,,0,1,True,True,EXACT_CORRECT,False,False,False,False,False,False,True,True,True,True,False,[],,"[{""categoryId"":""IDEA_INSPIRATION"",""categoryName"":""아이디어·영감"",""score"":0.8}]","[{""categoryId"":""IDEA_INSPIRATION"",""categoryName"":""아이디어·영감"",""score"":0.8}]",True,,,False,2333.378
71,TEXT-071,split-with-description,split,True,1,방 꾸미기 참고 이미지,아이디어·영감/071-방 꾸미기 참고 이미지.txt,IDEA_INSPIRATION,아이디어·영감,LIFE_TASK,False,0.7,LIFE_TASK,LIFE_TASK,False,LIFE_TASK,1,1,False,False,WRONG_MISSING_GOLD,False,True,False,False,False,False,False,False,False,False,False,[],MISSING_GOLD_CATEGORY,"[{""categoryId"":""LIFE_TASK"",""categoryName"":""생활·할 일"",""score"":0.8},{""categoryId"":""CULTURE_CONTENT"",""categoryName"":""문화·콘텐츠"",""score"":0.2}]","[{""categoryId"":""LIFE_TASK"",""categoryName"":""생활·할 일"",""score"":0.8},{""categoryId"":""CULTURE_CONTENT"",""categoryName"":""문화·콘텐츠"",""score"":0.2}]",True,,,False,3343.8321
72,TEXT-072,split-with-description,split,True,1,숏폼 콘텐츠 구성 방식,아이디어·영감/072-숏폼 콘텐츠 구성 방식.txt,IDEA_INSPIRATION,아이디어·영감,IDEA_INSPIRATION,True,0.7,IDEA_INSPIRATION,IDEA_INSPIRATION,True,,0,1,True,True,EXACT_CORRECT,False,False,False,False,False,False,True,True,True,True,False,[],,"[{""categoryId"":""IDEA_INSPIRATION"",""categoryName"":""아이디어·영감"",""score"":0.8},{""categoryId"":""CULTURE_CONTENT"",""categoryName"":""문화·콘텐츠"",""score"":0.6}]","[{""categoryId"":""IDEA_INSPIRATION"",""categoryName"":""아이디어·영감"",""score"":0.8},{""categoryId"":""CULTURE_CONTENT"",""categoryName"":""문화·콘텐츠"",""score"":0.6}]",True,,,False,3612.8716
73,TEXT-073,split-with-description,split,True,1,사진 구도 참고,아이디어·영감/073-사진 구도 참고.txt,IDEA_INSPIRATION,아이디어·영감,IDEA_INSPIRATION,True,0.7,IDEA_INSPIRATION,IDEA_INSPIRATION,True,,0,1,True,True,EXACT_CORRECT,False,False,False,False,False,False,True,True,True,True,False,[],,"[{""categoryId"":""IDEA_INSPIRATION"",""categoryName"":""아이디어·영감"",""score"":0.8},{""categoryId"":""CULTURE_CONTENT"",""categoryName"":""문화·콘텐츠"",""score"":0.6}]","[{""categoryId"":""IDEA_INSPIRATION"",""categoryName"":""아이디어·영감"",""score"":0.8},{""categoryId"":""CULTURE_CONTENT"",""categoryName"":""문화·콘텐츠"",""score"":0.6}]",True,,,False,3556.1057
15,TEXT-015,split-with-description,split,True,1,텍스트-2026.07.20-1150,여행·장소/015-텍스트-2026.07.20-1150.txt,TRAVEL_PLACE,여행·장소,TRAVEL_PLACE,True,0.7,TRAVEL_PLACE,TRAVEL_PLACE,True,,0,1,True,True,EXACT_CORRECT,False,False,False,False,False,False,True,True,True,True,False,[],,"[{""categoryId"":""TRAVEL_PLACE"",""categoryName"":""여행·장소"",""score"":0.95}]","[{""categoryId"":""TRAVEL_PLACE"",""categoryName"":""여행·장소"",""score"":0.95}]",True,,,False,2164.5824
16,TEXT-016,split-with-description,split,True,1,서울 전시회 방문 후보,여행·장소/016-서울 전시회 방문 후보.txt,TRAVEL_PLACE,여행·장소,TRAVEL_PLACE,True,0.7,TRAVEL_PLACE,TRAVEL_PLACE,True,,0,1,True,True,EXACT_CORRECT,False,False,False,False,False,False,True,True,True,True,False,[],,"[{""categoryId"":""TRAVEL_PLACE"",""categoryName"":""여행·장소"",""score"":0.9},{""categoryId"":""FOOD_RESTAURANT"",""categoryName"":""음식·맛집"",""score"":0.6}]","[{""categoryId"":""TRAVEL_PLACE"",""categoryName"":""여행·장소"",""score"":0.9},{""categoryId"":""FOOD_RESTAURANT"",""categoryName"":""음식·맛집"",""score"":0.6}]",True,,,False,3528.9414
39,TEXT-039,split-with-description,split,True,1,부산에서 일몰 보기 좋은 곳,여행·장소/039-부산에서 일몰 보기 좋은 곳.txt,TRAVEL_PLACE,여행·장소,TRAVEL_PLACE,True,0.7,TRAVEL_PLACE,TRAVEL_PLACE,True,,0,1,True,True,EXACT_CORRECT,False,False,False,False,False,False,True,True,True,True,False,[],,"[{""categoryId"":""TRAVEL_PLACE"",""categoryName"":""여행·장소"",""score"":0.9}]","[{""categoryId"":""TRAVEL_PLACE"",""categoryName"":""여행·장소"",""score"":0.9}]",True,,,False,2284.1292
40,TEXT-040,split-with-description,split,True,1,텍스트-2026-07-07,여행·장소/040-텍스트-2026-07-07.txt,TRAVEL_PLACE,여행·장소,TRAVEL_PLACE,True,0.7,TRAVEL_PLACE,TRAVEL_PLACE,True,,0,1,True,True,EXACT_CORRECT,False,False,False,False,False,False,True,True,True,True,False,[],,"[{""categoryId"":""TRAVEL_PLACE"",""categoryName"":""여행·장소"",""score"":0.8},{""categoryId"":""IDEA_INSPIRATION"",""categoryName"":""아이디어·영감"",""score"":0.6}]","[{""categoryId"":""TRAVEL_PLACE"",""categoryName"":""여행·장소"",""score"":0.8},{""categoryId"":""IDEA_INSPIRATION"",""categoryName"":""아이디어·영감"",""score"":0.6}]",True,,,False,3467.1585
41,TEXT-041,split-with-description,split,True,1,교토 버스 이용 팁,여행·장소/041-교토 버스 이용 팁.txt,TRAVEL_PLACE,여행·장소,TRAVEL_PLACE,True,0.7,TRAVEL_PLACE,TRAVEL_PLACE,True,,0,1,True,True,EXACT_CORRECT,False,False,False,False,False,False,True,True,True,True,False,[],,"[{""categoryId"":""TRAVEL_PLACE"",""categoryName"":""여행·장소"",""score"":0.8}]","[{""categoryId"":""TRAVEL_PLACE"",""categoryName"":""여행·장소"",""score"":0.8}]",True,,,False,2141.8961
42,TEXT-042,split-with-description,split,True,1,비 오는 날 서울에서 갈 곳,여행·장소/042-비 오는 날 서울에서 갈 곳.txt,TRAVEL_PLACE,여행·장소,TRAVEL_PLACE,True,0.7,TRAVEL_PLACE,TRAVEL_PLACE,True,,0,1,True,True,EXACT_CORRECT,False,False,False,False,False,False,True,True,True,True,False,[],,"[{""categoryId"":""TRAVEL_PLACE"",""categoryName"":""여행·장소"",""score"":0.8},{""categoryId"":""CULTURE_CONTENT"",""categoryName"":""문화·콘텐츠"",""score"":0.6}]","[{""categoryId"":""TRAVEL_PLACE"",""categoryName"":""여행·장소"",""score"":0.8},{""categoryId"":""CULTURE_CONTENT"",""categoryName"":""문화·콘텐츠"",""score"":0.6}]",True,,,False,3450.0219
43,TEXT-043,split-with-description,split,True,1,숙소 예약 전에 확인할 내용,여행·장소/043-숙소 예약 전에 확인할 내용.txt,TRAVEL_PLACE,여행·장소,TRAVEL_PLACE,True,0.7,TRAVEL_PLACE,TRAVEL_PLACE,True,,0,1,True,True,EXACT_CORRECT,False,False,False,False,False,False,True,True,True,True,False,[],,"[{""categoryId"":""TRAVEL_PLACE"",""categoryName"":""여행·장소"",""score"":0.8},{""categoryId"":""SHOPPING_PRODUCT"",""categoryName"":""쇼핑·제품"",""score"":0.2}]","[{""categoryId"":""TRAVEL_PLACE"",""categoryName"":""여행·장소"",""score"":0.8},{""categoryId"":""SHOPPING_PRODUCT"",""categoryName"":""쇼핑·제품"",""score"":0.2}]",True,,,False,3286.8781
13,TEXT-013,split-with-description,split,True,1,텍스트-2026.07.20-1125,음식·맛집/013-텍스트-2026.07.20-1125.txt,FOOD_RESTAURANT,음식·맛집,FOOD_RESTAURANT,True,0.7,FOOD_RESTAURANT|TRAVEL_PLACE,FOOD_RESTAURANT|TRAVEL_PLACE,True,TRAVEL_PLACE,1,2,False,True,RELAXED_CORRECT,False,False,False,False,False,False,True,True,False,True,False,[],,"[{""categoryId"":""FOOD_RESTAURANT"",""categoryName"":""음식·맛집"",""score"":0.95},{""categoryId"":""TRAVEL_PLACE"",""categoryName"":""여행·장소"",""score"":0.75}]","[{""categoryId"":""FOOD_RESTAURANT"",""categoryName"":""음식·맛집"",""score"":0.95},{""categoryId"":""TRAVEL_PLACE"",""categoryName"":""여행·장소"",""score"":0.75}]",True,,,False,3485.492
14,TEXT-014,split-with-description,split,True,1,닭가슴살 볶음밥 레시피,음식·맛집/014-닭가슴살 볶음밥 레시피.txt,FOOD_RESTAURANT,음식·맛집,FOOD_RESTAURANT,True,0.7,FOOD_RESTAURANT,FOOD_RESTAURANT,True,,0,1,True,True,EXACT_CORRECT,False,False,False,False,False,False,True,True,True,True,False,[],,"[{""categoryId"":""FOOD_RESTAURANT"",""categoryName"":""음식·맛집"",""score"":1.0}]","[{""categoryId"":""FOOD_RESTAURANT"",""categoryName"":""음식·맛집"",""score"":1.0}]",True,,,False,2378.052
44,TEXT-044,split-with-description,split,True,1,성수동 파스타 식당,음식·맛집/044-성수동 파스타 식당.txt,FOOD_RESTAURANT,음식·맛집,FOOD_RESTAURANT,True,0.7,FOOD_RESTAURANT,FOOD_RESTAURANT,True,,0,1,True,True,EXACT_CORRECT,False,False,False,False,False,False,True,True,True,True,False,[],,"[{""categoryId"":""FOOD_RESTAURANT"",""categoryName"":""음식·맛집"",""score"":1.0}]","[{""categoryId"":""FOOD_RESTAURANT"",""categoryName"":""음식·맛집"",""score"":1.0}]",True,,,False,2237.2814
45,TEXT-045,split-with-description,split,True,1,텍스트-2026-07-09,음식·맛집/045-텍스트-2026-07-09.txt,FOOD_RESTAURANT,음식·맛집,FOOD_RESTAURANT,True,0.7,FOOD_RESTAURANT,FOOD_RESTAURANT,True,,0,1,True,True,EXACT_CORRECT,False,False,False,False,False,False,True,True,True,True,False,[],,"[{""categoryId"":""FOOD_RESTAURANT"",""categoryName"":""음식·맛집"",""score"":1.0}]","[{""categoryId"":""FOOD_RESTAURANT"",""categoryName"":""음식·맛집"",""score"":1.0}]",True,,,False,2150.976
46,TEXT-046,split-with-description,split,True,1,광주에서 늦게까지 하는 카페,음식·맛집/046-광주에서 늦게까지 하는 카페.txt,FOOD_RESTAURANT,음식·맛집,TRAVEL_PLACE,False,0.7,TRAVEL_PLACE|FOOD_RESTAURANT,TRAVEL_PLACE|FOOD_RESTAURANT,True,TRAVEL_PLACE,1,2,False,True,RELAXED_CORRECT,False,False,False,False,False,False,True,True,False,True,False,[],,"[{""categoryId"":""TRAVEL_PLACE"",""categoryName"":""여행·장소"",""score"":0.8},{""categoryId"":""FOOD_RESTAURANT"",""categoryName"":""음식·맛집"",""score"":0.7}]","[{""categoryId"":""TRAVEL_PLACE"",""categoryName"":""여행·장소"",""score"":0.8},{""categoryId"":""FOOD_RESTAURANT"",""categoryName"":""음식·맛집"",""score"":0.7}]",True,,,False,3655.7176
47,TEXT-047,split-with-description,split,True,1,냉동 만두를 바삭하게 굽는 방법,음식·맛집/047-냉동 만두를 바삭하게 굽는 방법.txt,FOOD_RESTAURANT,음식·맛집,FOOD_RESTAURANT,True,0.7,FOOD_RESTAURANT,FOOD_RESTAURANT,True,,0,1,True,True,EXACT_CORRECT,False,False,False,False,False,False,True,True,True,True,False,[],,"[{""categoryId"":""FOOD_RESTAURANT"",""categoryName"":""음식·맛집"",""score"":1.0}]","[{""categoryId"":""FOOD_RESTAURANT"",""categoryName"":""음식·맛집"",""score"":1.0}]",True,,,False,2253.8232
48,TEXT-048,split-with-description,split,True,1,제주 고기국수 후보,음식·맛집/048-제주 고기국수 후보.txt,FOOD_RESTAURANT,음식·맛집,FOOD_RESTAURANT,True,0.7,FOOD_RESTAURANT,FOOD_RESTAURANT,True,,0,1,True,True,EXACT_CORRECT,False,False,False,False,False,False,True,True,True,True,False,[],,"[{""categoryId"":""FOOD_RESTAURANT"",""categoryName"":""음식·맛집"",""score"":1.0}]","[{""categoryId"":""FOOD_RESTAURANT"",""categoryName"":""음식·맛집"",""score"":1.0}]",True,,,False,2288.0633
7,TEXT-007,split-with-description,split,True,1,텍스트-2026.07.20-1010,취업·커리어/007-텍스트-2026.07.20-1010.txt,CAREER,취업·커리어,LEARNING_KNOWLEDGE,False,0.7,LEARNING_KNOWLEDGE|CAREER,LEARNING_KNOWLEDGE|CAREER,True,LEARNING_KNOWLEDGE,1,2,False,True,RELAXED_CORRECT,False,False,False,False,False,False,True,True,False,True,False,[],,"[{""categoryId"":""LEARNING_KNOWLEDGE"",""categoryName"":""학습·지식"",""score"":0.9},{""categoryId"":""CAREER"",""categoryName"":""취업·커리어"",""score"":0.7}]","[{""categoryId"":""LEARNING_KNOWLEDGE"",""categoryName"":""학습·지식"",""score"":0.9},{""categoryId"":""CAREER"",""categoryName"":""취업·커리어"",""score"":0.7}]",True,,,False,3442.2279
8,TEXT-008,split-with-description,split,True,1,공기업 채용 공고 확인,취업·커리어/008-공기업 채용 공고 확인.txt,CAREER,취업·커리어,CAREER,True,0.7,CAREER,CAREER,True,,0,1,True,True,EXACT_CORRECT,False,False,False,False,False,False,True,True,True,True,False,[],,"[{""categoryId"":""CAREER"",""categoryName"":""취업·커리어"",""score"":1.0}]","[{""categoryId"":""CAREER"",""categoryName"":""취업·커리어"",""score"":1.0}]",True,,,False,2313.8586
34,TEXT-034,split-with-description,split,True,1,백엔드 개발자 채용 공고 확인,취업·커리어/034-백엔드 개발자 채용 공고 확인.txt,CAREER,취업·커리어,CAREER,True,0.7,CAREER,CAREER,True,,0,1,True,True,EXACT_CORRECT,False,False,False,False,False,False,True,True,True,True,False,[],,"[{""categoryId"":""CAREER"",""categoryName"":""취업·커리어"",""score"":1.0}]","[{""categoryId"":""CAREER"",""categoryName"":""취업·커리어"",""score"":1.0}]",True,,,False,2287.1717
35,TEXT-035,split-with-description,split,True,1,텍스트-2026-07-05,취업·커리어/035-텍스트-2026-07-05.txt,CAREER,취업·커리어,CAREER,True,0.7,CAREER,CAREER,True,,0,1,True,True,EXACT_CORRECT,False,False,False,False,False,False,True,True,True,True,False,[],,"[{""categoryId"":""CAREER"",""categoryName"":""취업·커리어"",""score"":1.0}]","[{""categoryId"":""CAREER"",""categoryName"":""취업·커리어"",""score"":1.0}]",True,,,False,2096.6032
36,TEXT-036,split-with-description,split,True,1,자기소개서 수정할 부분,취업·커리어/036-자기소개서 수정할 부분.txt,CAREER,취업·커리어,CAREER,True,0.7,CAREER,CAREER,True,,0,1,True,True,EXACT_CORRECT,False,False,False,False,False,False,True,True,True,True,False,[],,"[{""categoryId"":""CAREER"",""categoryName"":""취업·커리어"",""score"":1.0}]","[{""categoryId"":""CAREER"",""categoryName"":""취업·커리어"",""score"":1.0}]",True,,,False,2103.6283
37,TEXT-037,split-with-description,split,True,1,이직 전 확인할 조건,취업·커리어/037-이직 전 확인할 조건.txt,CAREER,취업·커리어,CAREER,True,0.7,CAREER,CAREER,True,,0,1,True,True,EXACT_CORRECT,False,False,False,False,False,False,True,True,True,True,False,[],,"[{""categoryId"":""CAREER"",""categoryName"":""취업·커리어"",""score"":1.0}]","[{""categoryId"":""CAREER"",""categoryName"":""취업·커리어"",""score"":1.0}]",True,,,False,2168.1773
38,TEXT-038,split-with-description,split,True,1,포트폴리오 프로젝트 설명 방식,취업·커리어/038-포트폴리오 프로젝트 설명 방식.txt,CAREER,취업·커리어,LEARNING_KNOWLEDGE,False,0.7,LEARNING_KNOWLEDGE,LEARNING_KNOWLEDGE,False,LEARNING_KNOWLEDGE,1,1,False,False,WRONG_MISSING_GOLD,False,True,False,False,False,False,False,False,False,False,False,[],MISSING_GOLD_CATEGORY,"[{""categoryId"":""LEARNING_KNOWLEDGE"",""categoryName"":""학습·지식"",""score"":0.9}]","[{""categoryId"":""LEARNING_KNOWLEDGE"",""categoryName"":""학습·지식"",""score"":0.9}]",True,,,False,2185.9338
1,TEXT-001,split-with-description,split,True,1,텍스트-2026.07.20-0905,학습·지식/001-텍스트-2026.07.20-0905.txt,LEARNING_KNOWLEDGE,학습·지식,LEARNING_KNOWLEDGE,True,0.7,LEARNING_KNOWLEDGE,LEARNING_KNOWLEDGE,True,,0,1,True,True,EXACT_CORRECT,False,False,False,False,False,False,True,True,True,True,False,[],,"[{""categoryId"":""LEARNING_KNOWLEDGE"",""categoryName"":""학습·지식"",""score"":0.95},{""categoryId"":""SHOPPING_PRODUCT"",""categoryName"":""쇼핑·제품"",""score"":0.05}]","[{""categoryId"":""LEARNING_KNOWLEDGE"",""categoryName"":""학습·지식"",""score"":0.95},{""categoryId"":""SHOPPING_PRODUCT"",""categoryName"":""쇼핑·제품"",""score"":0.05}]",True,,,False,3392.2852
2,TEXT-002,split-with-description,split,True,1,JWT 재발급 구조 정리,학습·지식/002-JWT 재발급 구조 정리.txt,LEARNING_KNOWLEDGE,학습·지식,LEARNING_KNOWLEDGE,True,0.7,LEARNING_KNOWLEDGE,LEARNING_KNOWLEDGE,True,,0,1,True,True,EXACT_CORRECT,False,False,False,False,False,False,True,True,True,True,False,[],,"[{""categoryId"":""LEARNING_KNOWLEDGE"",""categoryName"":""학습·지식"",""score"":1.0}]","[{""categoryId"":""LEARNING_KNOWLEDGE"",""categoryName"":""학습·지식"",""score"":1.0}]",True,,,False,2302.326
3,TEXT-003,split-with-description,split,True,1,텍스트-2026.07.20-0920,학습·지식/003-텍스트-2026.07.20-0920.txt,LEARNING_KNOWLEDGE,학습·지식,LEARNING_KNOWLEDGE,True,0.7,LEARNING_KNOWLEDGE,LEARNING_KNOWLEDGE,True,,0,1,True,True,EXACT_CORRECT,False,False,False,False,False,False,True,True,True,True,False,[],,"[{""categoryId"":""LEARNING_KNOWLEDGE"",""categoryName"":""학습·지식"",""score"":1.0}]","[{""categoryId"":""LEARNING_KNOWLEDGE"",""categoryName"":""학습·지식"",""score"":1.0}]",True,,,False,2339.9283
4,TEXT-004,split-with-description,split,True,1,SQLD 시험 공부 계획,학습·지식/004-SQLD 시험 공부 계획.txt,LEARNING_KNOWLEDGE,학습·지식,LEARNING_KNOWLEDGE,True,0.7,LEARNING_KNOWLEDGE,LEARNING_KNOWLEDGE,True,,0,1,True,True,EXACT_CORRECT,False,False,False,False,False,False,True,True,True,True,False,[],,"[{""categoryId"":""LEARNING_KNOWLEDGE"",""categoryName"":""학습·지식"",""score"":1.0}]","[{""categoryId"":""LEARNING_KNOWLEDGE"",""categoryName"":""학습·지식"",""score"":1.0}]",True,,,False,2251.9091
29,TEXT-029,split-with-description,split,True,1,Redis 큐에서 작업이 중복될 수 있는 이유,학습·지식/029-Redis 큐에서 작업이 중복될 수 있는 이유.txt,LEARNING_KNOWLEDGE,학습·지식,LEARNING_KNOWLEDGE,True,0.7,LEARNING_KNOWLEDGE,LEARNING_KNOWLEDGE,True,,0,1,True,True,EXACT_CORRECT,False,False,False,False,False,False,True,True,True,True,False,[],,"[{""categoryId"":""LEARNING_KNOWLEDGE"",""categoryName"":""학습·지식"",""score"":0.9},{""categoryId"":""OTHER"",""categoryName"":""기타"",""score"":0.1}]","[{""categoryId"":""LEARNING_KNOWLEDGE"",""categoryName"":""학습·지식"",""score"":0.9},{""categoryId"":""OTHER"",""categoryName"":""기타"",""score"":0.1}]",True,,,False,3198.1435
30,TEXT-030,split-with-description,split,True,1,텍스트-2026-07-03,학습·지식/030-텍스트-2026-07-03.txt,LEARNING_KNOWLEDGE,학습·지식,LEARNING_KNOWLEDGE,True,0.7,LEARNING_KNOWLEDGE,LEARNING_KNOWLEDGE,True,,0,1,True,True,EXACT_CORRECT,False,False,False,False,False,False,True,True,True,True,False,[],,"[{""categoryId"":""LEARNING_KNOWLEDGE"",""categoryName"":""학습·지식"",""score"":1.0}]","[{""categoryId"":""LEARNING_KNOWLEDGE"",""categoryName"":""학습·지식"",""score"":1.0}]",True,,,False,2232.9677
31,TEXT-031,split-with-description,split,True,1,사진 촬영에서 조리개의 역할,학습·지식/031-사진 촬영에서 조리개의 역할.txt,LEARNING_KNOWLEDGE,학습·지식,LEARNING_KNOWLEDGE,True,0.7,LEARNING_KNOWLEDGE,LEARNING_KNOWLEDGE,True,,0,1,True,True,EXACT_CORRECT,False,False,False,False,False,False,True,True,True,True,False,[],,"[{""categoryId"":""LEARNING_KNOWLEDGE"",""categoryName"":""학습·지식"",""score"":1.0}]","[{""categoryId"":""LEARNING_KNOWLEDGE"",""categoryName"":""학습·지식"",""score"":1.0}]",True,,,False,2286.6689
32,TEXT-032,split-with-description,split,True,1,전세와 월세의 차이 정리,학습·지식/032-전세와 월세의 차이 정리.txt,LEARNING_KNOWLEDGE,학습·지식,LEARNING_KNOWLEDGE,True,0.7,LEARNING_KNOWLEDGE,LEARNING_KNOWLEDGE,True,,0,1,True,True,EXACT_CORRECT,False,False,False,False,False,False,True,True,True,True,False,[],,"[{""categoryId"":""LEARNING_KNOWLEDGE"",""categoryName"":""학습·지식"",""score"":1.0}]","[{""categoryId"":""LEARNING_KNOWLEDGE"",""categoryName"":""학습·지식"",""score"":1.0}]",True,,,False,2290.0319
33,TEXT-033,split-with-description,split,True,1,좋은 발표 자료의 정보 구조,학습·지식/033-좋은 발표 자료의 정보 구조.txt,LEARNING_KNOWLEDGE,학습·지식,LEARNING_KNOWLEDGE,True,0.7,LEARNING_KNOWLEDGE,LEARNING_KNOWLEDGE,True,,0,1,True,True,EXACT_CORRECT,False,False,False,False,False,False,True,True,True,True,False,[],,"[{""categoryId"":""LEARNING_KNOWLEDGE"",""categoryName"":""학습·지식"",""score"":1.0}]","[{""categoryId"":""LEARNING_KNOWLEDGE"",""categoryName"":""학습·지식"",""score"":1.0}]",True,,,False,2193.7425
17,TEXT-017,split-with-description,split,True,1,텍스트-2026.07.20-1220,건강·운동/017-텍스트-2026.07.20-1220.txt,HEALTH_EXERCISE,건강·운동,HEALTH_EXERCISE,True,0.8,HEALTH_EXERCISE,HEALTH_EXERCISE,True,,0,1,True,True,EXACT_CORRECT,False,False,False,False,False,False,True,True,True,True,False,[],,"[{""categoryId"":""HEALTH_EXERCISE"",""categoryName"":""건강·운동"",""score"":1.0}]","[{""categoryId"":""HEALTH_EXERCISE"",""categoryName"":""건강·운동"",""score"":1.0}]",True,,,False,18957.4552
18,TEXT-018,split-with-description,split,True,1,주 3회 운동 계획,건강·운동/018-주 3회 운동 계획.txt,HEALTH_EXERCISE,건강·운동,HEALTH_EXERCISE,True,0.8,HEALTH_EXERCISE,HEALTH_EXERCISE,True,,0,1,True,True,EXACT_CORRECT,False,False,False,False,False,False,True,True,True,True,False,[],,"[{""categoryId"":""HEALTH_EXERCISE"",""categoryName"":""건강·운동"",""score"":1.0}]","[{""categoryId"":""HEALTH_EXERCISE"",""categoryName"":""건강·운동"",""score"":1.0}]",True,,,False,2315.2809
54,TEXT-054,split-with-description,split,True,1,허리 부담을 줄이는 스쿼트 자세,건강·운동/054-허리 부담을 줄이는 스쿼트 자세.txt,HEALTH_EXERCISE,건강·운동,HEALTH_EXERCISE,True,0.8,HEALTH_EXERCISE,HEALTH_EXERCISE,True,,0,1,True,True,EXACT_CORRECT,False,False,False,False,False,False,True,True,True,True,False,[],,"[{""categoryId"":""HEALTH_EXERCISE"",""categoryName"":""건강·운동"",""score"":1.0}]","[{""categoryId"":""HEALTH_EXERCISE"",""categoryName"":""건강·운동"",""score"":1.0}]",True,,,False,2234.3755
55,TEXT-055,split-with-description,split,True,1,텍스트-2026-07-13,건강·운동/055-텍스트-2026-07-13.txt,HEALTH_EXERCISE,건강·운동,HEALTH_EXERCISE,True,0.8,HEALTH_EXERCISE,HEALTH_EXERCISE,True,,0,1,True,True,EXACT_CORRECT,False,False,False,False,False,False,True,True,True,True,False,[],,"[{""categoryId"":""HEALTH_EXERCISE"",""categoryName"":""건강·운동"",""score"":0.8}]","[{""categoryId"":""HEALTH_EXERCISE"",""categoryName"":""건강·운동"",""score"":0.8}]",True,,,False,2261.4918
56,TEXT-056,split-with-description,split,True,1,러닝 초보자 주간 계획,건강·운동/056-러닝 초보자 주간 계획.txt,HEALTH_EXERCISE,건강·운동,HEALTH_EXERCISE,True,0.8,HEALTH_EXERCISE,HEALTH_EXERCISE,True,,0,1,True,True,EXACT_CORRECT,False,False,False,False,False,False,True,True,True,True,False,[],,"[{""categoryId"":""HEALTH_EXERCISE"",""categoryName"":""건강·운동"",""score"":1.0}]","[{""categoryId"":""HEALTH_EXERCISE"",""categoryName"":""건강·운동"",""score"":1.0}]",True,,,False,2135.1543
57,TEXT-057,split-with-description,split,True,1,장시간 앉아 있을 때 스트레칭,건강·운동/057-장시간 앉아 있을 때 스트레칭.txt,HEALTH_EXERCISE,건강·운동,HEALTH_EXERCISE,True,0.8,HEALTH_EXERCISE,HEALTH_EXERCISE,True,,0,1,True,True,EXACT_CORRECT,False,False,False,False,False,False,True,True,True,True,False,[],,"[{""categoryId"":""HEALTH_EXERCISE"",""categoryName"":""건강·운동"",""score"":1.0}]","[{""categoryId"":""HEALTH_EXERCISE"",""categoryName"":""건강·운동"",""score"":1.0}]",True,,,False,2153.9662
58,TEXT-058,split-with-description,split,True,1,운동 후 식사 구성,건강·운동/058-운동 후 식사 구성.txt,HEALTH_EXERCISE,건강·운동,HEALTH_EXERCISE,True,0.8,HEALTH_EXERCISE,HEALTH_EXERCISE,True,,0,1,True,True,EXACT_CORRECT,False,False,False,False,False,False,True,True,True,True,False,[],,"[{""categoryId"":""HEALTH_EXERCISE"",""categoryName"":""건강·운동"",""score"":0.9},{""categoryId"":""FOOD_RESTAURANT"",""categoryName"":""음식·맛집"",""score"":0.6}]","[{""categoryId"":""HEALTH_EXERCISE"",""categoryName"":""건강·운동"",""score"":0.9},{""categoryId"":""FOOD_RESTAURANT"",""categoryName"":""음식·맛집"",""score"":0.6}]",True,,,False,3461.3197
21,TEXT-021,split-with-description,split,True,1,텍스트-2026.07.20-1310,기타/021-텍스트-2026.07.20-1310.txt,OTHER,기타,IDEA_INSPIRATION,False,0.8,IDEA_INSPIRATION,IDEA_INSPIRATION,False,IDEA_INSPIRATION,1,1,False,False,WRONG_MISSING_GOLD,False,True,True,False,False,False,True,False,False,False,False,[],THRESHOLD_MISS,"[{""categoryId"":""IDEA_INSPIRATION"",""categoryName"":""아이디어·영감"",""score"":0.8},{""categoryId"":""OTHER"",""categoryName"":""기타"",""score"":0.2}]","[{""categoryId"":""IDEA_INSPIRATION"",""categoryName"":""아이디어·영감"",""score"":0.8},{""categoryId"":""OTHER"",""categoryName"":""기타"",""score"":0.2}]",True,,,False,3371.502
22,TEXT-022,split-with-description,split,True,1,텍스트-2026.07.20-1325,기타/022-텍스트-2026.07.20-1325.txt,OTHER,기타,IDEA_INSPIRATION,False,0.8,IDEA_INSPIRATION,IDEA_INSPIRATION,False,IDEA_INSPIRATION,1,1,False,False,WRONG_MISSING_GOLD,False,True,True,False,False,False,True,False,False,False,False,[],THRESHOLD_MISS,"[{""categoryId"":""IDEA_INSPIRATION"",""categoryName"":""아이디어·영감"",""score"":0.8},{""categoryId"":""OTHER"",""categoryName"":""기타"",""score"":0.2}]","[{""categoryId"":""IDEA_INSPIRATION"",""categoryName"":""아이디어·영감"",""score"":0.8},{""categoryId"":""OTHER"",""categoryName"":""기타"",""score"":0.2}]",True,,,False,3296.169
74,TEXT-074,split-with-description,split,True,1,텍스트-2026-07-21,기타/074-텍스트-2026-07-21.txt,OTHER,기타,,False,0.8,,OTHER,False,,0,0,False,False,EMPTY_PREDICTION,False,True,False,True,False,False,False,True,True,True,False,[],MISSING_GOLD_CATEGORY|EMPTY_PREDICTION|FALLBACK_USED,[],[],True,,,False,1048.6928
75,TEXT-075,split-with-description,split,True,1,확인할 문자열,기타/075-확인할 문자열.txt,OTHER,기타,,False,0.8,,OTHER,False,,0,0,False,False,EMPTY_PREDICTION,False,True,False,True,False,False,False,True,True,True,False,[],MISSING_GOLD_CATEGORY|EMPTY_PREDICTION|FALLBACK_USED,[],[],True,,,False,932.5669
76,TEXT-076,split-with-description,split,True,1,텍스트-2026-07-22,기타/076-텍스트-2026-07-22.txt,OTHER,기타,,False,0.8,,OTHER,False,,0,0,False,False,EMPTY_PREDICTION,False,True,False,True,False,False,False,True,True,True,False,[],MISSING_GOLD_CATEGORY|EMPTY_PREDICTION|FALLBACK_USED,[],[],True,,,False,904.1769
77,TEXT-077,split-with-description,split,True,1,내용을 확인할 수 없는 링크,기타/077-내용을 확인할 수 없는 링크.txt,OTHER,기타,,False,0.8,,OTHER,False,,0,0,False,False,EMPTY_PREDICTION,False,True,False,True,False,False,False,True,True,True,False,[],MISSING_GOLD_CATEGORY|EMPTY_PREDICTION|FALLBACK_USED,[],[],True,,,False,955.0275
78,TEXT-078,split-with-description,split,True,1,이미지 추출 실패,기타/078-이미지 추출 실패.txt,OTHER,기타,,False,0.8,,OTHER,False,,0,0,False,False,EMPTY_PREDICTION,False,True,False,True,False,False,False,True,True,True,False,[],MISSING_GOLD_CATEGORY|EMPTY_PREDICTION|FALLBACK_USED,[],[],True,,,False,931.4304
64,TEXT-064,split-with-description,split,True,1,월급 통장 나누는 방법,돈·재테크/064-월급 통장 나누는 방법.txt,MONEY_FINANCE,돈·재테크,MONEY_FINANCE,True,0.8,MONEY_FINANCE,MONEY_FINANCE,True,,0,1,True,True,EXACT_CORRECT,False,False,False,False,False,False,True,True,True,True,False,[],,"[{""categoryId"":""MONEY_FINANCE"",""categoryName"":""돈·재테크"",""score"":1.0}]","[{""categoryId"":""MONEY_FINANCE"",""categoryName"":""돈·재테크"",""score"":1.0}]",True,,,False,2172.3021
65,TEXT-065,split-with-description,split,True,1,텍스트-2026-07-17,돈·재테크/065-텍스트-2026-07-17.txt,MONEY_FINANCE,돈·재테크,MONEY_FINANCE,True,0.8,MONEY_FINANCE,MONEY_FINANCE,True,,0,1,True,True,EXACT_CORRECT,False,False,False,False,False,False,True,True,True,True,False,[],,"[{""categoryId"":""MONEY_FINANCE"",""categoryName"":""돈·재테크"",""score"":1.0}]","[{""categoryId"":""MONEY_FINANCE"",""categoryName"":""돈·재테크"",""score"":1.0}]",True,,,False,2118.1528
66,TEXT-066,split-with-description,split,True,1,카드 혜택 비교,돈·재테크/066-카드 혜택 비교.txt,MONEY_FINANCE,돈·재테크,SHOPPING_PRODUCT,False,0.8,SHOPPING_PRODUCT,SHOPPING_PRODUCT,False,SHOPPING_PRODUCT,1,1,False,False,WRONG_MISSING_GOLD,False,True,True,False,False,False,True,False,False,False,False,[],THRESHOLD_MISS,"[{""categoryId"":""SHOPPING_PRODUCT"",""categoryName"":""쇼핑·제품"",""score"":0.8},{""categoryId"":""MONEY_FINANCE"",""categoryName"":""돈·재테크"",""score"":0.7}]","[{""categoryId"":""SHOPPING_PRODUCT"",""categoryName"":""쇼핑·제품"",""score"":0.8},{""categoryId"":""MONEY_FINANCE"",""categoryName"":""돈·재테크"",""score"":0.7}]",True,,,False,3370.9498
67,TEXT-067,split-with-description,split,True,1,비상금 규모 정하기,돈·재테크/067-비상금 규모 정하기.txt,MONEY_FINANCE,돈·재테크,MONEY_FINANCE,True,0.8,MONEY_FINANCE,MONEY_FINANCE,True,,0,1,True,True,EXACT_CORRECT,False,False,False,False,False,False,True,True,True,True,False,[],,"[{""categoryId"":""MONEY_FINANCE"",""categoryName"":""돈·재테크"",""score"":1.0}]","[{""categoryId"":""MONEY_FINANCE"",""categoryName"":""돈·재테크"",""score"":1.0}]",True,,,False,2154.8082
68,TEXT-068,split-with-description,split,True,1,보험 가입 전에 확인할 내용,돈·재테크/068-보험 가입 전에 확인할 내용.txt,MONEY_FINANCE,돈·재테크,MONEY_FINANCE,True,0.8,MONEY_FINANCE,MONEY_FINANCE,True,,0,1,True,True,EXACT_CORRECT,False,False,False,False,False,False,True,True,True,True,False,[],,"[{""categoryId"":""MONEY_FINANCE"",""categoryName"":""돈·재테크"",""score"":1.0}]","[{""categoryId"":""MONEY_FINANCE"",""categoryName"":""돈·재테크"",""score"":1.0}]",True,,,False,2192.3975
19,TEXT-019,split-with-description,split,True,1,텍스트-2026.07.20-1245,문화·콘텐츠/019-텍스트-2026.07.20-1245.txt,CULTURE_CONTENT,문화·콘텐츠,CULTURE_CONTENT,True,0.8,CULTURE_CONTENT,CULTURE_CONTENT,True,,0,1,True,True,EXACT_CORRECT,False,False,False,False,False,False,True,True,True,True,False,[],,"[{""categoryId"":""CULTURE_CONTENT"",""categoryName"":""문화·콘텐츠"",""score"":0.8},{""categoryId"":""IDEA_INSPIRATION"",""categoryName"":""아이디어·영감"",""score"":0.6}]","[{""categoryId"":""CULTURE_CONTENT"",""categoryName"":""문화·콘텐츠"",""score"":0.8},{""categoryId"":""IDEA_INSPIRATION"",""categoryName"":""아이디어·영감"",""score"":0.6}]",True,,,False,3754.6293
20,TEXT-020,split-with-description,split,True,1,읽어볼 개발 에세이,문화·콘텐츠/020-읽어볼 개발 에세이.txt,CULTURE_CONTENT,문화·콘텐츠,CULTURE_CONTENT,True,0.8,CULTURE_CONTENT,CULTURE_CONTENT,True,,0,1,True,True,EXACT_CORRECT,False,False,False,False,False,False,True,True,True,True,False,[],,"[{""categoryId"":""CULTURE_CONTENT"",""categoryName"":""문화·콘텐츠"",""score"":0.8},{""categoryId"":""LEARNING_KNOWLEDGE"",""categoryName"":""학습·지식"",""score"":0.7}]","[{""categoryId"":""CULTURE_CONTENT"",""categoryName"":""문화·콘텐츠"",""score"":0.8},{""categoryId"":""LEARNING_KNOWLEDGE"",""categoryName"":""학습·지식"",""score"":0.7}]",True,,,False,3397.8205
59,TEXT-059,split-with-description,split,True,1,주말에 볼 영화 후보,문화·콘텐츠/059-주말에 볼 영화 후보.txt,CULTURE_CONTENT,문화·콘텐츠,CULTURE_CONTENT,True,0.8,CULTURE_CONTENT,CULTURE_CONTENT,True,,0,1,True,True,EXACT_CORRECT,False,False,False,False,False,False,True,True,True,True,False,[],,"[{""categoryId"":""CULTURE_CONTENT"",""categoryName"":""문화·콘텐츠"",""score"":0.9}]","[{""categoryId"":""CULTURE_CONTENT"",""categoryName"":""문화·콘텐츠"",""score"":0.9}]",True,,,False,2240.0769
60,TEXT-060,split-with-description,split,True,1,텍스트-2026-07-15,문화·콘텐츠/060-텍스트-2026-07-15.txt,CULTURE_CONTENT,문화·콘텐츠,CULTURE_CONTENT,True,0.8,CULTURE_CONTENT,CULTURE_CONTENT,True,,0,1,True,True,EXACT_CORRECT,False,False,False,False,False,False,True,True,True,True,False,[],,"[{""categoryId"":""CULTURE_CONTENT"",""categoryName"":""문화·콘텐츠"",""score"":0.9},{""categoryId"":""LEARNING_KNOWLEDGE"",""categoryName"":""학습·지식"",""score"":0.7}]","[{""categoryId"":""CULTURE_CONTENT"",""categoryName"":""문화·콘텐츠"",""score"":0.9},{""categoryId"":""LEARNING_KNOWLEDGE"",""categoryName"":""학습·지식"",""score"":0.7}]",True,,,False,3314.1739
61,TEXT-061,split-with-description,split,True,1,서울 사진전 정보,문화·콘텐츠/061-서울 사진전 정보.txt,CULTURE_CONTENT,문화·콘텐츠,CULTURE_CONTENT,True,0.8,CULTURE_CONTENT,CULTURE_CONTENT,True,,0,1,True,True,EXACT_CORRECT,False,False,False,False,False,False,True,True,True,True,False,[],,"[{""categoryId"":""CULTURE_CONTENT"",""categoryName"":""문화·콘텐츠"",""score"":0.9}]","[{""categoryId"":""CULTURE_CONTENT"",""categoryName"":""문화·콘텐츠"",""score"":0.9}]",True,,,False,2145.1953
62,TEXT-062,split-with-description,split,True,1,출근할 때 들을 음악,문화·콘텐츠/062-출근할 때 들을 음악.txt,CULTURE_CONTENT,문화·콘텐츠,FOOD_RESTAURANT,False,0.8,FOOD_RESTAURANT,FOOD_RESTAURANT,False,FOOD_RESTAURANT,1,1,False,False,WRONG_MISSING_GOLD,False,True,True,False,False,False,True,False,False,False,False,[],THRESHOLD_MISS,"[{""categoryId"":""FOOD_RESTAURANT"",""categoryName"":""음식·맛집"",""score"":0.8},{""categoryId"":""CULTURE_CONTENT"",""categoryName"":""문화·콘텐츠"",""score"":0.7}]","[{""categoryId"":""FOOD_RESTAURANT"",""categoryName"":""음식·맛집"",""score"":0.8},{""categoryId"":""CULTURE_CONTENT"",""categoryName"":""문화·콘텐츠"",""score"":0.7}]",True,,,False,3443.4588
63,TEXT-063,split-with-description,split,True,1,웹툰 추천 목록,문화·콘텐츠/063-웹툰 추천 목록.txt,CULTURE_CONTENT,문화·콘텐츠,CULTURE_CONTENT,True,0.8,CULTURE_CONTENT,CULTURE_CONTENT,True,,0,1,True,True,EXACT_CORRECT,False,False,False,False,False,False,True,True,True,True,False,[],,"[{""categoryId"":""CULTURE_CONTENT"",""categoryName"":""문화·콘텐츠"",""score"":1.0}]","[{""categoryId"":""CULTURE_CONTENT"",""categoryName"":""문화·콘텐츠"",""score"":1.0}]",True,,,False,2056.0155
6,TEXT-006,split-with-description,split,True,1,1주차 백로그 정리,생활·할 일/006-1주차 백로그 정리.txt,LIFE_TASK,생활·할 일,LEARNING_KNOWLEDGE,False,0.8,LEARNING_KNOWLEDGE,LEARNING_KNOWLEDGE,False,LEARNING_KNOWLEDGE,1,1,False,False,WRONG_MISSING_GOLD,False,True,False,False,False,False,False,False,False,False,False,[],MISSING_GOLD_CATEGORY,"[{""categoryId"":""LEARNING_KNOWLEDGE"",""categoryName"":""학습·지식"",""score"":0.8},{""categoryId"":""IDEA_INSPIRATION"",""categoryName"":""아이디어·영감"",""score"":0.6}]","[{""categoryId"":""LEARNING_KNOWLEDGE"",""categoryName"":""학습·지식"",""score"":0.8},{""categoryId"":""IDEA_INSPIRATION"",""categoryName"":""아이디어·영감"",""score"":0.6}]",True,,,False,3646.0784
9,TEXT-009,split-with-description,split,True,1,텍스트-2026.07.20-1035,생활·할 일/009-텍스트-2026.07.20-1035.txt,LIFE_TASK,생활·할 일,LIFE_TASK,True,0.8,LIFE_TASK,LIFE_TASK,True,,0,1,True,True,EXACT_CORRECT,False,False,False,False,False,False,True,True,True,True,False,[],,"[{""categoryId"":""LIFE_TASK"",""categoryName"":""생활·할 일"",""score"":1.0}]","[{""categoryId"":""LIFE_TASK"",""categoryName"":""생활·할 일"",""score"":1.0}]",True,,,False,2135.8138
10,TEXT-010,split-with-description,split,True,1,주말 방 정리 계획,생활·할 일/010-주말 방 정리 계획.txt,LIFE_TASK,생활·할 일,LIFE_TASK,True,0.8,LIFE_TASK,LIFE_TASK,True,,0,1,True,True,EXACT_CORRECT,False,False,False,False,False,False,True,True,True,True,False,[],,"[{""categoryId"":""LIFE_TASK"",""categoryName"":""생활·할 일"",""score"":1.0}]","[{""categoryId"":""LIFE_TASK"",""categoryName"":""생활·할 일"",""score"":1.0}]",True,,,False,1992.5273
24,TEXT-024,split-with-description,split,True,1,이사 전날 확인할 목록,생활·할 일/024-이사 전날 확인할 목록.txt,LIFE_TASK,생활·할 일,LIFE_TASK,True,0.8,LIFE_TASK,LIFE_TASK,True,,0,1,True,True,EXACT_CORRECT,False,False,False,False,False,False,True,True,True,True,False,[],,"[{""categoryId"":""LIFE_TASK"",""categoryName"":""생활·할 일"",""score"":1.0}]","[{""categoryId"":""LIFE_TASK"",""categoryName"":""생활·할 일"",""score"":1.0}]",True,,,False,1942.2974
25,TEXT-025,split-with-description,split,True,1,텍스트-2026-07-01,생활·할 일/025-텍스트-2026-07-01.txt,LIFE_TASK,생활·할 일,LIFE_TASK,True,0.8,LIFE_TASK,LIFE_TASK,True,,0,1,True,True,EXACT_CORRECT,False,False,False,False,False,False,True,True,True,True,False,[],,"[{""categoryId"":""LIFE_TASK"",""categoryName"":""생활·할 일"",""score"":1.0}]","[{""categoryId"":""LIFE_TASK"",""categoryName"":""생활·할 일"",""score"":1.0}]",True,,,False,2137.8618
26,TEXT-026,split-with-description,split,True,1,장마철 빨래 냄새 줄이는 방법,생활·할 일/026-장마철 빨래 냄새 줄이는 방법.txt,LIFE_TASK,생활·할 일,LIFE_TASK,True,0.8,LIFE_TASK,LIFE_TASK,True,,0,1,True,True,EXACT_CORRECT,False,False,False,False,False,False,True,True,True,True,False,[],,"[{""categoryId"":""LIFE_TASK"",""categoryName"":""생활·할 일"",""score"":1.0}]","[{""categoryId"":""LIFE_TASK"",""categoryName"":""생활·할 일"",""score"":1.0}]",True,,,False,2139.8985
27,TEXT-027,split-with-description,split,True,1,다음 주 일정 메모,생활·할 일/027-다음 주 일정 메모.txt,LIFE_TASK,생활·할 일,LIFE_TASK,True,0.8,LIFE_TASK,LIFE_TASK,True,,0,1,True,True,EXACT_CORRECT,False,False,False,False,False,False,True,True,True,True,False,[],,"[{""categoryId"":""LIFE_TASK"",""categoryName"":""생활·할 일"",""score"":1.0}]","[{""categoryId"":""LIFE_TASK"",""categoryName"":""생활·할 일"",""score"":1.0}]",True,,,False,1972.2406
28,TEXT-028,split-with-description,split,True,1,공과금 자동이체 변경 순서,생활·할 일/028-공과금 자동이체 변경 순서.txt,LIFE_TASK,생활·할 일,LIFE_TASK,True,0.8,LIFE_TASK,LIFE_TASK,True,,0,1,True,True,EXACT_CORRECT,False,False,False,False,False,False,True,True,True,True,False,[],,"[{""categoryId"":""LIFE_TASK"",""categoryName"":""생활·할 일"",""score"":1.0}]","[{""categoryId"":""LIFE_TASK"",""categoryName"":""생활·할 일"",""score"":1.0}]",True,,,False,1964.9647
23,TEXT-023,split-with-description,split,True,1,기숙사 준비물,생활·할 일/기숙사 준비물.txt,LIFE_TASK,생활·할 일,LIFE_TASK,True,0.8,LIFE_TASK,LIFE_TASK,True,,0,1,True,True,EXACT_CORRECT,False,False,False,False,False,False,True,True,True,True,False,[],,"[{""categoryId"":""LIFE_TASK"",""categoryName"":""생활·할 일"",""score"":1.0}]","[{""categoryId"":""LIFE_TASK"",""categoryName"":""생활·할 일"",""score"":1.0}]",True,,,False,2420.5424
11,TEXT-011,split-with-description,split,True,1,텍스트-2026.07.20-1100,쇼핑·제품/011-텍스트-2026.07.20-1100.txt,SHOPPING_PRODUCT,쇼핑·제품,SHOPPING_PRODUCT,True,0.8,SHOPPING_PRODUCT,SHOPPING_PRODUCT,True,,0,1,True,True,EXACT_CORRECT,False,False,False,False,False,False,True,True,True,True,False,[],,"[{""categoryId"":""SHOPPING_PRODUCT"",""categoryName"":""쇼핑·제품"",""score"":0.9},{""categoryId"":""LEARNING_KNOWLEDGE"",""categoryName"":""학습·지식"",""score"":0.6}]","[{""categoryId"":""SHOPPING_PRODUCT"",""categoryName"":""쇼핑·제품"",""score"":0.9},{""categoryId"":""LEARNING_KNOWLEDGE"",""categoryName"":""학습·지식"",""score"":0.6}]",True,,,False,3431.8361
12,TEXT-012,split-with-description,split,True,1,무선 키보드 구매 후보,쇼핑·제품/012-무선 키보드 구매 후보.txt,SHOPPING_PRODUCT,쇼핑·제품,SHOPPING_PRODUCT,True,0.8,SHOPPING_PRODUCT,SHOPPING_PRODUCT,True,,0,1,True,True,EXACT_CORRECT,False,False,False,False,False,False,True,True,True,True,False,[],,"[{""categoryId"":""SHOPPING_PRODUCT"",""categoryName"":""쇼핑·제품"",""score"":1.0}]","[{""categoryId"":""SHOPPING_PRODUCT"",""categoryName"":""쇼핑·제품"",""score"":1.0}]",True,,,False,2092.7276
49,TEXT-049,split-with-description,split,True,1,무선 키보드 비교,쇼핑·제품/049-무선 키보드 비교.txt,SHOPPING_PRODUCT,쇼핑·제품,SHOPPING_PRODUCT,True,0.8,SHOPPING_PRODUCT,SHOPPING_PRODUCT,True,,0,1,True,True,EXACT_CORRECT,False,False,False,False,False,False,True,True,True,True,False,[],,"[{""categoryId"":""SHOPPING_PRODUCT"",""categoryName"":""쇼핑·제품"",""score"":1.0}]","[{""categoryId"":""SHOPPING_PRODUCT"",""categoryName"":""쇼핑·제품"",""score"":1.0}]",True,,,False,2117.8622
50,TEXT-050,split-with-description,split,True,1,텍스트-2026-07-11,쇼핑·제품/050-텍스트-2026-07-11.txt,SHOPPING_PRODUCT,쇼핑·제품,SHOPPING_PRODUCT,True,0.8,SHOPPING_PRODUCT,SHOPPING_PRODUCT,True,,0,1,True,True,EXACT_CORRECT,False,False,False,False,False,False,True,True,True,True,False,[],,"[{""categoryId"":""SHOPPING_PRODUCT"",""categoryName"":""쇼핑·제품"",""score"":0.9}]","[{""categoryId"":""SHOPPING_PRODUCT"",""categoryName"":""쇼핑·제품"",""score"":0.9}]",True,,,False,2073.0665
51,TEXT-051,split-with-description,split,True,1,로봇청소기 구매 후보,쇼핑·제품/051-로봇청소기 구매 후보.txt,SHOPPING_PRODUCT,쇼핑·제품,SHOPPING_PRODUCT,True,0.8,SHOPPING_PRODUCT,SHOPPING_PRODUCT,True,,0,1,True,True,EXACT_CORRECT,False,False,False,False,False,False,True,True,True,True,False,[],,"[{""categoryId"":""SHOPPING_PRODUCT"",""categoryName"":""쇼핑·제품"",""score"":1.0}]","[{""categoryId"":""SHOPPING_PRODUCT"",""categoryName"":""쇼핑·제품"",""score"":1.0}]",True,,,False,2023.9858
52,TEXT-052,split-with-description,split,True,1,여행용 보조배터리 확인 사항,쇼핑·제품/052-여행용 보조배터리 확인 사항.txt,SHOPPING_PRODUCT,쇼핑·제품,SHOPPING_PRODUCT,True,0.8,SHOPPING_PRODUCT,SHOPPING_PRODUCT,True,,0,1,True,True,EXACT_CORRECT,False,False,False,False,False,False,True,True,True,True,False,[],,"[{""categoryId"":""SHOPPING_PRODUCT"",""categoryName"":""쇼핑·제품"",""score"":0.9},{""categoryId"":""TRAVEL_PLACE"",""categoryName"":""여행·장소"",""score"":0.6}]","[{""categoryId"":""SHOPPING_PRODUCT"",""categoryName"":""쇼핑·제품"",""score"":0.9},{""categoryId"":""TRAVEL_PLACE"",""categoryName"":""여행·장소"",""score"":0.6}]",True,,,False,3278.0322
53,TEXT-053,split-with-description,split,True,1,부모님 선물용 마사지기 후기,쇼핑·제품/053-부모님 선물용 마사지기 후기.txt,SHOPPING_PRODUCT,쇼핑·제품,SHOPPING_PRODUCT,True,0.8,SHOPPING_PRODUCT,SHOPPING_PRODUCT,True,,0,1,True,True,EXACT_CORRECT,False,False,False,False,False,False,True,True,True,True,False,[],,"[{""categoryId"":""SHOPPING_PRODUCT"",""categoryName"":""쇼핑·제품"",""score"":0.9}]","[{""categoryId"":""SHOPPING_PRODUCT"",""categoryName"":""쇼핑·제품"",""score"":0.9}]",True,,,False,2144.389
5,TEXT-005,split-with-description,split,True,1,텍스트-2026.07.20-0940,아이디어·영감/005-텍스트-2026.07.20-0940.txt,IDEA_INSPIRATION,아이디어·영감,IDEA_INSPIRATION,True,0.8,IDEA_INSPIRATION,IDEA_INSPIRATION,True,,0,1,True,True,EXACT_CORRECT,False,False,False,False,False,False,True,True,True,True,False,[],,"[{""categoryId"":""IDEA_INSPIRATION"",""categoryName"":""아이디어·영감"",""score"":0.85},{""categoryId"":""LEARNING_KNOWLEDGE"",""categoryName"":""학습·지식"",""score"":0.75}]","[{""categoryId"":""IDEA_INSPIRATION"",""categoryName"":""아이디어·영감"",""score"":0.85},{""categoryId"":""LEARNING_KNOWLEDGE"",""categoryName"":""학습·지식"",""score"":0.75}]",True,,,False,3788.9037
69,TEXT-069,split-with-description,split,True,1,앱 첫 화면 디자인 참고,아이디어·영감/069-앱 첫 화면 디자인 참고.txt,IDEA_INSPIRATION,아이디어·영감,IDEA_INSPIRATION,True,0.8,IDEA_INSPIRATION,IDEA_INSPIRATION,True,,0,1,True,True,EXACT_CORRECT,False,False,False,False,False,False,True,True,True,True,False,[],,"[{""categoryId"":""IDEA_INSPIRATION"",""categoryName"":""아이디어·영감"",""score"":0.8},{""categoryId"":""CULTURE_CONTENT"",""categoryName"":""문화·콘텐츠"",""score"":0.6}]","[{""categoryId"":""IDEA_INSPIRATION"",""categoryName"":""아이디어·영감"",""score"":0.8},{""categoryId"":""CULTURE_CONTENT"",""categoryName"":""문화·콘텐츠"",""score"":0.6}]",True,,,False,3589.3717
70,TEXT-070,split-with-description,split,True,1,텍스트-2026-07-19,아이디어·영감/070-텍스트-2026-07-19.txt,IDEA_INSPIRATION,아이디어·영감,IDEA_INSPIRATION,True,0.8,IDEA_INSPIRATION,IDEA_INSPIRATION,True,,0,1,True,True,EXACT_CORRECT,False,False,False,False,False,False,True,True,True,True,False,[],,"[{""categoryId"":""IDEA_INSPIRATION"",""categoryName"":""아이디어·영감"",""score"":0.8}]","[{""categoryId"":""IDEA_INSPIRATION"",""categoryName"":""아이디어·영감"",""score"":0.8}]",True,,,False,2333.378
71,TEXT-071,split-with-description,split,True,1,방 꾸미기 참고 이미지,아이디어·영감/071-방 꾸미기 참고 이미지.txt,IDEA_INSPIRATION,아이디어·영감,LIFE_TASK,False,0.8,LIFE_TASK,LIFE_TASK,False,LIFE_TASK,1,1,False,False,WRONG_MISSING_GOLD,False,True,False,False,False,False,False,False,False,False,False,[],MISSING_GOLD_CATEGORY,"[{""categoryId"":""LIFE_TASK"",""categoryName"":""생활·할 일"",""score"":0.8},{""categoryId"":""CULTURE_CONTENT"",""categoryName"":""문화·콘텐츠"",""score"":0.2}]","[{""categoryId"":""LIFE_TASK"",""categoryName"":""생활·할 일"",""score"":0.8},{""categoryId"":""CULTURE_CONTENT"",""categoryName"":""문화·콘텐츠"",""score"":0.2}]",True,,,False,3343.8321
72,TEXT-072,split-with-description,split,True,1,숏폼 콘텐츠 구성 방식,아이디어·영감/072-숏폼 콘텐츠 구성 방식.txt,IDEA_INSPIRATION,아이디어·영감,IDEA_INSPIRATION,True,0.8,IDEA_INSPIRATION,IDEA_INSPIRATION,True,,0,1,True,True,EXACT_CORRECT,False,False,False,False,False,False,True,True,True,True,False,[],,"[{""categoryId"":""IDEA_INSPIRATION"",""categoryName"":""아이디어·영감"",""score"":0.8},{""categoryId"":""CULTURE_CONTENT"",""categoryName"":""문화·콘텐츠"",""score"":0.6}]","[{""categoryId"":""IDEA_INSPIRATION"",""categoryName"":""아이디어·영감"",""score"":0.8},{""categoryId"":""CULTURE_CONTENT"",""categoryName"":""문화·콘텐츠"",""score"":0.6}]",True,,,False,3612.8716
73,TEXT-073,split-with-description,split,True,1,사진 구도 참고,아이디어·영감/073-사진 구도 참고.txt,IDEA_INSPIRATION,아이디어·영감,IDEA_INSPIRATION,True,0.8,IDEA_INSPIRATION,IDEA_INSPIRATION,True,,0,1,True,True,EXACT_CORRECT,False,False,False,False,False,False,True,True,True,True,False,[],,"[{""categoryId"":""IDEA_INSPIRATION"",""categoryName"":""아이디어·영감"",""score"":0.8},{""categoryId"":""CULTURE_CONTENT"",""categoryName"":""문화·콘텐츠"",""score"":0.6}]","[{""categoryId"":""IDEA_INSPIRATION"",""categoryName"":""아이디어·영감"",""score"":0.8},{""categoryId"":""CULTURE_CONTENT"",""categoryName"":""문화·콘텐츠"",""score"":0.6}]",True,,,False,3556.1057
15,TEXT-015,split-with-description,split,True,1,텍스트-2026.07.20-1150,여행·장소/015-텍스트-2026.07.20-1150.txt,TRAVEL_PLACE,여행·장소,TRAVEL_PLACE,True,0.8,TRAVEL_PLACE,TRAVEL_PLACE,True,,0,1,True,True,EXACT_CORRECT,False,False,False,False,False,False,True,True,True,True,False,[],,"[{""categoryId"":""TRAVEL_PLACE"",""categoryName"":""여행·장소"",""score"":0.95}]","[{""categoryId"":""TRAVEL_PLACE"",""categoryName"":""여행·장소"",""score"":0.95}]",True,,,False,2164.5824
16,TEXT-016,split-with-description,split,True,1,서울 전시회 방문 후보,여행·장소/016-서울 전시회 방문 후보.txt,TRAVEL_PLACE,여행·장소,TRAVEL_PLACE,True,0.8,TRAVEL_PLACE,TRAVEL_PLACE,True,,0,1,True,True,EXACT_CORRECT,False,False,False,False,False,False,True,True,True,True,False,[],,"[{""categoryId"":""TRAVEL_PLACE"",""categoryName"":""여행·장소"",""score"":0.9},{""categoryId"":""FOOD_RESTAURANT"",""categoryName"":""음식·맛집"",""score"":0.6}]","[{""categoryId"":""TRAVEL_PLACE"",""categoryName"":""여행·장소"",""score"":0.9},{""categoryId"":""FOOD_RESTAURANT"",""categoryName"":""음식·맛집"",""score"":0.6}]",True,,,False,3528.9414
39,TEXT-039,split-with-description,split,True,1,부산에서 일몰 보기 좋은 곳,여행·장소/039-부산에서 일몰 보기 좋은 곳.txt,TRAVEL_PLACE,여행·장소,TRAVEL_PLACE,True,0.8,TRAVEL_PLACE,TRAVEL_PLACE,True,,0,1,True,True,EXACT_CORRECT,False,False,False,False,False,False,True,True,True,True,False,[],,"[{""categoryId"":""TRAVEL_PLACE"",""categoryName"":""여행·장소"",""score"":0.9}]","[{""categoryId"":""TRAVEL_PLACE"",""categoryName"":""여행·장소"",""score"":0.9}]",True,,,False,2284.1292
40,TEXT-040,split-with-description,split,True,1,텍스트-2026-07-07,여행·장소/040-텍스트-2026-07-07.txt,TRAVEL_PLACE,여행·장소,TRAVEL_PLACE,True,0.8,TRAVEL_PLACE,TRAVEL_PLACE,True,,0,1,True,True,EXACT_CORRECT,False,False,False,False,False,False,True,True,True,True,False,[],,"[{""categoryId"":""TRAVEL_PLACE"",""categoryName"":""여행·장소"",""score"":0.8},{""categoryId"":""IDEA_INSPIRATION"",""categoryName"":""아이디어·영감"",""score"":0.6}]","[{""categoryId"":""TRAVEL_PLACE"",""categoryName"":""여행·장소"",""score"":0.8},{""categoryId"":""IDEA_INSPIRATION"",""categoryName"":""아이디어·영감"",""score"":0.6}]",True,,,False,3467.1585
41,TEXT-041,split-with-description,split,True,1,교토 버스 이용 팁,여행·장소/041-교토 버스 이용 팁.txt,TRAVEL_PLACE,여행·장소,TRAVEL_PLACE,True,0.8,TRAVEL_PLACE,TRAVEL_PLACE,True,,0,1,True,True,EXACT_CORRECT,False,False,False,False,False,False,True,True,True,True,False,[],,"[{""categoryId"":""TRAVEL_PLACE"",""categoryName"":""여행·장소"",""score"":0.8}]","[{""categoryId"":""TRAVEL_PLACE"",""categoryName"":""여행·장소"",""score"":0.8}]",True,,,False,2141.8961
42,TEXT-042,split-with-description,split,True,1,비 오는 날 서울에서 갈 곳,여행·장소/042-비 오는 날 서울에서 갈 곳.txt,TRAVEL_PLACE,여행·장소,TRAVEL_PLACE,True,0.8,TRAVEL_PLACE,TRAVEL_PLACE,True,,0,1,True,True,EXACT_CORRECT,False,False,False,False,False,False,True,True,True,True,False,[],,"[{""categoryId"":""TRAVEL_PLACE"",""categoryName"":""여행·장소"",""score"":0.8},{""categoryId"":""CULTURE_CONTENT"",""categoryName"":""문화·콘텐츠"",""score"":0.6}]","[{""categoryId"":""TRAVEL_PLACE"",""categoryName"":""여행·장소"",""score"":0.8},{""categoryId"":""CULTURE_CONTENT"",""categoryName"":""문화·콘텐츠"",""score"":0.6}]",True,,,False,3450.0219
43,TEXT-043,split-with-description,split,True,1,숙소 예약 전에 확인할 내용,여행·장소/043-숙소 예약 전에 확인할 내용.txt,TRAVEL_PLACE,여행·장소,TRAVEL_PLACE,True,0.8,TRAVEL_PLACE,TRAVEL_PLACE,True,,0,1,True,True,EXACT_CORRECT,False,False,False,False,False,False,True,True,True,True,False,[],,"[{""categoryId"":""TRAVEL_PLACE"",""categoryName"":""여행·장소"",""score"":0.8},{""categoryId"":""SHOPPING_PRODUCT"",""categoryName"":""쇼핑·제품"",""score"":0.2}]","[{""categoryId"":""TRAVEL_PLACE"",""categoryName"":""여행·장소"",""score"":0.8},{""categoryId"":""SHOPPING_PRODUCT"",""categoryName"":""쇼핑·제품"",""score"":0.2}]",True,,,False,3286.8781
13,TEXT-013,split-with-description,split,True,1,텍스트-2026.07.20-1125,음식·맛집/013-텍스트-2026.07.20-1125.txt,FOOD_RESTAURANT,음식·맛집,FOOD_RESTAURANT,True,0.8,FOOD_RESTAURANT,FOOD_RESTAURANT,True,,0,1,True,True,EXACT_CORRECT,False,False,False,False,False,False,True,True,True,True,False,[],,"[{""categoryId"":""FOOD_RESTAURANT"",""categoryName"":""음식·맛집"",""score"":0.95},{""categoryId"":""TRAVEL_PLACE"",""categoryName"":""여행·장소"",""score"":0.75}]","[{""categoryId"":""FOOD_RESTAURANT"",""categoryName"":""음식·맛집"",""score"":0.95},{""categoryId"":""TRAVEL_PLACE"",""categoryName"":""여행·장소"",""score"":0.75}]",True,,,False,3485.492
14,TEXT-014,split-with-description,split,True,1,닭가슴살 볶음밥 레시피,음식·맛집/014-닭가슴살 볶음밥 레시피.txt,FOOD_RESTAURANT,음식·맛집,FOOD_RESTAURANT,True,0.8,FOOD_RESTAURANT,FOOD_RESTAURANT,True,,0,1,True,True,EXACT_CORRECT,False,False,False,False,False,False,True,True,True,True,False,[],,"[{""categoryId"":""FOOD_RESTAURANT"",""categoryName"":""음식·맛집"",""score"":1.0}]","[{""categoryId"":""FOOD_RESTAURANT"",""categoryName"":""음식·맛집"",""score"":1.0}]",True,,,False,2378.052
44,TEXT-044,split-with-description,split,True,1,성수동 파스타 식당,음식·맛집/044-성수동 파스타 식당.txt,FOOD_RESTAURANT,음식·맛집,FOOD_RESTAURANT,True,0.8,FOOD_RESTAURANT,FOOD_RESTAURANT,True,,0,1,True,True,EXACT_CORRECT,False,False,False,False,False,False,True,True,True,True,False,[],,"[{""categoryId"":""FOOD_RESTAURANT"",""categoryName"":""음식·맛집"",""score"":1.0}]","[{""categoryId"":""FOOD_RESTAURANT"",""categoryName"":""음식·맛집"",""score"":1.0}]",True,,,False,2237.2814
45,TEXT-045,split-with-description,split,True,1,텍스트-2026-07-09,음식·맛집/045-텍스트-2026-07-09.txt,FOOD_RESTAURANT,음식·맛집,FOOD_RESTAURANT,True,0.8,FOOD_RESTAURANT,FOOD_RESTAURANT,True,,0,1,True,True,EXACT_CORRECT,False,False,False,False,False,False,True,True,True,True,False,[],,"[{""categoryId"":""FOOD_RESTAURANT"",""categoryName"":""음식·맛집"",""score"":1.0}]","[{""categoryId"":""FOOD_RESTAURANT"",""categoryName"":""음식·맛집"",""score"":1.0}]",True,,,False,2150.976
46,TEXT-046,split-with-description,split,True,1,광주에서 늦게까지 하는 카페,음식·맛집/046-광주에서 늦게까지 하는 카페.txt,FOOD_RESTAURANT,음식·맛집,TRAVEL_PLACE,False,0.8,TRAVEL_PLACE,TRAVEL_PLACE,False,TRAVEL_PLACE,1,1,False,False,WRONG_MISSING_GOLD,False,True,True,False,False,False,True,False,False,False,False,[],THRESHOLD_MISS,"[{""categoryId"":""TRAVEL_PLACE"",""categoryName"":""여행·장소"",""score"":0.8},{""categoryId"":""FOOD_RESTAURANT"",""categoryName"":""음식·맛집"",""score"":0.7}]","[{""categoryId"":""TRAVEL_PLACE"",""categoryName"":""여행·장소"",""score"":0.8},{""categoryId"":""FOOD_RESTAURANT"",""categoryName"":""음식·맛집"",""score"":0.7}]",True,,,False,3655.7176
47,TEXT-047,split-with-description,split,True,1,냉동 만두를 바삭하게 굽는 방법,음식·맛집/047-냉동 만두를 바삭하게 굽는 방법.txt,FOOD_RESTAURANT,음식·맛집,FOOD_RESTAURANT,True,0.8,FOOD_RESTAURANT,FOOD_RESTAURANT,True,,0,1,True,True,EXACT_CORRECT,False,False,False,False,False,False,True,True,True,True,False,[],,"[{""categoryId"":""FOOD_RESTAURANT"",""categoryName"":""음식·맛집"",""score"":1.0}]","[{""categoryId"":""FOOD_RESTAURANT"",""categoryName"":""음식·맛집"",""score"":1.0}]",True,,,False,2253.8232
48,TEXT-048,split-with-description,split,True,1,제주 고기국수 후보,음식·맛집/048-제주 고기국수 후보.txt,FOOD_RESTAURANT,음식·맛집,FOOD_RESTAURANT,True,0.8,FOOD_RESTAURANT,FOOD_RESTAURANT,True,,0,1,True,True,EXACT_CORRECT,False,False,False,False,False,False,True,True,True,True,False,[],,"[{""categoryId"":""FOOD_RESTAURANT"",""categoryName"":""음식·맛집"",""score"":1.0}]","[{""categoryId"":""FOOD_RESTAURANT"",""categoryName"":""음식·맛집"",""score"":1.0}]",True,,,False,2288.0633
7,TEXT-007,split-with-description,split,True,1,텍스트-2026.07.20-1010,취업·커리어/007-텍스트-2026.07.20-1010.txt,CAREER,취업·커리어,LEARNING_KNOWLEDGE,False,0.8,LEARNING_KNOWLEDGE,LEARNING_KNOWLEDGE,False,LEARNING_KNOWLEDGE,1,1,False,False,WRONG_MISSING_GOLD,False,True,True,False,False,False,True,False,False,False,False,[],THRESHOLD_MISS,"[{""categoryId"":""LEARNING_KNOWLEDGE"",""categoryName"":""학습·지식"",""score"":0.9},{""categoryId"":""CAREER"",""categoryName"":""취업·커리어"",""score"":0.7}]","[{""categoryId"":""LEARNING_KNOWLEDGE"",""categoryName"":""학습·지식"",""score"":0.9},{""categoryId"":""CAREER"",""categoryName"":""취업·커리어"",""score"":0.7}]",True,,,False,3442.2279
8,TEXT-008,split-with-description,split,True,1,공기업 채용 공고 확인,취업·커리어/008-공기업 채용 공고 확인.txt,CAREER,취업·커리어,CAREER,True,0.8,CAREER,CAREER,True,,0,1,True,True,EXACT_CORRECT,False,False,False,False,False,False,True,True,True,True,False,[],,"[{""categoryId"":""CAREER"",""categoryName"":""취업·커리어"",""score"":1.0}]","[{""categoryId"":""CAREER"",""categoryName"":""취업·커리어"",""score"":1.0}]",True,,,False,2313.8586
34,TEXT-034,split-with-description,split,True,1,백엔드 개발자 채용 공고 확인,취업·커리어/034-백엔드 개발자 채용 공고 확인.txt,CAREER,취업·커리어,CAREER,True,0.8,CAREER,CAREER,True,,0,1,True,True,EXACT_CORRECT,False,False,False,False,False,False,True,True,True,True,False,[],,"[{""categoryId"":""CAREER"",""categoryName"":""취업·커리어"",""score"":1.0}]","[{""categoryId"":""CAREER"",""categoryName"":""취업·커리어"",""score"":1.0}]",True,,,False,2287.1717
35,TEXT-035,split-with-description,split,True,1,텍스트-2026-07-05,취업·커리어/035-텍스트-2026-07-05.txt,CAREER,취업·커리어,CAREER,True,0.8,CAREER,CAREER,True,,0,1,True,True,EXACT_CORRECT,False,False,False,False,False,False,True,True,True,True,False,[],,"[{""categoryId"":""CAREER"",""categoryName"":""취업·커리어"",""score"":1.0}]","[{""categoryId"":""CAREER"",""categoryName"":""취업·커리어"",""score"":1.0}]",True,,,False,2096.6032
36,TEXT-036,split-with-description,split,True,1,자기소개서 수정할 부분,취업·커리어/036-자기소개서 수정할 부분.txt,CAREER,취업·커리어,CAREER,True,0.8,CAREER,CAREER,True,,0,1,True,True,EXACT_CORRECT,False,False,False,False,False,False,True,True,True,True,False,[],,"[{""categoryId"":""CAREER"",""categoryName"":""취업·커리어"",""score"":1.0}]","[{""categoryId"":""CAREER"",""categoryName"":""취업·커리어"",""score"":1.0}]",True,,,False,2103.6283
37,TEXT-037,split-with-description,split,True,1,이직 전 확인할 조건,취업·커리어/037-이직 전 확인할 조건.txt,CAREER,취업·커리어,CAREER,True,0.8,CAREER,CAREER,True,,0,1,True,True,EXACT_CORRECT,False,False,False,False,False,False,True,True,True,True,False,[],,"[{""categoryId"":""CAREER"",""categoryName"":""취업·커리어"",""score"":1.0}]","[{""categoryId"":""CAREER"",""categoryName"":""취업·커리어"",""score"":1.0}]",True,,,False,2168.1773
38,TEXT-038,split-with-description,split,True,1,포트폴리오 프로젝트 설명 방식,취업·커리어/038-포트폴리오 프로젝트 설명 방식.txt,CAREER,취업·커리어,LEARNING_KNOWLEDGE,False,0.8,LEARNING_KNOWLEDGE,LEARNING_KNOWLEDGE,False,LEARNING_KNOWLEDGE,1,1,False,False,WRONG_MISSING_GOLD,False,True,False,False,False,False,False,False,False,False,False,[],MISSING_GOLD_CATEGORY,"[{""categoryId"":""LEARNING_KNOWLEDGE"",""categoryName"":""학습·지식"",""score"":0.9}]","[{""categoryId"":""LEARNING_KNOWLEDGE"",""categoryName"":""학습·지식"",""score"":0.9}]",True,,,False,2185.9338
1,TEXT-001,split-with-description,split,True,1,텍스트-2026.07.20-0905,학습·지식/001-텍스트-2026.07.20-0905.txt,LEARNING_KNOWLEDGE,학습·지식,LEARNING_KNOWLEDGE,True,0.8,LEARNING_KNOWLEDGE,LEARNING_KNOWLEDGE,True,,0,1,True,True,EXACT_CORRECT,False,False,False,False,False,False,True,True,True,True,False,[],,"[{""categoryId"":""LEARNING_KNOWLEDGE"",""categoryName"":""학습·지식"",""score"":0.95},{""categoryId"":""SHOPPING_PRODUCT"",""categoryName"":""쇼핑·제품"",""score"":0.05}]","[{""categoryId"":""LEARNING_KNOWLEDGE"",""categoryName"":""학습·지식"",""score"":0.95},{""categoryId"":""SHOPPING_PRODUCT"",""categoryName"":""쇼핑·제품"",""score"":0.05}]",True,,,False,3392.2852
2,TEXT-002,split-with-description,split,True,1,JWT 재발급 구조 정리,학습·지식/002-JWT 재발급 구조 정리.txt,LEARNING_KNOWLEDGE,학습·지식,LEARNING_KNOWLEDGE,True,0.8,LEARNING_KNOWLEDGE,LEARNING_KNOWLEDGE,True,,0,1,True,True,EXACT_CORRECT,False,False,False,False,False,False,True,True,True,True,False,[],,"[{""categoryId"":""LEARNING_KNOWLEDGE"",""categoryName"":""학습·지식"",""score"":1.0}]","[{""categoryId"":""LEARNING_KNOWLEDGE"",""categoryName"":""학습·지식"",""score"":1.0}]",True,,,False,2302.326
3,TEXT-003,split-with-description,split,True,1,텍스트-2026.07.20-0920,학습·지식/003-텍스트-2026.07.20-0920.txt,LEARNING_KNOWLEDGE,학습·지식,LEARNING_KNOWLEDGE,True,0.8,LEARNING_KNOWLEDGE,LEARNING_KNOWLEDGE,True,,0,1,True,True,EXACT_CORRECT,False,False,False,False,False,False,True,True,True,True,False,[],,"[{""categoryId"":""LEARNING_KNOWLEDGE"",""categoryName"":""학습·지식"",""score"":1.0}]","[{""categoryId"":""LEARNING_KNOWLEDGE"",""categoryName"":""학습·지식"",""score"":1.0}]",True,,,False,2339.9283
4,TEXT-004,split-with-description,split,True,1,SQLD 시험 공부 계획,학습·지식/004-SQLD 시험 공부 계획.txt,LEARNING_KNOWLEDGE,학습·지식,LEARNING_KNOWLEDGE,True,0.8,LEARNING_KNOWLEDGE,LEARNING_KNOWLEDGE,True,,0,1,True,True,EXACT_CORRECT,False,False,False,False,False,False,True,True,True,True,False,[],,"[{""categoryId"":""LEARNING_KNOWLEDGE"",""categoryName"":""학습·지식"",""score"":1.0}]","[{""categoryId"":""LEARNING_KNOWLEDGE"",""categoryName"":""학습·지식"",""score"":1.0}]",True,,,False,2251.9091
29,TEXT-029,split-with-description,split,True,1,Redis 큐에서 작업이 중복될 수 있는 이유,학습·지식/029-Redis 큐에서 작업이 중복될 수 있는 이유.txt,LEARNING_KNOWLEDGE,학습·지식,LEARNING_KNOWLEDGE,True,0.8,LEARNING_KNOWLEDGE,LEARNING_KNOWLEDGE,True,,0,1,True,True,EXACT_CORRECT,False,False,False,False,False,False,True,True,True,True,False,[],,"[{""categoryId"":""LEARNING_KNOWLEDGE"",""categoryName"":""학습·지식"",""score"":0.9},{""categoryId"":""OTHER"",""categoryName"":""기타"",""score"":0.1}]","[{""categoryId"":""LEARNING_KNOWLEDGE"",""categoryName"":""학습·지식"",""score"":0.9},{""categoryId"":""OTHER"",""categoryName"":""기타"",""score"":0.1}]",True,,,False,3198.1435
30,TEXT-030,split-with-description,split,True,1,텍스트-2026-07-03,학습·지식/030-텍스트-2026-07-03.txt,LEARNING_KNOWLEDGE,학습·지식,LEARNING_KNOWLEDGE,True,0.8,LEARNING_KNOWLEDGE,LEARNING_KNOWLEDGE,True,,0,1,True,True,EXACT_CORRECT,False,False,False,False,False,False,True,True,True,True,False,[],,"[{""categoryId"":""LEARNING_KNOWLEDGE"",""categoryName"":""학습·지식"",""score"":1.0}]","[{""categoryId"":""LEARNING_KNOWLEDGE"",""categoryName"":""학습·지식"",""score"":1.0}]",True,,,False,2232.9677
31,TEXT-031,split-with-description,split,True,1,사진 촬영에서 조리개의 역할,학습·지식/031-사진 촬영에서 조리개의 역할.txt,LEARNING_KNOWLEDGE,학습·지식,LEARNING_KNOWLEDGE,True,0.8,LEARNING_KNOWLEDGE,LEARNING_KNOWLEDGE,True,,0,1,True,True,EXACT_CORRECT,False,False,False,False,False,False,True,True,True,True,False,[],,"[{""categoryId"":""LEARNING_KNOWLEDGE"",""categoryName"":""학습·지식"",""score"":1.0}]","[{""categoryId"":""LEARNING_KNOWLEDGE"",""categoryName"":""학습·지식"",""score"":1.0}]",True,,,False,2286.6689
32,TEXT-032,split-with-description,split,True,1,전세와 월세의 차이 정리,학습·지식/032-전세와 월세의 차이 정리.txt,LEARNING_KNOWLEDGE,학습·지식,LEARNING_KNOWLEDGE,True,0.8,LEARNING_KNOWLEDGE,LEARNING_KNOWLEDGE,True,,0,1,True,True,EXACT_CORRECT,False,False,False,False,False,False,True,True,True,True,False,[],,"[{""categoryId"":""LEARNING_KNOWLEDGE"",""categoryName"":""학습·지식"",""score"":1.0}]","[{""categoryId"":""LEARNING_KNOWLEDGE"",""categoryName"":""학습·지식"",""score"":1.0}]",True,,,False,2290.0319
33,TEXT-033,split-with-description,split,True,1,좋은 발표 자료의 정보 구조,학습·지식/033-좋은 발표 자료의 정보 구조.txt,LEARNING_KNOWLEDGE,학습·지식,LEARNING_KNOWLEDGE,True,0.8,LEARNING_KNOWLEDGE,LEARNING_KNOWLEDGE,True,,0,1,True,True,EXACT_CORRECT,False,False,False,False,False,False,True,True,True,True,False,[],,"[{""categoryId"":""LEARNING_KNOWLEDGE"",""categoryName"":""학습·지식"",""score"":1.0}]","[{""categoryId"":""LEARNING_KNOWLEDGE"",""categoryName"":""학습·지식"",""score"":1.0}]",True,,,False,2193.7425
17,TEXT-017,split-without-description,split,False,1,텍스트-2026.07.20-1220,건강·운동/017-텍스트-2026.07.20-1220.txt,HEALTH_EXERCISE,건강·운동,HEALTH_EXERCISE,True,0.5,HEALTH_EXERCISE,HEALTH_EXERCISE,True,,0,1,True,True,EXACT_CORRECT,False,False,False,False,False,False,True,True,True,True,False,[],,"[{""categoryId"":""HEALTH_EXERCISE"",""categoryName"":""건강·운동"",""score"":1.0}]","[{""categoryId"":""HEALTH_EXERCISE"",""categoryName"":""건강·운동"",""score"":1.0}]",True,,,False,8569.0897
18,TEXT-018,split-without-description,split,False,1,주 3회 운동 계획,건강·운동/018-주 3회 운동 계획.txt,HEALTH_EXERCISE,건강·운동,HEALTH_EXERCISE,True,0.5,HEALTH_EXERCISE,HEALTH_EXERCISE,True,,0,1,True,True,EXACT_CORRECT,False,False,False,False,False,False,True,True,True,True,False,[],,"[{""categoryId"":""HEALTH_EXERCISE"",""categoryName"":""건강·운동"",""score"":1.0}]","[{""categoryId"":""HEALTH_EXERCISE"",""categoryName"":""건강·운동"",""score"":1.0}]",True,,,False,1971.3876
54,TEXT-054,split-without-description,split,False,1,허리 부담을 줄이는 스쿼트 자세,건강·운동/054-허리 부담을 줄이는 스쿼트 자세.txt,HEALTH_EXERCISE,건강·운동,HEALTH_EXERCISE,True,0.5,HEALTH_EXERCISE,HEALTH_EXERCISE,True,,0,1,True,True,EXACT_CORRECT,False,False,False,False,False,False,True,True,True,True,False,[],,"[{""categoryId"":""HEALTH_EXERCISE"",""categoryName"":""건강·운동"",""score"":1.0}]","[{""categoryId"":""HEALTH_EXERCISE"",""categoryName"":""건강·운동"",""score"":1.0}]",True,,,False,2111.8798
55,TEXT-055,split-without-description,split,False,1,텍스트-2026-07-13,건강·운동/055-텍스트-2026-07-13.txt,HEALTH_EXERCISE,건강·운동,HEALTH_EXERCISE,True,0.5,HEALTH_EXERCISE,HEALTH_EXERCISE,True,,0,1,True,True,EXACT_CORRECT,False,False,False,False,False,False,True,True,True,True,False,[],,"[{""categoryId"":""HEALTH_EXERCISE"",""categoryName"":""건강·운동"",""score"":0.8}]","[{""categoryId"":""HEALTH_EXERCISE"",""categoryName"":""건강·운동"",""score"":0.8}]",True,,,False,2042.6972
56,TEXT-056,split-without-description,split,False,1,러닝 초보자 주간 계획,건강·운동/056-러닝 초보자 주간 계획.txt,HEALTH_EXERCISE,건강·운동,HEALTH_EXERCISE,True,0.5,HEALTH_EXERCISE,HEALTH_EXERCISE,True,,0,1,True,True,EXACT_CORRECT,False,False,False,False,False,False,True,True,True,True,False,[],,"[{""categoryId"":""HEALTH_EXERCISE"",""categoryName"":""건강·운동"",""score"":1.0}]","[{""categoryId"":""HEALTH_EXERCISE"",""categoryName"":""건강·운동"",""score"":1.0}]",True,,,False,2105.6702
57,TEXT-057,split-without-description,split,False,1,장시간 앉아 있을 때 스트레칭,건강·운동/057-장시간 앉아 있을 때 스트레칭.txt,HEALTH_EXERCISE,건강·운동,HEALTH_EXERCISE,True,0.5,HEALTH_EXERCISE,HEALTH_EXERCISE,True,,0,1,True,True,EXACT_CORRECT,False,False,False,False,False,False,True,True,True,True,False,[],,"[{""categoryId"":""HEALTH_EXERCISE"",""categoryName"":""건강·운동"",""score"":1.0}]","[{""categoryId"":""HEALTH_EXERCISE"",""categoryName"":""건강·운동"",""score"":1.0}]",True,,,False,2146.2376
58,TEXT-058,split-without-description,split,False,1,운동 후 식사 구성,건강·운동/058-운동 후 식사 구성.txt,HEALTH_EXERCISE,건강·운동,HEALTH_EXERCISE,True,0.5,HEALTH_EXERCISE|FOOD_RESTAURANT,HEALTH_EXERCISE|FOOD_RESTAURANT,True,FOOD_RESTAURANT,1,2,False,True,RELAXED_CORRECT,False,False,False,False,False,False,True,True,False,True,False,[],,"[{""categoryId"":""HEALTH_EXERCISE"",""categoryName"":""건강·운동"",""score"":0.8},{""categoryId"":""FOOD_RESTAURANT"",""categoryName"":""음식·맛집"",""score"":0.6}]","[{""categoryId"":""HEALTH_EXERCISE"",""categoryName"":""건강·운동"",""score"":0.8},{""categoryId"":""FOOD_RESTAURANT"",""categoryName"":""음식·맛집"",""score"":0.6}]",True,,,False,3478.7395
21,TEXT-021,split-without-description,split,False,1,텍스트-2026.07.20-1310,기타/021-텍스트-2026.07.20-1310.txt,OTHER,기타,IDEA_INSPIRATION,False,0.5,IDEA_INSPIRATION|LEARNING_KNOWLEDGE,IDEA_INSPIRATION|LEARNING_KNOWLEDGE,False,IDEA_INSPIRATION|LEARNING_KNOWLEDGE,2,2,False,False,WRONG_MISSING_GOLD,False,True,False,False,False,False,False,False,False,False,False,[],MISSING_GOLD_CATEGORY,"[{""categoryId"":""IDEA_INSPIRATION"",""categoryName"":""아이디어·영감"",""score"":0.8},{""categoryId"":""LEARNING_KNOWLEDGE"",""categoryName"":""학습·지식"",""score"":0.6}]","[{""categoryId"":""IDEA_INSPIRATION"",""categoryName"":""아이디어·영감"",""score"":0.8},{""categoryId"":""LEARNING_KNOWLEDGE"",""categoryName"":""학습·지식"",""score"":0.6}]",True,,,False,3536.4823
22,TEXT-022,split-without-description,split,False,1,텍스트-2026.07.20-1325,기타/022-텍스트-2026.07.20-1325.txt,OTHER,기타,IDEA_INSPIRATION,False,0.5,IDEA_INSPIRATION|LEARNING_KNOWLEDGE,IDEA_INSPIRATION|LEARNING_KNOWLEDGE,False,IDEA_INSPIRATION|LEARNING_KNOWLEDGE,2,2,False,False,WRONG_MISSING_GOLD,False,True,False,False,False,False,False,False,False,False,False,[],MISSING_GOLD_CATEGORY,"[{""categoryId"":""IDEA_INSPIRATION"",""categoryName"":""아이디어·영감"",""score"":0.8},{""categoryId"":""LEARNING_KNOWLEDGE"",""categoryName"":""학습·지식"",""score"":0.6}]","[{""categoryId"":""IDEA_INSPIRATION"",""categoryName"":""아이디어·영감"",""score"":0.8},{""categoryId"":""LEARNING_KNOWLEDGE"",""categoryName"":""학습·지식"",""score"":0.6}]",True,,,False,3634.2076
74,TEXT-074,split-without-description,split,False,1,텍스트-2026-07-21,기타/074-텍스트-2026-07-21.txt,OTHER,기타,,False,0.5,,OTHER,False,,0,0,False,False,EMPTY_PREDICTION,False,True,False,True,False,False,False,True,True,True,False,[],MISSING_GOLD_CATEGORY|EMPTY_PREDICTION|FALLBACK_USED,[],[],True,,,False,1023.7943
75,TEXT-075,split-without-description,split,False,1,확인할 문자열,기타/075-확인할 문자열.txt,OTHER,기타,,False,0.5,,OTHER,False,,0,0,False,False,EMPTY_PREDICTION,False,True,False,True,False,False,False,True,True,True,False,[],MISSING_GOLD_CATEGORY|EMPTY_PREDICTION|FALLBACK_USED,[],[],True,,,False,923.1272
76,TEXT-076,split-without-description,split,False,1,텍스트-2026-07-22,기타/076-텍스트-2026-07-22.txt,OTHER,기타,,False,0.5,,OTHER,False,,0,0,False,False,EMPTY_PREDICTION,False,True,False,True,False,False,False,True,True,True,False,[],MISSING_GOLD_CATEGORY|EMPTY_PREDICTION|FALLBACK_USED,[],[],True,,,False,900.2406
77,TEXT-077,split-without-description,split,False,1,내용을 확인할 수 없는 링크,기타/077-내용을 확인할 수 없는 링크.txt,OTHER,기타,,False,0.5,,OTHER,False,,0,0,False,False,EMPTY_PREDICTION,False,True,False,True,False,False,False,True,True,True,False,[],MISSING_GOLD_CATEGORY|EMPTY_PREDICTION|FALLBACK_USED,[],[],True,,,False,960.6076
78,TEXT-078,split-without-description,split,False,1,이미지 추출 실패,기타/078-이미지 추출 실패.txt,OTHER,기타,,False,0.5,,OTHER,False,,0,0,False,False,EMPTY_PREDICTION,False,True,False,True,False,False,False,True,True,True,False,[],MISSING_GOLD_CATEGORY|EMPTY_PREDICTION|FALLBACK_USED,[],[],True,,,False,927.0928
64,TEXT-064,split-without-description,split,False,1,월급 통장 나누는 방법,돈·재테크/064-월급 통장 나누는 방법.txt,MONEY_FINANCE,돈·재테크,MONEY_FINANCE,True,0.5,MONEY_FINANCE,MONEY_FINANCE,True,,0,1,True,True,EXACT_CORRECT,False,False,False,False,False,False,True,True,True,True,False,[],,"[{""categoryId"":""MONEY_FINANCE"",""categoryName"":""돈·재테크"",""score"":1.0}]","[{""categoryId"":""MONEY_FINANCE"",""categoryName"":""돈·재테크"",""score"":1.0}]",True,,,False,2098.7316
65,TEXT-065,split-without-description,split,False,1,텍스트-2026-07-17,돈·재테크/065-텍스트-2026-07-17.txt,MONEY_FINANCE,돈·재테크,MONEY_FINANCE,True,0.5,MONEY_FINANCE|LEARNING_KNOWLEDGE,MONEY_FINANCE|LEARNING_KNOWLEDGE,True,LEARNING_KNOWLEDGE,1,2,False,True,RELAXED_CORRECT,False,False,False,False,False,False,True,True,False,True,False,[],,"[{""categoryId"":""MONEY_FINANCE"",""categoryName"":""돈·재테크"",""score"":0.8},{""categoryId"":""LEARNING_KNOWLEDGE"",""categoryName"":""학습·지식"",""score"":0.6}]","[{""categoryId"":""MONEY_FINANCE"",""categoryName"":""돈·재테크"",""score"":0.8},{""categoryId"":""LEARNING_KNOWLEDGE"",""categoryName"":""학습·지식"",""score"":0.6}]",True,,,False,3411.276
66,TEXT-066,split-without-description,split,False,1,카드 혜택 비교,돈·재테크/066-카드 혜택 비교.txt,MONEY_FINANCE,돈·재테크,MONEY_FINANCE,True,0.5,MONEY_FINANCE|LIFE_TASK,MONEY_FINANCE|LIFE_TASK,True,LIFE_TASK,1,2,False,True,RELAXED_CORRECT,False,False,False,False,False,False,True,True,False,True,False,[],,"[{""categoryId"":""MONEY_FINANCE"",""categoryName"":""돈·재테크"",""score"":0.8},{""categoryId"":""LIFE_TASK"",""categoryName"":""생활·할 일"",""score"":0.6}]","[{""categoryId"":""MONEY_FINANCE"",""categoryName"":""돈·재테크"",""score"":0.8},{""categoryId"":""LIFE_TASK"",""categoryName"":""생활·할 일"",""score"":0.6}]",True,,,False,3167.7617
67,TEXT-067,split-without-description,split,False,1,비상금 규모 정하기,돈·재테크/067-비상금 규모 정하기.txt,MONEY_FINANCE,돈·재테크,MONEY_FINANCE,True,0.5,MONEY_FINANCE,MONEY_FINANCE,True,,0,1,True,True,EXACT_CORRECT,False,False,False,False,False,False,True,True,True,True,False,[],,"[{""categoryId"":""MONEY_FINANCE"",""categoryName"":""돈·재테크"",""score"":1.0}]","[{""categoryId"":""MONEY_FINANCE"",""categoryName"":""돈·재테크"",""score"":1.0}]",True,,,False,2061.5863
68,TEXT-068,split-without-description,split,False,1,보험 가입 전에 확인할 내용,돈·재테크/068-보험 가입 전에 확인할 내용.txt,MONEY_FINANCE,돈·재테크,LEARNING_KNOWLEDGE,False,0.5,LEARNING_KNOWLEDGE|CAREER,LEARNING_KNOWLEDGE|CAREER,False,CAREER|LEARNING_KNOWLEDGE,2,2,False,False,WRONG_MISSING_GOLD,False,True,False,False,False,False,False,False,False,False,False,[],MISSING_GOLD_CATEGORY,"[{""categoryId"":""LEARNING_KNOWLEDGE"",""categoryName"":""학습·지식"",""score"":0.9},{""categoryId"":""CAREER"",""categoryName"":""취업·커리어"",""score"":0.6}]","[{""categoryId"":""LEARNING_KNOWLEDGE"",""categoryName"":""학습·지식"",""score"":0.9},{""categoryId"":""CAREER"",""categoryName"":""취업·커리어"",""score"":0.6}]",True,,,False,3182.5687
19,TEXT-019,split-without-description,split,False,1,텍스트-2026.07.20-1245,문화·콘텐츠/019-텍스트-2026.07.20-1245.txt,CULTURE_CONTENT,문화·콘텐츠,CULTURE_CONTENT,True,0.5,CULTURE_CONTENT|LEARNING_KNOWLEDGE,CULTURE_CONTENT|LEARNING_KNOWLEDGE,True,LEARNING_KNOWLEDGE,1,2,False,True,RELAXED_CORRECT,False,False,False,False,False,False,True,True,False,True,False,[],,"[{""categoryId"":""CULTURE_CONTENT"",""categoryName"":""문화·콘텐츠"",""score"":0.8},{""categoryId"":""LEARNING_KNOWLEDGE"",""categoryName"":""학습·지식"",""score"":0.6}]","[{""categoryId"":""CULTURE_CONTENT"",""categoryName"":""문화·콘텐츠"",""score"":0.8},{""categoryId"":""LEARNING_KNOWLEDGE"",""categoryName"":""학습·지식"",""score"":0.6}]",True,,,False,3424.9987
20,TEXT-020,split-without-description,split,False,1,읽어볼 개발 에세이,문화·콘텐츠/020-읽어볼 개발 에세이.txt,CULTURE_CONTENT,문화·콘텐츠,LEARNING_KNOWLEDGE,False,0.5,LEARNING_KNOWLEDGE|CAREER,LEARNING_KNOWLEDGE|CAREER,False,CAREER|LEARNING_KNOWLEDGE,2,2,False,False,WRONG_MISSING_GOLD,False,True,False,False,False,False,False,False,False,False,False,[],MISSING_GOLD_CATEGORY,"[{""categoryId"":""LEARNING_KNOWLEDGE"",""categoryName"":""학습·지식"",""score"":0.8},{""categoryId"":""CAREER"",""categoryName"":""취업·커리어"",""score"":0.7}]","[{""categoryId"":""LEARNING_KNOWLEDGE"",""categoryName"":""학습·지식"",""score"":0.8},{""categoryId"":""CAREER"",""categoryName"":""취업·커리어"",""score"":0.7}]",True,,,False,3326.046
59,TEXT-059,split-without-description,split,False,1,주말에 볼 영화 후보,문화·콘텐츠/059-주말에 볼 영화 후보.txt,CULTURE_CONTENT,문화·콘텐츠,CULTURE_CONTENT,True,0.5,CULTURE_CONTENT|IDEA_INSPIRATION,CULTURE_CONTENT|IDEA_INSPIRATION,True,IDEA_INSPIRATION,1,2,False,True,RELAXED_CORRECT,False,False,False,False,False,False,True,True,False,True,False,[],,"[{""categoryId"":""CULTURE_CONTENT"",""categoryName"":""문화·콘텐츠"",""score"":0.8},{""categoryId"":""IDEA_INSPIRATION"",""categoryName"":""아이디어·영감"",""score"":0.6}]","[{""categoryId"":""CULTURE_CONTENT"",""categoryName"":""문화·콘텐츠"",""score"":0.8},{""categoryId"":""IDEA_INSPIRATION"",""categoryName"":""아이디어·영감"",""score"":0.6}]",True,,,False,3430.6934
60,TEXT-060,split-without-description,split,False,1,텍스트-2026-07-15,문화·콘텐츠/060-텍스트-2026-07-15.txt,CULTURE_CONTENT,문화·콘텐츠,LEARNING_KNOWLEDGE,False,0.5,LEARNING_KNOWLEDGE,LEARNING_KNOWLEDGE,False,LEARNING_KNOWLEDGE,1,1,False,False,WRONG_MISSING_GOLD,False,True,False,False,False,False,False,False,False,False,False,[],MISSING_GOLD_CATEGORY,"[{""categoryId"":""LEARNING_KNOWLEDGE"",""categoryName"":""학습·지식"",""score"":1.0}]","[{""categoryId"":""LEARNING_KNOWLEDGE"",""categoryName"":""학습·지식"",""score"":1.0}]",True,,,False,2074.1242
61,TEXT-061,split-without-description,split,False,1,서울 사진전 정보,문화·콘텐츠/061-서울 사진전 정보.txt,CULTURE_CONTENT,문화·콘텐츠,CULTURE_CONTENT,True,0.5,CULTURE_CONTENT|TRAVEL_PLACE,CULTURE_CONTENT|TRAVEL_PLACE,True,TRAVEL_PLACE,1,2,False,True,RELAXED_CORRECT,False,False,False,False,False,False,True,True,False,True,False,[],,"[{""categoryId"":""CULTURE_CONTENT"",""categoryName"":""문화·콘텐츠"",""score"":0.8},{""categoryId"":""TRAVEL_PLACE"",""categoryName"":""여행·장소"",""score"":0.6}]","[{""categoryId"":""CULTURE_CONTENT"",""categoryName"":""문화·콘텐츠"",""score"":0.8},{""categoryId"":""TRAVEL_PLACE"",""categoryName"":""여행·장소"",""score"":0.6}]",True,,,False,3245.5492
62,TEXT-062,split-without-description,split,False,1,출근할 때 들을 음악,문화·콘텐츠/062-출근할 때 들을 음악.txt,CULTURE_CONTENT,문화·콘텐츠,LIFE_TASK,False,0.5,LIFE_TASK,LIFE_TASK,False,LIFE_TASK,1,1,False,False,WRONG_MISSING_GOLD,False,True,True,False,False,False,True,False,False,False,False,[],THRESHOLD_MISS,"[{""categoryId"":""FOOD_RESTAURANT"",""categoryName"":""음식·맛집"",""score"":0.0},{""categoryId"":""LIFE_TASK"",""categoryName"":""생활·할 일"",""score"":0.8},{""categoryId"":""CULTURE_CONTENT"",""categoryName"":""문화·콘텐츠"",""score"":0.2}]","[{""categoryId"":""LIFE_TASK"",""categoryName"":""생활·할 일"",""score"":0.8},{""categoryId"":""CULTURE_CONTENT"",""categoryName"":""문화·콘텐츠"",""score"":0.2},{""categoryId"":""FOOD_RESTAURANT"",""categoryName"":""음식·맛집"",""score"":0.0}]",True,,,False,4292.7377
63,TEXT-063,split-without-description,split,False,1,웹툰 추천 목록,문화·콘텐츠/063-웹툰 추천 목록.txt,CULTURE_CONTENT,문화·콘텐츠,LEARNING_KNOWLEDGE,False,0.5,LEARNING_KNOWLEDGE|CULTURE_CONTENT,LEARNING_KNOWLEDGE|CULTURE_CONTENT,True,LEARNING_KNOWLEDGE,1,2,False,True,RELAXED_CORRECT,False,False,False,False,False,False,True,True,False,True,False,[],,"[{""categoryId"":""LEARNING_KNOWLEDGE"",""categoryName"":""학습·지식"",""score"":0.8},{""categoryId"":""CULTURE_CONTENT"",""categoryName"":""문화·콘텐츠"",""score"":0.7}]","[{""categoryId"":""LEARNING_KNOWLEDGE"",""categoryName"":""학습·지식"",""score"":0.8},{""categoryId"":""CULTURE_CONTENT"",""categoryName"":""문화·콘텐츠"",""score"":0.7}]",True,,,False,3312.4419
6,TEXT-006,split-without-description,split,False,1,1주차 백로그 정리,생활·할 일/006-1주차 백로그 정리.txt,LIFE_TASK,생활·할 일,LEARNING_KNOWLEDGE,False,0.5,LEARNING_KNOWLEDGE|CAREER,LEARNING_KNOWLEDGE|CAREER,False,CAREER|LEARNING_KNOWLEDGE,2,2,False,False,WRONG_MISSING_GOLD,False,True,False,False,False,False,False,False,False,False,False,[],MISSING_GOLD_CATEGORY,"[{""categoryId"":""LEARNING_KNOWLEDGE"",""categoryName"":""학습·지식"",""score"":0.8},{""categoryId"":""CAREER"",""categoryName"":""취업·커리어"",""score"":0.6}]","[{""categoryId"":""LEARNING_KNOWLEDGE"",""categoryName"":""학습·지식"",""score"":0.8},{""categoryId"":""CAREER"",""categoryName"":""취업·커리어"",""score"":0.6}]",True,,,False,3338.0444
9,TEXT-009,split-without-description,split,False,1,텍스트-2026.07.20-1035,생활·할 일/009-텍스트-2026.07.20-1035.txt,LIFE_TASK,생활·할 일,LIFE_TASK,True,0.5,LIFE_TASK,LIFE_TASK,True,,0,1,True,True,EXACT_CORRECT,False,False,False,False,False,False,True,True,True,True,False,[],,"[{""categoryId"":""LIFE_TASK"",""categoryName"":""생활·할 일"",""score"":1.0}]","[{""categoryId"":""LIFE_TASK"",""categoryName"":""생활·할 일"",""score"":1.0}]",True,,,False,2066.6236
10,TEXT-010,split-without-description,split,False,1,주말 방 정리 계획,생활·할 일/010-주말 방 정리 계획.txt,LIFE_TASK,생활·할 일,LIFE_TASK,True,0.5,LIFE_TASK,LIFE_TASK,True,,0,1,True,True,EXACT_CORRECT,False,False,False,False,False,False,True,True,True,True,False,[],,"[{""categoryId"":""LIFE_TASK"",""categoryName"":""생활·할 일"",""score"":1.0}]","[{""categoryId"":""LIFE_TASK"",""categoryName"":""생활·할 일"",""score"":1.0}]",True,,,False,1945.6438
24,TEXT-024,split-without-description,split,False,1,이사 전날 확인할 목록,생활·할 일/024-이사 전날 확인할 목록.txt,LIFE_TASK,생활·할 일,LIFE_TASK,True,0.5,LIFE_TASK,LIFE_TASK,True,,0,1,True,True,EXACT_CORRECT,False,False,False,False,False,False,True,True,True,True,False,[],,"[{""categoryId"":""LIFE_TASK"",""categoryName"":""생활·할 일"",""score"":1.0}]","[{""categoryId"":""LIFE_TASK"",""categoryName"":""생활·할 일"",""score"":1.0}]",True,,,False,2073.047
25,TEXT-025,split-without-description,split,False,1,텍스트-2026-07-01,생활·할 일/025-텍스트-2026-07-01.txt,LIFE_TASK,생활·할 일,LIFE_TASK,True,0.5,LIFE_TASK,LIFE_TASK,True,,0,1,True,True,EXACT_CORRECT,False,False,False,False,False,False,True,True,True,True,False,[],,"[{""categoryId"":""LIFE_TASK"",""categoryName"":""생활·할 일"",""score"":1.0}]","[{""categoryId"":""LIFE_TASK"",""categoryName"":""생활·할 일"",""score"":1.0}]",True,,,False,1965.1902
26,TEXT-026,split-without-description,split,False,1,장마철 빨래 냄새 줄이는 방법,생활·할 일/026-장마철 빨래 냄새 줄이는 방법.txt,LIFE_TASK,생활·할 일,LIFE_TASK,True,0.5,LIFE_TASK,LIFE_TASK,True,,0,1,True,True,EXACT_CORRECT,False,False,False,False,False,False,True,True,True,True,False,[],,"[{""categoryId"":""LIFE_TASK"",""categoryName"":""생활·할 일"",""score"":1.0}]","[{""categoryId"":""LIFE_TASK"",""categoryName"":""생활·할 일"",""score"":1.0}]",True,,,False,1977.8852
27,TEXT-027,split-without-description,split,False,1,다음 주 일정 메모,생활·할 일/027-다음 주 일정 메모.txt,LIFE_TASK,생활·할 일,LIFE_TASK,True,0.5,LIFE_TASK,LIFE_TASK,True,,0,1,True,True,EXACT_CORRECT,False,False,False,False,False,False,True,True,True,True,False,[],,"[{""categoryId"":""LIFE_TASK"",""categoryName"":""생활·할 일"",""score"":1.0}]","[{""categoryId"":""LIFE_TASK"",""categoryName"":""생활·할 일"",""score"":1.0}]",True,,,False,1958.8469
28,TEXT-028,split-without-description,split,False,1,공과금 자동이체 변경 순서,생활·할 일/028-공과금 자동이체 변경 순서.txt,LIFE_TASK,생활·할 일,LIFE_TASK,True,0.5,LIFE_TASK,LIFE_TASK,True,,0,1,True,True,EXACT_CORRECT,False,False,False,False,False,False,True,True,True,True,False,[],,"[{""categoryId"":""LIFE_TASK"",""categoryName"":""생활·할 일"",""score"":1.0}]","[{""categoryId"":""LIFE_TASK"",""categoryName"":""생활·할 일"",""score"":1.0}]",True,,,False,1989.8781
23,TEXT-023,split-without-description,split,False,1,기숙사 준비물,생활·할 일/기숙사 준비물.txt,LIFE_TASK,생활·할 일,LIFE_TASK,True,0.5,LIFE_TASK,LIFE_TASK,True,,0,1,True,True,EXACT_CORRECT,False,False,False,False,False,False,True,True,True,True,False,[],,"[{""categoryId"":""LIFE_TASK"",""categoryName"":""생활·할 일"",""score"":1.0}]","[{""categoryId"":""LIFE_TASK"",""categoryName"":""생활·할 일"",""score"":1.0}]",True,,,False,2340.698
11,TEXT-011,split-without-description,split,False,1,텍스트-2026.07.20-1100,쇼핑·제품/011-텍스트-2026.07.20-1100.txt,SHOPPING_PRODUCT,쇼핑·제품,SHOPPING_PRODUCT,True,0.5,SHOPPING_PRODUCT|LEARNING_KNOWLEDGE,SHOPPING_PRODUCT|LEARNING_KNOWLEDGE,True,LEARNING_KNOWLEDGE,1,2,False,True,RELAXED_CORRECT,False,False,False,False,False,False,True,True,False,True,False,[],,"[{""categoryId"":""SHOPPING_PRODUCT"",""categoryName"":""쇼핑·제품"",""score"":0.9},{""categoryId"":""LEARNING_KNOWLEDGE"",""categoryName"":""학습·지식"",""score"":0.6}]","[{""categoryId"":""SHOPPING_PRODUCT"",""categoryName"":""쇼핑·제품"",""score"":0.9},{""categoryId"":""LEARNING_KNOWLEDGE"",""categoryName"":""학습·지식"",""score"":0.6}]",True,,,False,3324.9231
12,TEXT-012,split-without-description,split,False,1,무선 키보드 구매 후보,쇼핑·제품/012-무선 키보드 구매 후보.txt,SHOPPING_PRODUCT,쇼핑·제품,SHOPPING_PRODUCT,True,0.5,SHOPPING_PRODUCT|LEARNING_KNOWLEDGE,SHOPPING_PRODUCT|LEARNING_KNOWLEDGE,True,LEARNING_KNOWLEDGE,1,2,False,True,RELAXED_CORRECT,False,False,False,False,False,False,True,True,False,True,False,[],,"[{""categoryId"":""SHOPPING_PRODUCT"",""categoryName"":""쇼핑·제품"",""score"":0.9},{""categoryId"":""LEARNING_KNOWLEDGE"",""categoryName"":""학습·지식"",""score"":0.6}]","[{""categoryId"":""SHOPPING_PRODUCT"",""categoryName"":""쇼핑·제품"",""score"":0.9},{""categoryId"":""LEARNING_KNOWLEDGE"",""categoryName"":""학습·지식"",""score"":0.6}]",True,,,False,3316.6953
49,TEXT-049,split-without-description,split,False,1,무선 키보드 비교,쇼핑·제품/049-무선 키보드 비교.txt,SHOPPING_PRODUCT,쇼핑·제품,SHOPPING_PRODUCT,True,0.5,SHOPPING_PRODUCT,SHOPPING_PRODUCT,True,,0,1,True,True,EXACT_CORRECT,False,False,False,False,False,False,True,True,True,True,False,[],,"[{""categoryId"":""SHOPPING_PRODUCT"",""categoryName"":""쇼핑·제품"",""score"":1.0}]","[{""categoryId"":""SHOPPING_PRODUCT"",""categoryName"":""쇼핑·제품"",""score"":1.0}]",True,,,False,2201.1127
50,TEXT-050,split-without-description,split,False,1,텍스트-2026-07-11,쇼핑·제품/050-텍스트-2026-07-11.txt,SHOPPING_PRODUCT,쇼핑·제품,SHOPPING_PRODUCT,True,0.5,SHOPPING_PRODUCT|LEARNING_KNOWLEDGE,SHOPPING_PRODUCT|LEARNING_KNOWLEDGE,True,LEARNING_KNOWLEDGE,1,2,False,True,RELAXED_CORRECT,False,False,False,False,False,False,True,True,False,True,False,[],,"[{""categoryId"":""SHOPPING_PRODUCT"",""categoryName"":""쇼핑·제품"",""score"":0.8},{""categoryId"":""LEARNING_KNOWLEDGE"",""categoryName"":""학습·지식"",""score"":0.6}]","[{""categoryId"":""SHOPPING_PRODUCT"",""categoryName"":""쇼핑·제품"",""score"":0.8},{""categoryId"":""LEARNING_KNOWLEDGE"",""categoryName"":""학습·지식"",""score"":0.6}]",True,,,False,3343.6056
51,TEXT-051,split-without-description,split,False,1,로봇청소기 구매 후보,쇼핑·제품/051-로봇청소기 구매 후보.txt,SHOPPING_PRODUCT,쇼핑·제품,SHOPPING_PRODUCT,True,0.5,SHOPPING_PRODUCT,SHOPPING_PRODUCT,True,,0,1,True,True,EXACT_CORRECT,False,False,False,False,False,False,True,True,True,True,False,[],,"[{""categoryId"":""SHOPPING_PRODUCT"",""categoryName"":""쇼핑·제품"",""score"":0.8},{""categoryId"":""OTHER"",""categoryName"":""기타"",""score"":0.2}]","[{""categoryId"":""SHOPPING_PRODUCT"",""categoryName"":""쇼핑·제품"",""score"":0.8},{""categoryId"":""OTHER"",""categoryName"":""기타"",""score"":0.2}]",True,,,False,2968.5007
52,TEXT-052,split-without-description,split,False,1,여행용 보조배터리 확인 사항,쇼핑·제품/052-여행용 보조배터리 확인 사항.txt,SHOPPING_PRODUCT,쇼핑·제품,SHOPPING_PRODUCT,True,0.5,SHOPPING_PRODUCT,SHOPPING_PRODUCT,True,,0,1,True,True,EXACT_CORRECT,False,False,False,False,False,False,True,True,True,True,False,[],,"[{""categoryId"":""SHOPPING_PRODUCT"",""categoryName"":""쇼핑·제품"",""score"":0.8},{""categoryId"":""TRAVEL_PLACE"",""categoryName"":""여행·장소"",""score"":0.2}]","[{""categoryId"":""SHOPPING_PRODUCT"",""categoryName"":""쇼핑·제품"",""score"":0.8},{""categoryId"":""TRAVEL_PLACE"",""categoryName"":""여행·장소"",""score"":0.2}]",True,,,False,3284.5237
53,TEXT-053,split-without-description,split,False,1,부모님 선물용 마사지기 후기,쇼핑·제품/053-부모님 선물용 마사지기 후기.txt,SHOPPING_PRODUCT,쇼핑·제품,SHOPPING_PRODUCT,True,0.5,SHOPPING_PRODUCT|HEALTH_EXERCISE,SHOPPING_PRODUCT|HEALTH_EXERCISE,True,HEALTH_EXERCISE,1,2,False,True,RELAXED_CORRECT,False,False,False,False,False,False,True,True,False,True,False,[],,"[{""categoryId"":""SHOPPING_PRODUCT"",""categoryName"":""쇼핑·제품"",""score"":0.8},{""categoryId"":""HEALTH_EXERCISE"",""categoryName"":""건강·운동"",""score"":0.6}]","[{""categoryId"":""SHOPPING_PRODUCT"",""categoryName"":""쇼핑·제품"",""score"":0.8},{""categoryId"":""HEALTH_EXERCISE"",""categoryName"":""건강·운동"",""score"":0.6}]",True,,,False,3209.7061
5,TEXT-005,split-without-description,split,False,1,텍스트-2026.07.20-0940,아이디어·영감/005-텍스트-2026.07.20-0940.txt,IDEA_INSPIRATION,아이디어·영감,LEARNING_KNOWLEDGE,False,0.5,LEARNING_KNOWLEDGE|CAREER,LEARNING_KNOWLEDGE|CAREER,False,CAREER|LEARNING_KNOWLEDGE,2,2,False,False,WRONG_MISSING_GOLD,False,True,False,False,False,False,False,False,False,False,False,[],MISSING_GOLD_CATEGORY,"[{""categoryId"":""LEARNING_KNOWLEDGE"",""categoryName"":""학습·지식"",""score"":0.9},{""categoryId"":""CAREER"",""categoryName"":""취업·커리어"",""score"":0.6}]","[{""categoryId"":""LEARNING_KNOWLEDGE"",""categoryName"":""학습·지식"",""score"":0.9},{""categoryId"":""CAREER"",""categoryName"":""취업·커리어"",""score"":0.6}]",True,,,False,3239.008
69,TEXT-069,split-without-description,split,False,1,앱 첫 화면 디자인 참고,아이디어·영감/069-앱 첫 화면 디자인 참고.txt,IDEA_INSPIRATION,아이디어·영감,IDEA_INSPIRATION,True,0.5,IDEA_INSPIRATION|CULTURE_CONTENT,IDEA_INSPIRATION|CULTURE_CONTENT,True,CULTURE_CONTENT,1,2,False,True,RELAXED_CORRECT,False,False,False,False,False,False,True,True,False,True,False,[],,"[{""categoryId"":""IDEA_INSPIRATION"",""categoryName"":""아이디어·영감"",""score"":0.8},{""categoryId"":""CULTURE_CONTENT"",""categoryName"":""문화·콘텐츠"",""score"":0.6}]","[{""categoryId"":""IDEA_INSPIRATION"",""categoryName"":""아이디어·영감"",""score"":0.8},{""categoryId"":""CULTURE_CONTENT"",""categoryName"":""문화·콘텐츠"",""score"":0.6}]",True,,,False,3454.0536
70,TEXT-070,split-without-description,split,False,1,텍스트-2026-07-19,아이디어·영감/070-텍스트-2026-07-19.txt,IDEA_INSPIRATION,아이디어·영감,IDEA_INSPIRATION,True,0.5,IDEA_INSPIRATION,IDEA_INSPIRATION,True,,0,1,True,True,EXACT_CORRECT,False,False,False,False,False,False,True,True,True,True,False,[],,"[{""categoryId"":""IDEA_INSPIRATION"",""categoryName"":""아이디어·영감"",""score"":0.8}]","[{""categoryId"":""IDEA_INSPIRATION"",""categoryName"":""아이디어·영감"",""score"":0.8}]",True,,,False,2204.4684
71,TEXT-071,split-without-description,split,False,1,방 꾸미기 참고 이미지,아이디어·영감/071-방 꾸미기 참고 이미지.txt,IDEA_INSPIRATION,아이디어·영감,CULTURE_CONTENT,False,0.5,CULTURE_CONTENT|LIFE_TASK,CULTURE_CONTENT|LIFE_TASK,False,CULTURE_CONTENT|LIFE_TASK,2,2,False,False,WRONG_MISSING_GOLD,False,True,False,False,False,False,False,False,False,False,False,[],MISSING_GOLD_CATEGORY,"[{""categoryId"":""CULTURE_CONTENT"",""categoryName"":""문화·콘텐츠"",""score"":0.8},{""categoryId"":""LIFE_TASK"",""categoryName"":""생활·할 일"",""score"":0.6}]","[{""categoryId"":""CULTURE_CONTENT"",""categoryName"":""문화·콘텐츠"",""score"":0.8},{""categoryId"":""LIFE_TASK"",""categoryName"":""생활·할 일"",""score"":0.6}]",True,,,False,3246.5773
72,TEXT-072,split-without-description,split,False,1,숏폼 콘텐츠 구성 방식,아이디어·영감/072-숏폼 콘텐츠 구성 방식.txt,IDEA_INSPIRATION,아이디어·영감,CULTURE_CONTENT,False,0.5,CULTURE_CONTENT|IDEA_INSPIRATION,CULTURE_CONTENT|IDEA_INSPIRATION,True,CULTURE_CONTENT,1,2,False,True,RELAXED_CORRECT,False,False,False,False,False,False,True,True,False,True,False,[],,"[{""categoryId"":""CULTURE_CONTENT"",""categoryName"":""문화·콘텐츠"",""score"":0.8},{""categoryId"":""IDEA_INSPIRATION"",""categoryName"":""아이디어·영감"",""score"":0.7}]","[{""categoryId"":""CULTURE_CONTENT"",""categoryName"":""문화·콘텐츠"",""score"":0.8},{""categoryId"":""IDEA_INSPIRATION"",""categoryName"":""아이디어·영감"",""score"":0.7}]",True,,,False,3400.8163
73,TEXT-073,split-without-description,split,False,1,사진 구도 참고,아이디어·영감/073-사진 구도 참고.txt,IDEA_INSPIRATION,아이디어·영감,CULTURE_CONTENT,False,0.5,CULTURE_CONTENT|IDEA_INSPIRATION,CULTURE_CONTENT|IDEA_INSPIRATION,True,CULTURE_CONTENT,1,2,False,True,RELAXED_CORRECT,False,False,False,False,False,False,True,True,False,True,False,[],,"[{""categoryId"":""CULTURE_CONTENT"",""categoryName"":""문화·콘텐츠"",""score"":0.8},{""categoryId"":""IDEA_INSPIRATION"",""categoryName"":""아이디어·영감"",""score"":0.7}]","[{""categoryId"":""CULTURE_CONTENT"",""categoryName"":""문화·콘텐츠"",""score"":0.8},{""categoryId"":""IDEA_INSPIRATION"",""categoryName"":""아이디어·영감"",""score"":0.7}]",True,,,False,3544.8386
15,TEXT-015,split-without-description,split,False,1,텍스트-2026.07.20-1150,여행·장소/015-텍스트-2026.07.20-1150.txt,TRAVEL_PLACE,여행·장소,TRAVEL_PLACE,True,0.5,TRAVEL_PLACE|SHOPPING_PRODUCT,TRAVEL_PLACE|SHOPPING_PRODUCT,True,SHOPPING_PRODUCT,1,2,False,True,RELAXED_CORRECT,False,False,False,False,False,False,True,True,False,True,False,[],,"[{""categoryId"":""TRAVEL_PLACE"",""categoryName"":""여행·장소"",""score"":0.9},{""categoryId"":""SHOPPING_PRODUCT"",""categoryName"":""쇼핑·제품"",""score"":0.6}]","[{""categoryId"":""TRAVEL_PLACE"",""categoryName"":""여행·장소"",""score"":0.9},{""categoryId"":""SHOPPING_PRODUCT"",""categoryName"":""쇼핑·제품"",""score"":0.6}]",True,,,False,3108.1299
16,TEXT-016,split-without-description,split,False,1,서울 전시회 방문 후보,여행·장소/016-서울 전시회 방문 후보.txt,TRAVEL_PLACE,여행·장소,TRAVEL_PLACE,True,0.5,TRAVEL_PLACE|LEARNING_KNOWLEDGE,TRAVEL_PLACE|LEARNING_KNOWLEDGE,True,LEARNING_KNOWLEDGE,1,2,False,True,RELAXED_CORRECT,False,False,False,False,False,False,True,True,False,True,False,[],,"[{""categoryId"":""TRAVEL_PLACE"",""categoryName"":""여행·장소"",""score"":0.8},{""categoryId"":""LEARNING_KNOWLEDGE"",""categoryName"":""학습·지식"",""score"":0.6}]","[{""categoryId"":""TRAVEL_PLACE"",""categoryName"":""여행·장소"",""score"":0.8},{""categoryId"":""LEARNING_KNOWLEDGE"",""categoryName"":""학습·지식"",""score"":0.6}]",True,,,False,3275.666
39,TEXT-039,split-without-description,split,False,1,부산에서 일몰 보기 좋은 곳,여행·장소/039-부산에서 일몰 보기 좋은 곳.txt,TRAVEL_PLACE,여행·장소,TRAVEL_PLACE,True,0.5,TRAVEL_PLACE,TRAVEL_PLACE,True,,0,1,True,True,EXACT_CORRECT,False,False,False,False,False,False,True,True,True,True,False,[],,"[{""categoryId"":""TRAVEL_PLACE"",""categoryName"":""여행·장소"",""score"":0.9},{""categoryId"":""FOOD_RESTAURANT"",""categoryName"":""음식·맛집"",""score"":0.1}]","[{""categoryId"":""TRAVEL_PLACE"",""categoryName"":""여행·장소"",""score"":0.9},{""categoryId"":""FOOD_RESTAURANT"",""categoryName"":""음식·맛집"",""score"":0.1}]",True,,,False,3208.0476
40,TEXT-040,split-without-description,split,False,1,텍스트-2026-07-07,여행·장소/040-텍스트-2026-07-07.txt,TRAVEL_PLACE,여행·장소,TRAVEL_PLACE,True,0.5,TRAVEL_PLACE|LIFE_TASK,TRAVEL_PLACE|LIFE_TASK,True,LIFE_TASK,1,2,False,True,RELAXED_CORRECT,False,False,False,False,False,False,True,True,False,True,False,[],,"[{""categoryId"":""TRAVEL_PLACE"",""categoryName"":""여행·장소"",""score"":0.8},{""categoryId"":""LIFE_TASK"",""categoryName"":""생활·할 일"",""score"":0.7}]","[{""categoryId"":""TRAVEL_PLACE"",""categoryName"":""여행·장소"",""score"":0.8},{""categoryId"":""LIFE_TASK"",""categoryName"":""생활·할 일"",""score"":0.7}]",True,,,False,3268.8756
41,TEXT-041,split-without-description,split,False,1,교토 버스 이용 팁,여행·장소/041-교토 버스 이용 팁.txt,TRAVEL_PLACE,여행·장소,TRAVEL_PLACE,True,0.5,TRAVEL_PLACE|LIFE_TASK,TRAVEL_PLACE|LIFE_TASK,True,LIFE_TASK,1,2,False,True,RELAXED_CORRECT,False,False,False,False,False,False,True,True,False,True,False,[],,"[{""categoryId"":""TRAVEL_PLACE"",""categoryName"":""여행·장소"",""score"":0.8},{""categoryId"":""LIFE_TASK"",""categoryName"":""생활·할 일"",""score"":0.6}]","[{""categoryId"":""TRAVEL_PLACE"",""categoryName"":""여행·장소"",""score"":0.8},{""categoryId"":""LIFE_TASK"",""categoryName"":""생활·할 일"",""score"":0.6}]",True,,,False,3198.535
42,TEXT-042,split-without-description,split,False,1,비 오는 날 서울에서 갈 곳,여행·장소/042-비 오는 날 서울에서 갈 곳.txt,TRAVEL_PLACE,여행·장소,TRAVEL_PLACE,True,0.5,TRAVEL_PLACE|CULTURE_CONTENT,TRAVEL_PLACE|CULTURE_CONTENT,True,CULTURE_CONTENT,1,2,False,True,RELAXED_CORRECT,False,False,False,False,False,False,True,True,False,True,False,[],,"[{""categoryId"":""TRAVEL_PLACE"",""categoryName"":""여행·장소"",""score"":0.8},{""categoryId"":""CULTURE_CONTENT"",""categoryName"":""문화·콘텐츠"",""score"":0.6}]","[{""categoryId"":""TRAVEL_PLACE"",""categoryName"":""여행·장소"",""score"":0.8},{""categoryId"":""CULTURE_CONTENT"",""categoryName"":""문화·콘텐츠"",""score"":0.6}]",True,,,False,3247.4638
43,TEXT-043,split-without-description,split,False,1,숙소 예약 전에 확인할 내용,여행·장소/043-숙소 예약 전에 확인할 내용.txt,TRAVEL_PLACE,여행·장소,LIFE_TASK,False,0.5,LIFE_TASK,LIFE_TASK,False,LIFE_TASK,1,1,False,False,WRONG_MISSING_GOLD,False,True,False,False,False,False,False,False,False,False,False,[],MISSING_GOLD_CATEGORY,"[{""categoryId"":""LIFE_TASK"",""categoryName"":""생활·할 일"",""score"":1.0}]","[{""categoryId"":""LIFE_TASK"",""categoryName"":""생활·할 일"",""score"":1.0}]",True,,,False,1976.0882
13,TEXT-013,split-without-description,split,False,1,텍스트-2026.07.20-1125,음식·맛집/013-텍스트-2026.07.20-1125.txt,FOOD_RESTAURANT,음식·맛집,FOOD_RESTAURANT,True,0.5,FOOD_RESTAURANT|TRAVEL_PLACE,FOOD_RESTAURANT|TRAVEL_PLACE,True,TRAVEL_PLACE,1,2,False,True,RELAXED_CORRECT,False,False,False,False,False,False,True,True,False,True,False,[],,"[{""categoryId"":""FOOD_RESTAURANT"",""categoryName"":""음식·맛집"",""score"":0.9},{""categoryId"":""TRAVEL_PLACE"",""categoryName"":""여행·장소"",""score"":0.6}]","[{""categoryId"":""FOOD_RESTAURANT"",""categoryName"":""음식·맛집"",""score"":0.9},{""categoryId"":""TRAVEL_PLACE"",""categoryName"":""여행·장소"",""score"":0.6}]",True,,,False,3261.6528
14,TEXT-014,split-without-description,split,False,1,닭가슴살 볶음밥 레시피,음식·맛집/014-닭가슴살 볶음밥 레시피.txt,FOOD_RESTAURANT,음식·맛집,FOOD_RESTAURANT,True,0.5,FOOD_RESTAURANT,FOOD_RESTAURANT,True,,0,1,True,True,EXACT_CORRECT,False,False,False,False,False,False,True,True,True,True,False,[],,"[{""categoryId"":""FOOD_RESTAURANT"",""categoryName"":""음식·맛집"",""score"":1.0}]","[{""categoryId"":""FOOD_RESTAURANT"",""categoryName"":""음식·맛집"",""score"":1.0}]",True,,,False,2324.0995
44,TEXT-044,split-without-description,split,False,1,성수동 파스타 식당,음식·맛집/044-성수동 파스타 식당.txt,FOOD_RESTAURANT,음식·맛집,FOOD_RESTAURANT,True,0.5,FOOD_RESTAURANT,FOOD_RESTAURANT,True,,0,1,True,True,EXACT_CORRECT,False,False,False,False,False,False,True,True,True,True,False,[],,"[{""categoryId"":""FOOD_RESTAURANT"",""categoryName"":""음식·맛집"",""score"":1.0}]","[{""categoryId"":""FOOD_RESTAURANT"",""categoryName"":""음식·맛집"",""score"":1.0}]",True,,,False,2203.581
45,TEXT-045,split-without-description,split,False,1,텍스트-2026-07-09,음식·맛집/045-텍스트-2026-07-09.txt,FOOD_RESTAURANT,음식·맛집,FOOD_RESTAURANT,True,0.5,FOOD_RESTAURANT,FOOD_RESTAURANT,True,,0,1,True,True,EXACT_CORRECT,False,False,False,False,False,False,True,True,True,True,False,[],,"[{""categoryId"":""FOOD_RESTAURANT"",""categoryName"":""음식·맛집"",""score"":1.0}]","[{""categoryId"":""FOOD_RESTAURANT"",""categoryName"":""음식·맛집"",""score"":1.0}]",True,,,False,2125.0194
46,TEXT-046,split-without-description,split,False,1,광주에서 늦게까지 하는 카페,음식·맛집/046-광주에서 늦게까지 하는 카페.txt,FOOD_RESTAURANT,음식·맛집,TRAVEL_PLACE,False,0.5,TRAVEL_PLACE|FOOD_RESTAURANT,TRAVEL_PLACE|FOOD_RESTAURANT,True,TRAVEL_PLACE,1,2,False,True,RELAXED_CORRECT,False,False,False,False,False,False,True,True,False,True,False,[],,"[{""categoryId"":""TRAVEL_PLACE"",""categoryName"":""여행·장소"",""score"":0.8},{""categoryId"":""FOOD_RESTAURANT"",""categoryName"":""음식·맛집"",""score"":0.6}]","[{""categoryId"":""TRAVEL_PLACE"",""categoryName"":""여행·장소"",""score"":0.8},{""categoryId"":""FOOD_RESTAURANT"",""categoryName"":""음식·맛집"",""score"":0.6}]",True,,,False,3340.0235
47,TEXT-047,split-without-description,split,False,1,냉동 만두를 바삭하게 굽는 방법,음식·맛집/047-냉동 만두를 바삭하게 굽는 방법.txt,FOOD_RESTAURANT,음식·맛집,FOOD_RESTAURANT,True,0.5,FOOD_RESTAURANT|LIFE_TASK,FOOD_RESTAURANT|LIFE_TASK,True,LIFE_TASK,1,2,False,True,RELAXED_CORRECT,False,False,False,False,False,False,True,True,False,True,False,[],,"[{""categoryId"":""FOOD_RESTAURANT"",""categoryName"":""음식·맛집"",""score"":0.9},{""categoryId"":""LIFE_TASK"",""categoryName"":""생활·할 일"",""score"":0.6}]","[{""categoryId"":""FOOD_RESTAURANT"",""categoryName"":""음식·맛집"",""score"":0.9},{""categoryId"":""LIFE_TASK"",""categoryName"":""생활·할 일"",""score"":0.6}]",True,,,False,3180.0771
48,TEXT-048,split-without-description,split,False,1,제주 고기국수 후보,음식·맛집/048-제주 고기국수 후보.txt,FOOD_RESTAURANT,음식·맛집,FOOD_RESTAURANT,True,0.5,FOOD_RESTAURANT,FOOD_RESTAURANT,True,,0,1,True,True,EXACT_CORRECT,False,False,False,False,False,False,True,True,True,True,False,[],,"[{""categoryId"":""FOOD_RESTAURANT"",""categoryName"":""음식·맛집"",""score"":1.0}]","[{""categoryId"":""FOOD_RESTAURANT"",""categoryName"":""음식·맛집"",""score"":1.0}]",True,,,False,2185.5646
7,TEXT-007,split-without-description,split,False,1,텍스트-2026.07.20-1010,취업·커리어/007-텍스트-2026.07.20-1010.txt,CAREER,취업·커리어,LEARNING_KNOWLEDGE,False,0.5,LEARNING_KNOWLEDGE,LEARNING_KNOWLEDGE,False,LEARNING_KNOWLEDGE,1,1,False,False,WRONG_MISSING_GOLD,False,True,False,False,False,False,False,False,False,False,False,[],MISSING_GOLD_CATEGORY,"[{""categoryId"":""LEARNING_KNOWLEDGE"",""categoryName"":""학습·지식"",""score"":1.0}]","[{""categoryId"":""LEARNING_KNOWLEDGE"",""categoryName"":""학습·지식"",""score"":1.0}]",True,,,False,2091.8442
8,TEXT-008,split-without-description,split,False,1,공기업 채용 공고 확인,취업·커리어/008-공기업 채용 공고 확인.txt,CAREER,취업·커리어,CAREER,True,0.5,CAREER|LEARNING_KNOWLEDGE,CAREER|LEARNING_KNOWLEDGE,True,LEARNING_KNOWLEDGE,1,2,False,True,RELAXED_CORRECT,False,False,False,False,False,False,True,True,False,True,False,[],,"[{""categoryId"":""CAREER"",""categoryName"":""취업·커리어"",""score"":0.95},{""categoryId"":""LEARNING_KNOWLEDGE"",""categoryName"":""학습·지식"",""score"":0.75}]","[{""categoryId"":""CAREER"",""categoryName"":""취업·커리어"",""score"":0.95},{""categoryId"":""LEARNING_KNOWLEDGE"",""categoryName"":""학습·지식"",""score"":0.75}]",True,,,False,3352.1607
34,TEXT-034,split-without-description,split,False,1,백엔드 개발자 채용 공고 확인,취업·커리어/034-백엔드 개발자 채용 공고 확인.txt,CAREER,취업·커리어,CAREER,True,0.5,CAREER,CAREER,True,,0,1,True,True,EXACT_CORRECT,False,False,False,False,False,False,True,True,True,True,False,[],,"[{""categoryId"":""CAREER"",""categoryName"":""취업·커리어"",""score"":1.0}]","[{""categoryId"":""CAREER"",""categoryName"":""취업·커리어"",""score"":1.0}]",True,,,False,2139.0475
35,TEXT-035,split-without-description,split,False,1,텍스트-2026-07-05,취업·커리어/035-텍스트-2026-07-05.txt,CAREER,취업·커리어,CAREER,True,0.5,CAREER,CAREER,True,,0,1,True,True,EXACT_CORRECT,False,False,False,False,False,False,True,True,True,True,False,[],,"[{""categoryId"":""CAREER"",""categoryName"":""취업·커리어"",""score"":1.0}]","[{""categoryId"":""CAREER"",""categoryName"":""취업·커리어"",""score"":1.0}]",True,,,False,2098.6151
36,TEXT-036,split-without-description,split,False,1,자기소개서 수정할 부분,취업·커리어/036-자기소개서 수정할 부분.txt,CAREER,취업·커리어,LEARNING_KNOWLEDGE,False,0.5,LEARNING_KNOWLEDGE,LEARNING_KNOWLEDGE,False,LEARNING_KNOWLEDGE,1,1,False,False,WRONG_MISSING_GOLD,False,True,False,False,False,False,False,False,False,False,False,[],MISSING_GOLD_CATEGORY,"[{""categoryId"":""LEARNING_KNOWLEDGE"",""categoryName"":""학습·지식"",""score"":1.0}]","[{""categoryId"":""LEARNING_KNOWLEDGE"",""categoryName"":""학습·지식"",""score"":1.0}]",True,,,False,2158.2965
37,TEXT-037,split-without-description,split,False,1,이직 전 확인할 조건,취업·커리어/037-이직 전 확인할 조건.txt,CAREER,취업·커리어,CAREER,True,0.5,CAREER,CAREER,True,,0,1,True,True,EXACT_CORRECT,False,False,False,False,False,False,True,True,True,True,False,[],,"[{""categoryId"":""CAREER"",""categoryName"":""취업·커리어"",""score"":1.0}]","[{""categoryId"":""CAREER"",""categoryName"":""취업·커리어"",""score"":1.0}]",True,,,False,2158.3307
38,TEXT-038,split-without-description,split,False,1,포트폴리오 프로젝트 설명 방식,취업·커리어/038-포트폴리오 프로젝트 설명 방식.txt,CAREER,취업·커리어,CAREER,True,0.5,CAREER,CAREER,True,,0,1,True,True,EXACT_CORRECT,False,False,False,False,False,False,True,True,True,True,False,[],,"[{""categoryId"":""CAREER"",""categoryName"":""취업·커리어"",""score"":0.9}]","[{""categoryId"":""CAREER"",""categoryName"":""취업·커리어"",""score"":0.9}]",True,,,False,2089.2889
1,TEXT-001,split-without-description,split,False,1,텍스트-2026.07.20-0905,학습·지식/001-텍스트-2026.07.20-0905.txt,LEARNING_KNOWLEDGE,학습·지식,LEARNING_KNOWLEDGE,True,0.5,LEARNING_KNOWLEDGE|SHOPPING_PRODUCT,LEARNING_KNOWLEDGE|SHOPPING_PRODUCT,True,SHOPPING_PRODUCT,1,2,False,True,RELAXED_CORRECT,False,False,False,False,False,False,True,True,False,True,False,[],,"[{""categoryId"":""LEARNING_KNOWLEDGE"",""categoryName"":""학습·지식"",""score"":0.9},{""categoryId"":""SHOPPING_PRODUCT"",""categoryName"":""쇼핑·제품"",""score"":0.6}]","[{""categoryId"":""LEARNING_KNOWLEDGE"",""categoryName"":""학습·지식"",""score"":0.9},{""categoryId"":""SHOPPING_PRODUCT"",""categoryName"":""쇼핑·제품"",""score"":0.6}]",True,,,False,3199.6655
2,TEXT-002,split-without-description,split,False,1,JWT 재발급 구조 정리,학습·지식/002-JWT 재발급 구조 정리.txt,LEARNING_KNOWLEDGE,학습·지식,LEARNING_KNOWLEDGE,True,0.5,LEARNING_KNOWLEDGE|CAREER,LEARNING_KNOWLEDGE|CAREER,True,CAREER,1,2,False,True,RELAXED_CORRECT,False,False,False,False,False,False,True,True,False,True,False,[],,"[{""categoryId"":""LEARNING_KNOWLEDGE"",""categoryName"":""학습·지식"",""score"":0.9},{""categoryId"":""CAREER"",""categoryName"":""취업·커리어"",""score"":0.6}]","[{""categoryId"":""LEARNING_KNOWLEDGE"",""categoryName"":""학습·지식"",""score"":0.9},{""categoryId"":""CAREER"",""categoryName"":""취업·커리어"",""score"":0.6}]",True,,,False,3397.0953
3,TEXT-003,split-without-description,split,False,1,텍스트-2026.07.20-0920,학습·지식/003-텍스트-2026.07.20-0920.txt,LEARNING_KNOWLEDGE,학습·지식,LEARNING_KNOWLEDGE,True,0.5,LEARNING_KNOWLEDGE,LEARNING_KNOWLEDGE,True,,0,1,True,True,EXACT_CORRECT,False,False,False,False,False,False,True,True,True,True,False,[],,"[{""categoryId"":""LEARNING_KNOWLEDGE"",""categoryName"":""학습·지식"",""score"":1.0}]","[{""categoryId"":""LEARNING_KNOWLEDGE"",""categoryName"":""학습·지식"",""score"":1.0}]",True,,,False,2119.3176
4,TEXT-004,split-without-description,split,False,1,SQLD 시험 공부 계획,학습·지식/004-SQLD 시험 공부 계획.txt,LEARNING_KNOWLEDGE,학습·지식,LEARNING_KNOWLEDGE,True,0.5,LEARNING_KNOWLEDGE,LEARNING_KNOWLEDGE,True,,0,1,True,True,EXACT_CORRECT,False,False,False,False,False,False,True,True,True,True,False,[],,"[{""categoryId"":""LEARNING_KNOWLEDGE"",""categoryName"":""학습·지식"",""score"":1.0}]","[{""categoryId"":""LEARNING_KNOWLEDGE"",""categoryName"":""학습·지식"",""score"":1.0}]",True,,,False,2176.2868
29,TEXT-029,split-without-description,split,False,1,Redis 큐에서 작업이 중복될 수 있는 이유,학습·지식/029-Redis 큐에서 작업이 중복될 수 있는 이유.txt,LEARNING_KNOWLEDGE,학습·지식,LEARNING_KNOWLEDGE,True,0.5,LEARNING_KNOWLEDGE|CAREER,LEARNING_KNOWLEDGE|CAREER,True,CAREER,1,2,False,True,RELAXED_CORRECT,False,False,False,False,False,False,True,True,False,True,False,[],,"[{""categoryId"":""LEARNING_KNOWLEDGE"",""categoryName"":""학습·지식"",""score"":0.8},{""categoryId"":""CAREER"",""categoryName"":""취업·커리어"",""score"":0.6}]","[{""categoryId"":""LEARNING_KNOWLEDGE"",""categoryName"":""학습·지식"",""score"":0.8},{""categoryId"":""CAREER"",""categoryName"":""취업·커리어"",""score"":0.6}]",True,,,False,3349.5272
30,TEXT-030,split-without-description,split,False,1,텍스트-2026-07-03,학습·지식/030-텍스트-2026-07-03.txt,LEARNING_KNOWLEDGE,학습·지식,LEARNING_KNOWLEDGE,True,0.5,LEARNING_KNOWLEDGE,LEARNING_KNOWLEDGE,True,,0,1,True,True,EXACT_CORRECT,False,False,False,False,False,False,True,True,True,True,False,[],,"[{""categoryId"":""LEARNING_KNOWLEDGE"",""categoryName"":""학습·지식"",""score"":1.0}]","[{""categoryId"":""LEARNING_KNOWLEDGE"",""categoryName"":""학습·지식"",""score"":1.0}]",True,,,False,2139.3783
31,TEXT-031,split-without-description,split,False,1,사진 촬영에서 조리개의 역할,학습·지식/031-사진 촬영에서 조리개의 역할.txt,LEARNING_KNOWLEDGE,학습·지식,LEARNING_KNOWLEDGE,True,0.5,LEARNING_KNOWLEDGE,LEARNING_KNOWLEDGE,True,,0,1,True,True,EXACT_CORRECT,False,False,False,False,False,False,True,True,True,True,False,[],,"[{""categoryId"":""LEARNING_KNOWLEDGE"",""categoryName"":""학습·지식"",""score"":0.9},{""categoryId"":""CAREER"",""categoryName"":""취업·커리어"",""score"":0.1}]","[{""categoryId"":""LEARNING_KNOWLEDGE"",""categoryName"":""학습·지식"",""score"":0.9},{""categoryId"":""CAREER"",""categoryName"":""취업·커리어"",""score"":0.1}]",True,,,False,3513.1013
32,TEXT-032,split-without-description,split,False,1,전세와 월세의 차이 정리,학습·지식/032-전세와 월세의 차이 정리.txt,LEARNING_KNOWLEDGE,학습·지식,LEARNING_KNOWLEDGE,True,0.5,LEARNING_KNOWLEDGE,LEARNING_KNOWLEDGE,True,,0,1,True,True,EXACT_CORRECT,False,False,False,False,False,False,True,True,True,True,False,[],,"[{""categoryId"":""LEARNING_KNOWLEDGE"",""categoryName"":""학습·지식"",""score"":1.0}]","[{""categoryId"":""LEARNING_KNOWLEDGE"",""categoryName"":""학습·지식"",""score"":1.0}]",True,,,False,2277.8551
33,TEXT-033,split-without-description,split,False,1,좋은 발표 자료의 정보 구조,학습·지식/033-좋은 발표 자료의 정보 구조.txt,LEARNING_KNOWLEDGE,학습·지식,LEARNING_KNOWLEDGE,True,0.5,LEARNING_KNOWLEDGE,LEARNING_KNOWLEDGE,True,,0,1,True,True,EXACT_CORRECT,False,False,False,False,False,False,True,True,True,True,False,[],,"[{""categoryId"":""LEARNING_KNOWLEDGE"",""categoryName"":""학습·지식"",""score"":1.0}]","[{""categoryId"":""LEARNING_KNOWLEDGE"",""categoryName"":""학습·지식"",""score"":1.0}]",True,,,False,2286.7647
17,TEXT-017,split-without-description,split,False,1,텍스트-2026.07.20-1220,건강·운동/017-텍스트-2026.07.20-1220.txt,HEALTH_EXERCISE,건강·운동,HEALTH_EXERCISE,True,0.6,HEALTH_EXERCISE,HEALTH_EXERCISE,True,,0,1,True,True,EXACT_CORRECT,False,False,False,False,False,False,True,True,True,True,False,[],,"[{""categoryId"":""HEALTH_EXERCISE"",""categoryName"":""건강·운동"",""score"":1.0}]","[{""categoryId"":""HEALTH_EXERCISE"",""categoryName"":""건강·운동"",""score"":1.0}]",True,,,False,8569.0897
18,TEXT-018,split-without-description,split,False,1,주 3회 운동 계획,건강·운동/018-주 3회 운동 계획.txt,HEALTH_EXERCISE,건강·운동,HEALTH_EXERCISE,True,0.6,HEALTH_EXERCISE,HEALTH_EXERCISE,True,,0,1,True,True,EXACT_CORRECT,False,False,False,False,False,False,True,True,True,True,False,[],,"[{""categoryId"":""HEALTH_EXERCISE"",""categoryName"":""건강·운동"",""score"":1.0}]","[{""categoryId"":""HEALTH_EXERCISE"",""categoryName"":""건강·운동"",""score"":1.0}]",True,,,False,1971.3876
54,TEXT-054,split-without-description,split,False,1,허리 부담을 줄이는 스쿼트 자세,건강·운동/054-허리 부담을 줄이는 스쿼트 자세.txt,HEALTH_EXERCISE,건강·운동,HEALTH_EXERCISE,True,0.6,HEALTH_EXERCISE,HEALTH_EXERCISE,True,,0,1,True,True,EXACT_CORRECT,False,False,False,False,False,False,True,True,True,True,False,[],,"[{""categoryId"":""HEALTH_EXERCISE"",""categoryName"":""건강·운동"",""score"":1.0}]","[{""categoryId"":""HEALTH_EXERCISE"",""categoryName"":""건강·운동"",""score"":1.0}]",True,,,False,2111.8798
55,TEXT-055,split-without-description,split,False,1,텍스트-2026-07-13,건강·운동/055-텍스트-2026-07-13.txt,HEALTH_EXERCISE,건강·운동,HEALTH_EXERCISE,True,0.6,HEALTH_EXERCISE,HEALTH_EXERCISE,True,,0,1,True,True,EXACT_CORRECT,False,False,False,False,False,False,True,True,True,True,False,[],,"[{""categoryId"":""HEALTH_EXERCISE"",""categoryName"":""건강·운동"",""score"":0.8}]","[{""categoryId"":""HEALTH_EXERCISE"",""categoryName"":""건강·운동"",""score"":0.8}]",True,,,False,2042.6972
56,TEXT-056,split-without-description,split,False,1,러닝 초보자 주간 계획,건강·운동/056-러닝 초보자 주간 계획.txt,HEALTH_EXERCISE,건강·운동,HEALTH_EXERCISE,True,0.6,HEALTH_EXERCISE,HEALTH_EXERCISE,True,,0,1,True,True,EXACT_CORRECT,False,False,False,False,False,False,True,True,True,True,False,[],,"[{""categoryId"":""HEALTH_EXERCISE"",""categoryName"":""건강·운동"",""score"":1.0}]","[{""categoryId"":""HEALTH_EXERCISE"",""categoryName"":""건강·운동"",""score"":1.0}]",True,,,False,2105.6702
57,TEXT-057,split-without-description,split,False,1,장시간 앉아 있을 때 스트레칭,건강·운동/057-장시간 앉아 있을 때 스트레칭.txt,HEALTH_EXERCISE,건강·운동,HEALTH_EXERCISE,True,0.6,HEALTH_EXERCISE,HEALTH_EXERCISE,True,,0,1,True,True,EXACT_CORRECT,False,False,False,False,False,False,True,True,True,True,False,[],,"[{""categoryId"":""HEALTH_EXERCISE"",""categoryName"":""건강·운동"",""score"":1.0}]","[{""categoryId"":""HEALTH_EXERCISE"",""categoryName"":""건강·운동"",""score"":1.0}]",True,,,False,2146.2376
58,TEXT-058,split-without-description,split,False,1,운동 후 식사 구성,건강·운동/058-운동 후 식사 구성.txt,HEALTH_EXERCISE,건강·운동,HEALTH_EXERCISE,True,0.6,HEALTH_EXERCISE|FOOD_RESTAURANT,HEALTH_EXERCISE|FOOD_RESTAURANT,True,FOOD_RESTAURANT,1,2,False,True,RELAXED_CORRECT,False,False,False,False,False,False,True,True,False,True,False,[],,"[{""categoryId"":""HEALTH_EXERCISE"",""categoryName"":""건강·운동"",""score"":0.8},{""categoryId"":""FOOD_RESTAURANT"",""categoryName"":""음식·맛집"",""score"":0.6}]","[{""categoryId"":""HEALTH_EXERCISE"",""categoryName"":""건강·운동"",""score"":0.8},{""categoryId"":""FOOD_RESTAURANT"",""categoryName"":""음식·맛집"",""score"":0.6}]",True,,,False,3478.7395
21,TEXT-021,split-without-description,split,False,1,텍스트-2026.07.20-1310,기타/021-텍스트-2026.07.20-1310.txt,OTHER,기타,IDEA_INSPIRATION,False,0.6,IDEA_INSPIRATION|LEARNING_KNOWLEDGE,IDEA_INSPIRATION|LEARNING_KNOWLEDGE,False,IDEA_INSPIRATION|LEARNING_KNOWLEDGE,2,2,False,False,WRONG_MISSING_GOLD,False,True,False,False,False,False,False,False,False,False,False,[],MISSING_GOLD_CATEGORY,"[{""categoryId"":""IDEA_INSPIRATION"",""categoryName"":""아이디어·영감"",""score"":0.8},{""categoryId"":""LEARNING_KNOWLEDGE"",""categoryName"":""학습·지식"",""score"":0.6}]","[{""categoryId"":""IDEA_INSPIRATION"",""categoryName"":""아이디어·영감"",""score"":0.8},{""categoryId"":""LEARNING_KNOWLEDGE"",""categoryName"":""학습·지식"",""score"":0.6}]",True,,,False,3536.4823
22,TEXT-022,split-without-description,split,False,1,텍스트-2026.07.20-1325,기타/022-텍스트-2026.07.20-1325.txt,OTHER,기타,IDEA_INSPIRATION,False,0.6,IDEA_INSPIRATION|LEARNING_KNOWLEDGE,IDEA_INSPIRATION|LEARNING_KNOWLEDGE,False,IDEA_INSPIRATION|LEARNING_KNOWLEDGE,2,2,False,False,WRONG_MISSING_GOLD,False,True,False,False,False,False,False,False,False,False,False,[],MISSING_GOLD_CATEGORY,"[{""categoryId"":""IDEA_INSPIRATION"",""categoryName"":""아이디어·영감"",""score"":0.8},{""categoryId"":""LEARNING_KNOWLEDGE"",""categoryName"":""학습·지식"",""score"":0.6}]","[{""categoryId"":""IDEA_INSPIRATION"",""categoryName"":""아이디어·영감"",""score"":0.8},{""categoryId"":""LEARNING_KNOWLEDGE"",""categoryName"":""학습·지식"",""score"":0.6}]",True,,,False,3634.2076
74,TEXT-074,split-without-description,split,False,1,텍스트-2026-07-21,기타/074-텍스트-2026-07-21.txt,OTHER,기타,,False,0.6,,OTHER,False,,0,0,False,False,EMPTY_PREDICTION,False,True,False,True,False,False,False,True,True,True,False,[],MISSING_GOLD_CATEGORY|EMPTY_PREDICTION|FALLBACK_USED,[],[],True,,,False,1023.7943
75,TEXT-075,split-without-description,split,False,1,확인할 문자열,기타/075-확인할 문자열.txt,OTHER,기타,,False,0.6,,OTHER,False,,0,0,False,False,EMPTY_PREDICTION,False,True,False,True,False,False,False,True,True,True,False,[],MISSING_GOLD_CATEGORY|EMPTY_PREDICTION|FALLBACK_USED,[],[],True,,,False,923.1272
76,TEXT-076,split-without-description,split,False,1,텍스트-2026-07-22,기타/076-텍스트-2026-07-22.txt,OTHER,기타,,False,0.6,,OTHER,False,,0,0,False,False,EMPTY_PREDICTION,False,True,False,True,False,False,False,True,True,True,False,[],MISSING_GOLD_CATEGORY|EMPTY_PREDICTION|FALLBACK_USED,[],[],True,,,False,900.2406
77,TEXT-077,split-without-description,split,False,1,내용을 확인할 수 없는 링크,기타/077-내용을 확인할 수 없는 링크.txt,OTHER,기타,,False,0.6,,OTHER,False,,0,0,False,False,EMPTY_PREDICTION,False,True,False,True,False,False,False,True,True,True,False,[],MISSING_GOLD_CATEGORY|EMPTY_PREDICTION|FALLBACK_USED,[],[],True,,,False,960.6076
78,TEXT-078,split-without-description,split,False,1,이미지 추출 실패,기타/078-이미지 추출 실패.txt,OTHER,기타,,False,0.6,,OTHER,False,,0,0,False,False,EMPTY_PREDICTION,False,True,False,True,False,False,False,True,True,True,False,[],MISSING_GOLD_CATEGORY|EMPTY_PREDICTION|FALLBACK_USED,[],[],True,,,False,927.0928
64,TEXT-064,split-without-description,split,False,1,월급 통장 나누는 방법,돈·재테크/064-월급 통장 나누는 방법.txt,MONEY_FINANCE,돈·재테크,MONEY_FINANCE,True,0.6,MONEY_FINANCE,MONEY_FINANCE,True,,0,1,True,True,EXACT_CORRECT,False,False,False,False,False,False,True,True,True,True,False,[],,"[{""categoryId"":""MONEY_FINANCE"",""categoryName"":""돈·재테크"",""score"":1.0}]","[{""categoryId"":""MONEY_FINANCE"",""categoryName"":""돈·재테크"",""score"":1.0}]",True,,,False,2098.7316
65,TEXT-065,split-without-description,split,False,1,텍스트-2026-07-17,돈·재테크/065-텍스트-2026-07-17.txt,MONEY_FINANCE,돈·재테크,MONEY_FINANCE,True,0.6,MONEY_FINANCE|LEARNING_KNOWLEDGE,MONEY_FINANCE|LEARNING_KNOWLEDGE,True,LEARNING_KNOWLEDGE,1,2,False,True,RELAXED_CORRECT,False,False,False,False,False,False,True,True,False,True,False,[],,"[{""categoryId"":""MONEY_FINANCE"",""categoryName"":""돈·재테크"",""score"":0.8},{""categoryId"":""LEARNING_KNOWLEDGE"",""categoryName"":""학습·지식"",""score"":0.6}]","[{""categoryId"":""MONEY_FINANCE"",""categoryName"":""돈·재테크"",""score"":0.8},{""categoryId"":""LEARNING_KNOWLEDGE"",""categoryName"":""학습·지식"",""score"":0.6}]",True,,,False,3411.276
66,TEXT-066,split-without-description,split,False,1,카드 혜택 비교,돈·재테크/066-카드 혜택 비교.txt,MONEY_FINANCE,돈·재테크,MONEY_FINANCE,True,0.6,MONEY_FINANCE|LIFE_TASK,MONEY_FINANCE|LIFE_TASK,True,LIFE_TASK,1,2,False,True,RELAXED_CORRECT,False,False,False,False,False,False,True,True,False,True,False,[],,"[{""categoryId"":""MONEY_FINANCE"",""categoryName"":""돈·재테크"",""score"":0.8},{""categoryId"":""LIFE_TASK"",""categoryName"":""생활·할 일"",""score"":0.6}]","[{""categoryId"":""MONEY_FINANCE"",""categoryName"":""돈·재테크"",""score"":0.8},{""categoryId"":""LIFE_TASK"",""categoryName"":""생활·할 일"",""score"":0.6}]",True,,,False,3167.7617
67,TEXT-067,split-without-description,split,False,1,비상금 규모 정하기,돈·재테크/067-비상금 규모 정하기.txt,MONEY_FINANCE,돈·재테크,MONEY_FINANCE,True,0.6,MONEY_FINANCE,MONEY_FINANCE,True,,0,1,True,True,EXACT_CORRECT,False,False,False,False,False,False,True,True,True,True,False,[],,"[{""categoryId"":""MONEY_FINANCE"",""categoryName"":""돈·재테크"",""score"":1.0}]","[{""categoryId"":""MONEY_FINANCE"",""categoryName"":""돈·재테크"",""score"":1.0}]",True,,,False,2061.5863
68,TEXT-068,split-without-description,split,False,1,보험 가입 전에 확인할 내용,돈·재테크/068-보험 가입 전에 확인할 내용.txt,MONEY_FINANCE,돈·재테크,LEARNING_KNOWLEDGE,False,0.6,LEARNING_KNOWLEDGE|CAREER,LEARNING_KNOWLEDGE|CAREER,False,CAREER|LEARNING_KNOWLEDGE,2,2,False,False,WRONG_MISSING_GOLD,False,True,False,False,False,False,False,False,False,False,False,[],MISSING_GOLD_CATEGORY,"[{""categoryId"":""LEARNING_KNOWLEDGE"",""categoryName"":""학습·지식"",""score"":0.9},{""categoryId"":""CAREER"",""categoryName"":""취업·커리어"",""score"":0.6}]","[{""categoryId"":""LEARNING_KNOWLEDGE"",""categoryName"":""학습·지식"",""score"":0.9},{""categoryId"":""CAREER"",""categoryName"":""취업·커리어"",""score"":0.6}]",True,,,False,3182.5687
19,TEXT-019,split-without-description,split,False,1,텍스트-2026.07.20-1245,문화·콘텐츠/019-텍스트-2026.07.20-1245.txt,CULTURE_CONTENT,문화·콘텐츠,CULTURE_CONTENT,True,0.6,CULTURE_CONTENT|LEARNING_KNOWLEDGE,CULTURE_CONTENT|LEARNING_KNOWLEDGE,True,LEARNING_KNOWLEDGE,1,2,False,True,RELAXED_CORRECT,False,False,False,False,False,False,True,True,False,True,False,[],,"[{""categoryId"":""CULTURE_CONTENT"",""categoryName"":""문화·콘텐츠"",""score"":0.8},{""categoryId"":""LEARNING_KNOWLEDGE"",""categoryName"":""학습·지식"",""score"":0.6}]","[{""categoryId"":""CULTURE_CONTENT"",""categoryName"":""문화·콘텐츠"",""score"":0.8},{""categoryId"":""LEARNING_KNOWLEDGE"",""categoryName"":""학습·지식"",""score"":0.6}]",True,,,False,3424.9987
20,TEXT-020,split-without-description,split,False,1,읽어볼 개발 에세이,문화·콘텐츠/020-읽어볼 개발 에세이.txt,CULTURE_CONTENT,문화·콘텐츠,LEARNING_KNOWLEDGE,False,0.6,LEARNING_KNOWLEDGE|CAREER,LEARNING_KNOWLEDGE|CAREER,False,CAREER|LEARNING_KNOWLEDGE,2,2,False,False,WRONG_MISSING_GOLD,False,True,False,False,False,False,False,False,False,False,False,[],MISSING_GOLD_CATEGORY,"[{""categoryId"":""LEARNING_KNOWLEDGE"",""categoryName"":""학습·지식"",""score"":0.8},{""categoryId"":""CAREER"",""categoryName"":""취업·커리어"",""score"":0.7}]","[{""categoryId"":""LEARNING_KNOWLEDGE"",""categoryName"":""학습·지식"",""score"":0.8},{""categoryId"":""CAREER"",""categoryName"":""취업·커리어"",""score"":0.7}]",True,,,False,3326.046
59,TEXT-059,split-without-description,split,False,1,주말에 볼 영화 후보,문화·콘텐츠/059-주말에 볼 영화 후보.txt,CULTURE_CONTENT,문화·콘텐츠,CULTURE_CONTENT,True,0.6,CULTURE_CONTENT|IDEA_INSPIRATION,CULTURE_CONTENT|IDEA_INSPIRATION,True,IDEA_INSPIRATION,1,2,False,True,RELAXED_CORRECT,False,False,False,False,False,False,True,True,False,True,False,[],,"[{""categoryId"":""CULTURE_CONTENT"",""categoryName"":""문화·콘텐츠"",""score"":0.8},{""categoryId"":""IDEA_INSPIRATION"",""categoryName"":""아이디어·영감"",""score"":0.6}]","[{""categoryId"":""CULTURE_CONTENT"",""categoryName"":""문화·콘텐츠"",""score"":0.8},{""categoryId"":""IDEA_INSPIRATION"",""categoryName"":""아이디어·영감"",""score"":0.6}]",True,,,False,3430.6934
60,TEXT-060,split-without-description,split,False,1,텍스트-2026-07-15,문화·콘텐츠/060-텍스트-2026-07-15.txt,CULTURE_CONTENT,문화·콘텐츠,LEARNING_KNOWLEDGE,False,0.6,LEARNING_KNOWLEDGE,LEARNING_KNOWLEDGE,False,LEARNING_KNOWLEDGE,1,1,False,False,WRONG_MISSING_GOLD,False,True,False,False,False,False,False,False,False,False,False,[],MISSING_GOLD_CATEGORY,"[{""categoryId"":""LEARNING_KNOWLEDGE"",""categoryName"":""학습·지식"",""score"":1.0}]","[{""categoryId"":""LEARNING_KNOWLEDGE"",""categoryName"":""학습·지식"",""score"":1.0}]",True,,,False,2074.1242
61,TEXT-061,split-without-description,split,False,1,서울 사진전 정보,문화·콘텐츠/061-서울 사진전 정보.txt,CULTURE_CONTENT,문화·콘텐츠,CULTURE_CONTENT,True,0.6,CULTURE_CONTENT|TRAVEL_PLACE,CULTURE_CONTENT|TRAVEL_PLACE,True,TRAVEL_PLACE,1,2,False,True,RELAXED_CORRECT,False,False,False,False,False,False,True,True,False,True,False,[],,"[{""categoryId"":""CULTURE_CONTENT"",""categoryName"":""문화·콘텐츠"",""score"":0.8},{""categoryId"":""TRAVEL_PLACE"",""categoryName"":""여행·장소"",""score"":0.6}]","[{""categoryId"":""CULTURE_CONTENT"",""categoryName"":""문화·콘텐츠"",""score"":0.8},{""categoryId"":""TRAVEL_PLACE"",""categoryName"":""여행·장소"",""score"":0.6}]",True,,,False,3245.5492
62,TEXT-062,split-without-description,split,False,1,출근할 때 들을 음악,문화·콘텐츠/062-출근할 때 들을 음악.txt,CULTURE_CONTENT,문화·콘텐츠,LIFE_TASK,False,0.6,LIFE_TASK,LIFE_TASK,False,LIFE_TASK,1,1,False,False,WRONG_MISSING_GOLD,False,True,True,False,False,False,True,False,False,False,False,[],THRESHOLD_MISS,"[{""categoryId"":""FOOD_RESTAURANT"",""categoryName"":""음식·맛집"",""score"":0.0},{""categoryId"":""LIFE_TASK"",""categoryName"":""생활·할 일"",""score"":0.8},{""categoryId"":""CULTURE_CONTENT"",""categoryName"":""문화·콘텐츠"",""score"":0.2}]","[{""categoryId"":""LIFE_TASK"",""categoryName"":""생활·할 일"",""score"":0.8},{""categoryId"":""CULTURE_CONTENT"",""categoryName"":""문화·콘텐츠"",""score"":0.2},{""categoryId"":""FOOD_RESTAURANT"",""categoryName"":""음식·맛집"",""score"":0.0}]",True,,,False,4292.7377
63,TEXT-063,split-without-description,split,False,1,웹툰 추천 목록,문화·콘텐츠/063-웹툰 추천 목록.txt,CULTURE_CONTENT,문화·콘텐츠,LEARNING_KNOWLEDGE,False,0.6,LEARNING_KNOWLEDGE|CULTURE_CONTENT,LEARNING_KNOWLEDGE|CULTURE_CONTENT,True,LEARNING_KNOWLEDGE,1,2,False,True,RELAXED_CORRECT,False,False,False,False,False,False,True,True,False,True,False,[],,"[{""categoryId"":""LEARNING_KNOWLEDGE"",""categoryName"":""학습·지식"",""score"":0.8},{""categoryId"":""CULTURE_CONTENT"",""categoryName"":""문화·콘텐츠"",""score"":0.7}]","[{""categoryId"":""LEARNING_KNOWLEDGE"",""categoryName"":""학습·지식"",""score"":0.8},{""categoryId"":""CULTURE_CONTENT"",""categoryName"":""문화·콘텐츠"",""score"":0.7}]",True,,,False,3312.4419
6,TEXT-006,split-without-description,split,False,1,1주차 백로그 정리,생활·할 일/006-1주차 백로그 정리.txt,LIFE_TASK,생활·할 일,LEARNING_KNOWLEDGE,False,0.6,LEARNING_KNOWLEDGE|CAREER,LEARNING_KNOWLEDGE|CAREER,False,CAREER|LEARNING_KNOWLEDGE,2,2,False,False,WRONG_MISSING_GOLD,False,True,False,False,False,False,False,False,False,False,False,[],MISSING_GOLD_CATEGORY,"[{""categoryId"":""LEARNING_KNOWLEDGE"",""categoryName"":""학습·지식"",""score"":0.8},{""categoryId"":""CAREER"",""categoryName"":""취업·커리어"",""score"":0.6}]","[{""categoryId"":""LEARNING_KNOWLEDGE"",""categoryName"":""학습·지식"",""score"":0.8},{""categoryId"":""CAREER"",""categoryName"":""취업·커리어"",""score"":0.6}]",True,,,False,3338.0444
9,TEXT-009,split-without-description,split,False,1,텍스트-2026.07.20-1035,생활·할 일/009-텍스트-2026.07.20-1035.txt,LIFE_TASK,생활·할 일,LIFE_TASK,True,0.6,LIFE_TASK,LIFE_TASK,True,,0,1,True,True,EXACT_CORRECT,False,False,False,False,False,False,True,True,True,True,False,[],,"[{""categoryId"":""LIFE_TASK"",""categoryName"":""생활·할 일"",""score"":1.0}]","[{""categoryId"":""LIFE_TASK"",""categoryName"":""생활·할 일"",""score"":1.0}]",True,,,False,2066.6236
10,TEXT-010,split-without-description,split,False,1,주말 방 정리 계획,생활·할 일/010-주말 방 정리 계획.txt,LIFE_TASK,생활·할 일,LIFE_TASK,True,0.6,LIFE_TASK,LIFE_TASK,True,,0,1,True,True,EXACT_CORRECT,False,False,False,False,False,False,True,True,True,True,False,[],,"[{""categoryId"":""LIFE_TASK"",""categoryName"":""생활·할 일"",""score"":1.0}]","[{""categoryId"":""LIFE_TASK"",""categoryName"":""생활·할 일"",""score"":1.0}]",True,,,False,1945.6438
24,TEXT-024,split-without-description,split,False,1,이사 전날 확인할 목록,생활·할 일/024-이사 전날 확인할 목록.txt,LIFE_TASK,생활·할 일,LIFE_TASK,True,0.6,LIFE_TASK,LIFE_TASK,True,,0,1,True,True,EXACT_CORRECT,False,False,False,False,False,False,True,True,True,True,False,[],,"[{""categoryId"":""LIFE_TASK"",""categoryName"":""생활·할 일"",""score"":1.0}]","[{""categoryId"":""LIFE_TASK"",""categoryName"":""생활·할 일"",""score"":1.0}]",True,,,False,2073.047
25,TEXT-025,split-without-description,split,False,1,텍스트-2026-07-01,생활·할 일/025-텍스트-2026-07-01.txt,LIFE_TASK,생활·할 일,LIFE_TASK,True,0.6,LIFE_TASK,LIFE_TASK,True,,0,1,True,True,EXACT_CORRECT,False,False,False,False,False,False,True,True,True,True,False,[],,"[{""categoryId"":""LIFE_TASK"",""categoryName"":""생활·할 일"",""score"":1.0}]","[{""categoryId"":""LIFE_TASK"",""categoryName"":""생활·할 일"",""score"":1.0}]",True,,,False,1965.1902
26,TEXT-026,split-without-description,split,False,1,장마철 빨래 냄새 줄이는 방법,생활·할 일/026-장마철 빨래 냄새 줄이는 방법.txt,LIFE_TASK,생활·할 일,LIFE_TASK,True,0.6,LIFE_TASK,LIFE_TASK,True,,0,1,True,True,EXACT_CORRECT,False,False,False,False,False,False,True,True,True,True,False,[],,"[{""categoryId"":""LIFE_TASK"",""categoryName"":""생활·할 일"",""score"":1.0}]","[{""categoryId"":""LIFE_TASK"",""categoryName"":""생활·할 일"",""score"":1.0}]",True,,,False,1977.8852
27,TEXT-027,split-without-description,split,False,1,다음 주 일정 메모,생활·할 일/027-다음 주 일정 메모.txt,LIFE_TASK,생활·할 일,LIFE_TASK,True,0.6,LIFE_TASK,LIFE_TASK,True,,0,1,True,True,EXACT_CORRECT,False,False,False,False,False,False,True,True,True,True,False,[],,"[{""categoryId"":""LIFE_TASK"",""categoryName"":""생활·할 일"",""score"":1.0}]","[{""categoryId"":""LIFE_TASK"",""categoryName"":""생활·할 일"",""score"":1.0}]",True,,,False,1958.8469
28,TEXT-028,split-without-description,split,False,1,공과금 자동이체 변경 순서,생활·할 일/028-공과금 자동이체 변경 순서.txt,LIFE_TASK,생활·할 일,LIFE_TASK,True,0.6,LIFE_TASK,LIFE_TASK,True,,0,1,True,True,EXACT_CORRECT,False,False,False,False,False,False,True,True,True,True,False,[],,"[{""categoryId"":""LIFE_TASK"",""categoryName"":""생활·할 일"",""score"":1.0}]","[{""categoryId"":""LIFE_TASK"",""categoryName"":""생활·할 일"",""score"":1.0}]",True,,,False,1989.8781
23,TEXT-023,split-without-description,split,False,1,기숙사 준비물,생활·할 일/기숙사 준비물.txt,LIFE_TASK,생활·할 일,LIFE_TASK,True,0.6,LIFE_TASK,LIFE_TASK,True,,0,1,True,True,EXACT_CORRECT,False,False,False,False,False,False,True,True,True,True,False,[],,"[{""categoryId"":""LIFE_TASK"",""categoryName"":""생활·할 일"",""score"":1.0}]","[{""categoryId"":""LIFE_TASK"",""categoryName"":""생활·할 일"",""score"":1.0}]",True,,,False,2340.698
11,TEXT-011,split-without-description,split,False,1,텍스트-2026.07.20-1100,쇼핑·제품/011-텍스트-2026.07.20-1100.txt,SHOPPING_PRODUCT,쇼핑·제품,SHOPPING_PRODUCT,True,0.6,SHOPPING_PRODUCT|LEARNING_KNOWLEDGE,SHOPPING_PRODUCT|LEARNING_KNOWLEDGE,True,LEARNING_KNOWLEDGE,1,2,False,True,RELAXED_CORRECT,False,False,False,False,False,False,True,True,False,True,False,[],,"[{""categoryId"":""SHOPPING_PRODUCT"",""categoryName"":""쇼핑·제품"",""score"":0.9},{""categoryId"":""LEARNING_KNOWLEDGE"",""categoryName"":""학습·지식"",""score"":0.6}]","[{""categoryId"":""SHOPPING_PRODUCT"",""categoryName"":""쇼핑·제품"",""score"":0.9},{""categoryId"":""LEARNING_KNOWLEDGE"",""categoryName"":""학습·지식"",""score"":0.6}]",True,,,False,3324.9231
12,TEXT-012,split-without-description,split,False,1,무선 키보드 구매 후보,쇼핑·제품/012-무선 키보드 구매 후보.txt,SHOPPING_PRODUCT,쇼핑·제품,SHOPPING_PRODUCT,True,0.6,SHOPPING_PRODUCT|LEARNING_KNOWLEDGE,SHOPPING_PRODUCT|LEARNING_KNOWLEDGE,True,LEARNING_KNOWLEDGE,1,2,False,True,RELAXED_CORRECT,False,False,False,False,False,False,True,True,False,True,False,[],,"[{""categoryId"":""SHOPPING_PRODUCT"",""categoryName"":""쇼핑·제품"",""score"":0.9},{""categoryId"":""LEARNING_KNOWLEDGE"",""categoryName"":""학습·지식"",""score"":0.6}]","[{""categoryId"":""SHOPPING_PRODUCT"",""categoryName"":""쇼핑·제품"",""score"":0.9},{""categoryId"":""LEARNING_KNOWLEDGE"",""categoryName"":""학습·지식"",""score"":0.6}]",True,,,False,3316.6953
49,TEXT-049,split-without-description,split,False,1,무선 키보드 비교,쇼핑·제품/049-무선 키보드 비교.txt,SHOPPING_PRODUCT,쇼핑·제품,SHOPPING_PRODUCT,True,0.6,SHOPPING_PRODUCT,SHOPPING_PRODUCT,True,,0,1,True,True,EXACT_CORRECT,False,False,False,False,False,False,True,True,True,True,False,[],,"[{""categoryId"":""SHOPPING_PRODUCT"",""categoryName"":""쇼핑·제품"",""score"":1.0}]","[{""categoryId"":""SHOPPING_PRODUCT"",""categoryName"":""쇼핑·제품"",""score"":1.0}]",True,,,False,2201.1127
50,TEXT-050,split-without-description,split,False,1,텍스트-2026-07-11,쇼핑·제품/050-텍스트-2026-07-11.txt,SHOPPING_PRODUCT,쇼핑·제품,SHOPPING_PRODUCT,True,0.6,SHOPPING_PRODUCT|LEARNING_KNOWLEDGE,SHOPPING_PRODUCT|LEARNING_KNOWLEDGE,True,LEARNING_KNOWLEDGE,1,2,False,True,RELAXED_CORRECT,False,False,False,False,False,False,True,True,False,True,False,[],,"[{""categoryId"":""SHOPPING_PRODUCT"",""categoryName"":""쇼핑·제품"",""score"":0.8},{""categoryId"":""LEARNING_KNOWLEDGE"",""categoryName"":""학습·지식"",""score"":0.6}]","[{""categoryId"":""SHOPPING_PRODUCT"",""categoryName"":""쇼핑·제품"",""score"":0.8},{""categoryId"":""LEARNING_KNOWLEDGE"",""categoryName"":""학습·지식"",""score"":0.6}]",True,,,False,3343.6056
51,TEXT-051,split-without-description,split,False,1,로봇청소기 구매 후보,쇼핑·제품/051-로봇청소기 구매 후보.txt,SHOPPING_PRODUCT,쇼핑·제품,SHOPPING_PRODUCT,True,0.6,SHOPPING_PRODUCT,SHOPPING_PRODUCT,True,,0,1,True,True,EXACT_CORRECT,False,False,False,False,False,False,True,True,True,True,False,[],,"[{""categoryId"":""SHOPPING_PRODUCT"",""categoryName"":""쇼핑·제품"",""score"":0.8},{""categoryId"":""OTHER"",""categoryName"":""기타"",""score"":0.2}]","[{""categoryId"":""SHOPPING_PRODUCT"",""categoryName"":""쇼핑·제품"",""score"":0.8},{""categoryId"":""OTHER"",""categoryName"":""기타"",""score"":0.2}]",True,,,False,2968.5007
52,TEXT-052,split-without-description,split,False,1,여행용 보조배터리 확인 사항,쇼핑·제품/052-여행용 보조배터리 확인 사항.txt,SHOPPING_PRODUCT,쇼핑·제품,SHOPPING_PRODUCT,True,0.6,SHOPPING_PRODUCT,SHOPPING_PRODUCT,True,,0,1,True,True,EXACT_CORRECT,False,False,False,False,False,False,True,True,True,True,False,[],,"[{""categoryId"":""SHOPPING_PRODUCT"",""categoryName"":""쇼핑·제품"",""score"":0.8},{""categoryId"":""TRAVEL_PLACE"",""categoryName"":""여행·장소"",""score"":0.2}]","[{""categoryId"":""SHOPPING_PRODUCT"",""categoryName"":""쇼핑·제품"",""score"":0.8},{""categoryId"":""TRAVEL_PLACE"",""categoryName"":""여행·장소"",""score"":0.2}]",True,,,False,3284.5237
53,TEXT-053,split-without-description,split,False,1,부모님 선물용 마사지기 후기,쇼핑·제품/053-부모님 선물용 마사지기 후기.txt,SHOPPING_PRODUCT,쇼핑·제품,SHOPPING_PRODUCT,True,0.6,SHOPPING_PRODUCT|HEALTH_EXERCISE,SHOPPING_PRODUCT|HEALTH_EXERCISE,True,HEALTH_EXERCISE,1,2,False,True,RELAXED_CORRECT,False,False,False,False,False,False,True,True,False,True,False,[],,"[{""categoryId"":""SHOPPING_PRODUCT"",""categoryName"":""쇼핑·제품"",""score"":0.8},{""categoryId"":""HEALTH_EXERCISE"",""categoryName"":""건강·운동"",""score"":0.6}]","[{""categoryId"":""SHOPPING_PRODUCT"",""categoryName"":""쇼핑·제품"",""score"":0.8},{""categoryId"":""HEALTH_EXERCISE"",""categoryName"":""건강·운동"",""score"":0.6}]",True,,,False,3209.7061
5,TEXT-005,split-without-description,split,False,1,텍스트-2026.07.20-0940,아이디어·영감/005-텍스트-2026.07.20-0940.txt,IDEA_INSPIRATION,아이디어·영감,LEARNING_KNOWLEDGE,False,0.6,LEARNING_KNOWLEDGE|CAREER,LEARNING_KNOWLEDGE|CAREER,False,CAREER|LEARNING_KNOWLEDGE,2,2,False,False,WRONG_MISSING_GOLD,False,True,False,False,False,False,False,False,False,False,False,[],MISSING_GOLD_CATEGORY,"[{""categoryId"":""LEARNING_KNOWLEDGE"",""categoryName"":""학습·지식"",""score"":0.9},{""categoryId"":""CAREER"",""categoryName"":""취업·커리어"",""score"":0.6}]","[{""categoryId"":""LEARNING_KNOWLEDGE"",""categoryName"":""학습·지식"",""score"":0.9},{""categoryId"":""CAREER"",""categoryName"":""취업·커리어"",""score"":0.6}]",True,,,False,3239.008
69,TEXT-069,split-without-description,split,False,1,앱 첫 화면 디자인 참고,아이디어·영감/069-앱 첫 화면 디자인 참고.txt,IDEA_INSPIRATION,아이디어·영감,IDEA_INSPIRATION,True,0.6,IDEA_INSPIRATION|CULTURE_CONTENT,IDEA_INSPIRATION|CULTURE_CONTENT,True,CULTURE_CONTENT,1,2,False,True,RELAXED_CORRECT,False,False,False,False,False,False,True,True,False,True,False,[],,"[{""categoryId"":""IDEA_INSPIRATION"",""categoryName"":""아이디어·영감"",""score"":0.8},{""categoryId"":""CULTURE_CONTENT"",""categoryName"":""문화·콘텐츠"",""score"":0.6}]","[{""categoryId"":""IDEA_INSPIRATION"",""categoryName"":""아이디어·영감"",""score"":0.8},{""categoryId"":""CULTURE_CONTENT"",""categoryName"":""문화·콘텐츠"",""score"":0.6}]",True,,,False,3454.0536
70,TEXT-070,split-without-description,split,False,1,텍스트-2026-07-19,아이디어·영감/070-텍스트-2026-07-19.txt,IDEA_INSPIRATION,아이디어·영감,IDEA_INSPIRATION,True,0.6,IDEA_INSPIRATION,IDEA_INSPIRATION,True,,0,1,True,True,EXACT_CORRECT,False,False,False,False,False,False,True,True,True,True,False,[],,"[{""categoryId"":""IDEA_INSPIRATION"",""categoryName"":""아이디어·영감"",""score"":0.8}]","[{""categoryId"":""IDEA_INSPIRATION"",""categoryName"":""아이디어·영감"",""score"":0.8}]",True,,,False,2204.4684
71,TEXT-071,split-without-description,split,False,1,방 꾸미기 참고 이미지,아이디어·영감/071-방 꾸미기 참고 이미지.txt,IDEA_INSPIRATION,아이디어·영감,CULTURE_CONTENT,False,0.6,CULTURE_CONTENT|LIFE_TASK,CULTURE_CONTENT|LIFE_TASK,False,CULTURE_CONTENT|LIFE_TASK,2,2,False,False,WRONG_MISSING_GOLD,False,True,False,False,False,False,False,False,False,False,False,[],MISSING_GOLD_CATEGORY,"[{""categoryId"":""CULTURE_CONTENT"",""categoryName"":""문화·콘텐츠"",""score"":0.8},{""categoryId"":""LIFE_TASK"",""categoryName"":""생활·할 일"",""score"":0.6}]","[{""categoryId"":""CULTURE_CONTENT"",""categoryName"":""문화·콘텐츠"",""score"":0.8},{""categoryId"":""LIFE_TASK"",""categoryName"":""생활·할 일"",""score"":0.6}]",True,,,False,3246.5773
72,TEXT-072,split-without-description,split,False,1,숏폼 콘텐츠 구성 방식,아이디어·영감/072-숏폼 콘텐츠 구성 방식.txt,IDEA_INSPIRATION,아이디어·영감,CULTURE_CONTENT,False,0.6,CULTURE_CONTENT|IDEA_INSPIRATION,CULTURE_CONTENT|IDEA_INSPIRATION,True,CULTURE_CONTENT,1,2,False,True,RELAXED_CORRECT,False,False,False,False,False,False,True,True,False,True,False,[],,"[{""categoryId"":""CULTURE_CONTENT"",""categoryName"":""문화·콘텐츠"",""score"":0.8},{""categoryId"":""IDEA_INSPIRATION"",""categoryName"":""아이디어·영감"",""score"":0.7}]","[{""categoryId"":""CULTURE_CONTENT"",""categoryName"":""문화·콘텐츠"",""score"":0.8},{""categoryId"":""IDEA_INSPIRATION"",""categoryName"":""아이디어·영감"",""score"":0.7}]",True,,,False,3400.8163
73,TEXT-073,split-without-description,split,False,1,사진 구도 참고,아이디어·영감/073-사진 구도 참고.txt,IDEA_INSPIRATION,아이디어·영감,CULTURE_CONTENT,False,0.6,CULTURE_CONTENT|IDEA_INSPIRATION,CULTURE_CONTENT|IDEA_INSPIRATION,True,CULTURE_CONTENT,1,2,False,True,RELAXED_CORRECT,False,False,False,False,False,False,True,True,False,True,False,[],,"[{""categoryId"":""CULTURE_CONTENT"",""categoryName"":""문화·콘텐츠"",""score"":0.8},{""categoryId"":""IDEA_INSPIRATION"",""categoryName"":""아이디어·영감"",""score"":0.7}]","[{""categoryId"":""CULTURE_CONTENT"",""categoryName"":""문화·콘텐츠"",""score"":0.8},{""categoryId"":""IDEA_INSPIRATION"",""categoryName"":""아이디어·영감"",""score"":0.7}]",True,,,False,3544.8386
15,TEXT-015,split-without-description,split,False,1,텍스트-2026.07.20-1150,여행·장소/015-텍스트-2026.07.20-1150.txt,TRAVEL_PLACE,여행·장소,TRAVEL_PLACE,True,0.6,TRAVEL_PLACE|SHOPPING_PRODUCT,TRAVEL_PLACE|SHOPPING_PRODUCT,True,SHOPPING_PRODUCT,1,2,False,True,RELAXED_CORRECT,False,False,False,False,False,False,True,True,False,True,False,[],,"[{""categoryId"":""TRAVEL_PLACE"",""categoryName"":""여행·장소"",""score"":0.9},{""categoryId"":""SHOPPING_PRODUCT"",""categoryName"":""쇼핑·제품"",""score"":0.6}]","[{""categoryId"":""TRAVEL_PLACE"",""categoryName"":""여행·장소"",""score"":0.9},{""categoryId"":""SHOPPING_PRODUCT"",""categoryName"":""쇼핑·제품"",""score"":0.6}]",True,,,False,3108.1299
16,TEXT-016,split-without-description,split,False,1,서울 전시회 방문 후보,여행·장소/016-서울 전시회 방문 후보.txt,TRAVEL_PLACE,여행·장소,TRAVEL_PLACE,True,0.6,TRAVEL_PLACE|LEARNING_KNOWLEDGE,TRAVEL_PLACE|LEARNING_KNOWLEDGE,True,LEARNING_KNOWLEDGE,1,2,False,True,RELAXED_CORRECT,False,False,False,False,False,False,True,True,False,True,False,[],,"[{""categoryId"":""TRAVEL_PLACE"",""categoryName"":""여행·장소"",""score"":0.8},{""categoryId"":""LEARNING_KNOWLEDGE"",""categoryName"":""학습·지식"",""score"":0.6}]","[{""categoryId"":""TRAVEL_PLACE"",""categoryName"":""여행·장소"",""score"":0.8},{""categoryId"":""LEARNING_KNOWLEDGE"",""categoryName"":""학습·지식"",""score"":0.6}]",True,,,False,3275.666
39,TEXT-039,split-without-description,split,False,1,부산에서 일몰 보기 좋은 곳,여행·장소/039-부산에서 일몰 보기 좋은 곳.txt,TRAVEL_PLACE,여행·장소,TRAVEL_PLACE,True,0.6,TRAVEL_PLACE,TRAVEL_PLACE,True,,0,1,True,True,EXACT_CORRECT,False,False,False,False,False,False,True,True,True,True,False,[],,"[{""categoryId"":""TRAVEL_PLACE"",""categoryName"":""여행·장소"",""score"":0.9},{""categoryId"":""FOOD_RESTAURANT"",""categoryName"":""음식·맛집"",""score"":0.1}]","[{""categoryId"":""TRAVEL_PLACE"",""categoryName"":""여행·장소"",""score"":0.9},{""categoryId"":""FOOD_RESTAURANT"",""categoryName"":""음식·맛집"",""score"":0.1}]",True,,,False,3208.0476
40,TEXT-040,split-without-description,split,False,1,텍스트-2026-07-07,여행·장소/040-텍스트-2026-07-07.txt,TRAVEL_PLACE,여행·장소,TRAVEL_PLACE,True,0.6,TRAVEL_PLACE|LIFE_TASK,TRAVEL_PLACE|LIFE_TASK,True,LIFE_TASK,1,2,False,True,RELAXED_CORRECT,False,False,False,False,False,False,True,True,False,True,False,[],,"[{""categoryId"":""TRAVEL_PLACE"",""categoryName"":""여행·장소"",""score"":0.8},{""categoryId"":""LIFE_TASK"",""categoryName"":""생활·할 일"",""score"":0.7}]","[{""categoryId"":""TRAVEL_PLACE"",""categoryName"":""여행·장소"",""score"":0.8},{""categoryId"":""LIFE_TASK"",""categoryName"":""생활·할 일"",""score"":0.7}]",True,,,False,3268.8756
41,TEXT-041,split-without-description,split,False,1,교토 버스 이용 팁,여행·장소/041-교토 버스 이용 팁.txt,TRAVEL_PLACE,여행·장소,TRAVEL_PLACE,True,0.6,TRAVEL_PLACE|LIFE_TASK,TRAVEL_PLACE|LIFE_TASK,True,LIFE_TASK,1,2,False,True,RELAXED_CORRECT,False,False,False,False,False,False,True,True,False,True,False,[],,"[{""categoryId"":""TRAVEL_PLACE"",""categoryName"":""여행·장소"",""score"":0.8},{""categoryId"":""LIFE_TASK"",""categoryName"":""생활·할 일"",""score"":0.6}]","[{""categoryId"":""TRAVEL_PLACE"",""categoryName"":""여행·장소"",""score"":0.8},{""categoryId"":""LIFE_TASK"",""categoryName"":""생활·할 일"",""score"":0.6}]",True,,,False,3198.535
42,TEXT-042,split-without-description,split,False,1,비 오는 날 서울에서 갈 곳,여행·장소/042-비 오는 날 서울에서 갈 곳.txt,TRAVEL_PLACE,여행·장소,TRAVEL_PLACE,True,0.6,TRAVEL_PLACE|CULTURE_CONTENT,TRAVEL_PLACE|CULTURE_CONTENT,True,CULTURE_CONTENT,1,2,False,True,RELAXED_CORRECT,False,False,False,False,False,False,True,True,False,True,False,[],,"[{""categoryId"":""TRAVEL_PLACE"",""categoryName"":""여행·장소"",""score"":0.8},{""categoryId"":""CULTURE_CONTENT"",""categoryName"":""문화·콘텐츠"",""score"":0.6}]","[{""categoryId"":""TRAVEL_PLACE"",""categoryName"":""여행·장소"",""score"":0.8},{""categoryId"":""CULTURE_CONTENT"",""categoryName"":""문화·콘텐츠"",""score"":0.6}]",True,,,False,3247.4638
43,TEXT-043,split-without-description,split,False,1,숙소 예약 전에 확인할 내용,여행·장소/043-숙소 예약 전에 확인할 내용.txt,TRAVEL_PLACE,여행·장소,LIFE_TASK,False,0.6,LIFE_TASK,LIFE_TASK,False,LIFE_TASK,1,1,False,False,WRONG_MISSING_GOLD,False,True,False,False,False,False,False,False,False,False,False,[],MISSING_GOLD_CATEGORY,"[{""categoryId"":""LIFE_TASK"",""categoryName"":""생활·할 일"",""score"":1.0}]","[{""categoryId"":""LIFE_TASK"",""categoryName"":""생활·할 일"",""score"":1.0}]",True,,,False,1976.0882
13,TEXT-013,split-without-description,split,False,1,텍스트-2026.07.20-1125,음식·맛집/013-텍스트-2026.07.20-1125.txt,FOOD_RESTAURANT,음식·맛집,FOOD_RESTAURANT,True,0.6,FOOD_RESTAURANT|TRAVEL_PLACE,FOOD_RESTAURANT|TRAVEL_PLACE,True,TRAVEL_PLACE,1,2,False,True,RELAXED_CORRECT,False,False,False,False,False,False,True,True,False,True,False,[],,"[{""categoryId"":""FOOD_RESTAURANT"",""categoryName"":""음식·맛집"",""score"":0.9},{""categoryId"":""TRAVEL_PLACE"",""categoryName"":""여행·장소"",""score"":0.6}]","[{""categoryId"":""FOOD_RESTAURANT"",""categoryName"":""음식·맛집"",""score"":0.9},{""categoryId"":""TRAVEL_PLACE"",""categoryName"":""여행·장소"",""score"":0.6}]",True,,,False,3261.6528
14,TEXT-014,split-without-description,split,False,1,닭가슴살 볶음밥 레시피,음식·맛집/014-닭가슴살 볶음밥 레시피.txt,FOOD_RESTAURANT,음식·맛집,FOOD_RESTAURANT,True,0.6,FOOD_RESTAURANT,FOOD_RESTAURANT,True,,0,1,True,True,EXACT_CORRECT,False,False,False,False,False,False,True,True,True,True,False,[],,"[{""categoryId"":""FOOD_RESTAURANT"",""categoryName"":""음식·맛집"",""score"":1.0}]","[{""categoryId"":""FOOD_RESTAURANT"",""categoryName"":""음식·맛집"",""score"":1.0}]",True,,,False,2324.0995
44,TEXT-044,split-without-description,split,False,1,성수동 파스타 식당,음식·맛집/044-성수동 파스타 식당.txt,FOOD_RESTAURANT,음식·맛집,FOOD_RESTAURANT,True,0.6,FOOD_RESTAURANT,FOOD_RESTAURANT,True,,0,1,True,True,EXACT_CORRECT,False,False,False,False,False,False,True,True,True,True,False,[],,"[{""categoryId"":""FOOD_RESTAURANT"",""categoryName"":""음식·맛집"",""score"":1.0}]","[{""categoryId"":""FOOD_RESTAURANT"",""categoryName"":""음식·맛집"",""score"":1.0}]",True,,,False,2203.581
45,TEXT-045,split-without-description,split,False,1,텍스트-2026-07-09,음식·맛집/045-텍스트-2026-07-09.txt,FOOD_RESTAURANT,음식·맛집,FOOD_RESTAURANT,True,0.6,FOOD_RESTAURANT,FOOD_RESTAURANT,True,,0,1,True,True,EXACT_CORRECT,False,False,False,False,False,False,True,True,True,True,False,[],,"[{""categoryId"":""FOOD_RESTAURANT"",""categoryName"":""음식·맛집"",""score"":1.0}]","[{""categoryId"":""FOOD_RESTAURANT"",""categoryName"":""음식·맛집"",""score"":1.0}]",True,,,False,2125.0194
46,TEXT-046,split-without-description,split,False,1,광주에서 늦게까지 하는 카페,음식·맛집/046-광주에서 늦게까지 하는 카페.txt,FOOD_RESTAURANT,음식·맛집,TRAVEL_PLACE,False,0.6,TRAVEL_PLACE|FOOD_RESTAURANT,TRAVEL_PLACE|FOOD_RESTAURANT,True,TRAVEL_PLACE,1,2,False,True,RELAXED_CORRECT,False,False,False,False,False,False,True,True,False,True,False,[],,"[{""categoryId"":""TRAVEL_PLACE"",""categoryName"":""여행·장소"",""score"":0.8},{""categoryId"":""FOOD_RESTAURANT"",""categoryName"":""음식·맛집"",""score"":0.6}]","[{""categoryId"":""TRAVEL_PLACE"",""categoryName"":""여행·장소"",""score"":0.8},{""categoryId"":""FOOD_RESTAURANT"",""categoryName"":""음식·맛집"",""score"":0.6}]",True,,,False,3340.0235
47,TEXT-047,split-without-description,split,False,1,냉동 만두를 바삭하게 굽는 방법,음식·맛집/047-냉동 만두를 바삭하게 굽는 방법.txt,FOOD_RESTAURANT,음식·맛집,FOOD_RESTAURANT,True,0.6,FOOD_RESTAURANT|LIFE_TASK,FOOD_RESTAURANT|LIFE_TASK,True,LIFE_TASK,1,2,False,True,RELAXED_CORRECT,False,False,False,False,False,False,True,True,False,True,False,[],,"[{""categoryId"":""FOOD_RESTAURANT"",""categoryName"":""음식·맛집"",""score"":0.9},{""categoryId"":""LIFE_TASK"",""categoryName"":""생활·할 일"",""score"":0.6}]","[{""categoryId"":""FOOD_RESTAURANT"",""categoryName"":""음식·맛집"",""score"":0.9},{""categoryId"":""LIFE_TASK"",""categoryName"":""생활·할 일"",""score"":0.6}]",True,,,False,3180.0771
48,TEXT-048,split-without-description,split,False,1,제주 고기국수 후보,음식·맛집/048-제주 고기국수 후보.txt,FOOD_RESTAURANT,음식·맛집,FOOD_RESTAURANT,True,0.6,FOOD_RESTAURANT,FOOD_RESTAURANT,True,,0,1,True,True,EXACT_CORRECT,False,False,False,False,False,False,True,True,True,True,False,[],,"[{""categoryId"":""FOOD_RESTAURANT"",""categoryName"":""음식·맛집"",""score"":1.0}]","[{""categoryId"":""FOOD_RESTAURANT"",""categoryName"":""음식·맛집"",""score"":1.0}]",True,,,False,2185.5646
7,TEXT-007,split-without-description,split,False,1,텍스트-2026.07.20-1010,취업·커리어/007-텍스트-2026.07.20-1010.txt,CAREER,취업·커리어,LEARNING_KNOWLEDGE,False,0.6,LEARNING_KNOWLEDGE,LEARNING_KNOWLEDGE,False,LEARNING_KNOWLEDGE,1,1,False,False,WRONG_MISSING_GOLD,False,True,False,False,False,False,False,False,False,False,False,[],MISSING_GOLD_CATEGORY,"[{""categoryId"":""LEARNING_KNOWLEDGE"",""categoryName"":""학습·지식"",""score"":1.0}]","[{""categoryId"":""LEARNING_KNOWLEDGE"",""categoryName"":""학습·지식"",""score"":1.0}]",True,,,False,2091.8442
8,TEXT-008,split-without-description,split,False,1,공기업 채용 공고 확인,취업·커리어/008-공기업 채용 공고 확인.txt,CAREER,취업·커리어,CAREER,True,0.6,CAREER|LEARNING_KNOWLEDGE,CAREER|LEARNING_KNOWLEDGE,True,LEARNING_KNOWLEDGE,1,2,False,True,RELAXED_CORRECT,False,False,False,False,False,False,True,True,False,True,False,[],,"[{""categoryId"":""CAREER"",""categoryName"":""취업·커리어"",""score"":0.95},{""categoryId"":""LEARNING_KNOWLEDGE"",""categoryName"":""학습·지식"",""score"":0.75}]","[{""categoryId"":""CAREER"",""categoryName"":""취업·커리어"",""score"":0.95},{""categoryId"":""LEARNING_KNOWLEDGE"",""categoryName"":""학습·지식"",""score"":0.75}]",True,,,False,3352.1607
34,TEXT-034,split-without-description,split,False,1,백엔드 개발자 채용 공고 확인,취업·커리어/034-백엔드 개발자 채용 공고 확인.txt,CAREER,취업·커리어,CAREER,True,0.6,CAREER,CAREER,True,,0,1,True,True,EXACT_CORRECT,False,False,False,False,False,False,True,True,True,True,False,[],,"[{""categoryId"":""CAREER"",""categoryName"":""취업·커리어"",""score"":1.0}]","[{""categoryId"":""CAREER"",""categoryName"":""취업·커리어"",""score"":1.0}]",True,,,False,2139.0475
35,TEXT-035,split-without-description,split,False,1,텍스트-2026-07-05,취업·커리어/035-텍스트-2026-07-05.txt,CAREER,취업·커리어,CAREER,True,0.6,CAREER,CAREER,True,,0,1,True,True,EXACT_CORRECT,False,False,False,False,False,False,True,True,True,True,False,[],,"[{""categoryId"":""CAREER"",""categoryName"":""취업·커리어"",""score"":1.0}]","[{""categoryId"":""CAREER"",""categoryName"":""취업·커리어"",""score"":1.0}]",True,,,False,2098.6151
36,TEXT-036,split-without-description,split,False,1,자기소개서 수정할 부분,취업·커리어/036-자기소개서 수정할 부분.txt,CAREER,취업·커리어,LEARNING_KNOWLEDGE,False,0.6,LEARNING_KNOWLEDGE,LEARNING_KNOWLEDGE,False,LEARNING_KNOWLEDGE,1,1,False,False,WRONG_MISSING_GOLD,False,True,False,False,False,False,False,False,False,False,False,[],MISSING_GOLD_CATEGORY,"[{""categoryId"":""LEARNING_KNOWLEDGE"",""categoryName"":""학습·지식"",""score"":1.0}]","[{""categoryId"":""LEARNING_KNOWLEDGE"",""categoryName"":""학습·지식"",""score"":1.0}]",True,,,False,2158.2965
37,TEXT-037,split-without-description,split,False,1,이직 전 확인할 조건,취업·커리어/037-이직 전 확인할 조건.txt,CAREER,취업·커리어,CAREER,True,0.6,CAREER,CAREER,True,,0,1,True,True,EXACT_CORRECT,False,False,False,False,False,False,True,True,True,True,False,[],,"[{""categoryId"":""CAREER"",""categoryName"":""취업·커리어"",""score"":1.0}]","[{""categoryId"":""CAREER"",""categoryName"":""취업·커리어"",""score"":1.0}]",True,,,False,2158.3307
38,TEXT-038,split-without-description,split,False,1,포트폴리오 프로젝트 설명 방식,취업·커리어/038-포트폴리오 프로젝트 설명 방식.txt,CAREER,취업·커리어,CAREER,True,0.6,CAREER,CAREER,True,,0,1,True,True,EXACT_CORRECT,False,False,False,False,False,False,True,True,True,True,False,[],,"[{""categoryId"":""CAREER"",""categoryName"":""취업·커리어"",""score"":0.9}]","[{""categoryId"":""CAREER"",""categoryName"":""취업·커리어"",""score"":0.9}]",True,,,False,2089.2889
1,TEXT-001,split-without-description,split,False,1,텍스트-2026.07.20-0905,학습·지식/001-텍스트-2026.07.20-0905.txt,LEARNING_KNOWLEDGE,학습·지식,LEARNING_KNOWLEDGE,True,0.6,LEARNING_KNOWLEDGE|SHOPPING_PRODUCT,LEARNING_KNOWLEDGE|SHOPPING_PRODUCT,True,SHOPPING_PRODUCT,1,2,False,True,RELAXED_CORRECT,False,False,False,False,False,False,True,True,False,True,False,[],,"[{""categoryId"":""LEARNING_KNOWLEDGE"",""categoryName"":""학습·지식"",""score"":0.9},{""categoryId"":""SHOPPING_PRODUCT"",""categoryName"":""쇼핑·제품"",""score"":0.6}]","[{""categoryId"":""LEARNING_KNOWLEDGE"",""categoryName"":""학습·지식"",""score"":0.9},{""categoryId"":""SHOPPING_PRODUCT"",""categoryName"":""쇼핑·제품"",""score"":0.6}]",True,,,False,3199.6655
2,TEXT-002,split-without-description,split,False,1,JWT 재발급 구조 정리,학습·지식/002-JWT 재발급 구조 정리.txt,LEARNING_KNOWLEDGE,학습·지식,LEARNING_KNOWLEDGE,True,0.6,LEARNING_KNOWLEDGE|CAREER,LEARNING_KNOWLEDGE|CAREER,True,CAREER,1,2,False,True,RELAXED_CORRECT,False,False,False,False,False,False,True,True,False,True,False,[],,"[{""categoryId"":""LEARNING_KNOWLEDGE"",""categoryName"":""학습·지식"",""score"":0.9},{""categoryId"":""CAREER"",""categoryName"":""취업·커리어"",""score"":0.6}]","[{""categoryId"":""LEARNING_KNOWLEDGE"",""categoryName"":""학습·지식"",""score"":0.9},{""categoryId"":""CAREER"",""categoryName"":""취업·커리어"",""score"":0.6}]",True,,,False,3397.0953
3,TEXT-003,split-without-description,split,False,1,텍스트-2026.07.20-0920,학습·지식/003-텍스트-2026.07.20-0920.txt,LEARNING_KNOWLEDGE,학습·지식,LEARNING_KNOWLEDGE,True,0.6,LEARNING_KNOWLEDGE,LEARNING_KNOWLEDGE,True,,0,1,True,True,EXACT_CORRECT,False,False,False,False,False,False,True,True,True,True,False,[],,"[{""categoryId"":""LEARNING_KNOWLEDGE"",""categoryName"":""학습·지식"",""score"":1.0}]","[{""categoryId"":""LEARNING_KNOWLEDGE"",""categoryName"":""학습·지식"",""score"":1.0}]",True,,,False,2119.3176
4,TEXT-004,split-without-description,split,False,1,SQLD 시험 공부 계획,학습·지식/004-SQLD 시험 공부 계획.txt,LEARNING_KNOWLEDGE,학습·지식,LEARNING_KNOWLEDGE,True,0.6,LEARNING_KNOWLEDGE,LEARNING_KNOWLEDGE,True,,0,1,True,True,EXACT_CORRECT,False,False,False,False,False,False,True,True,True,True,False,[],,"[{""categoryId"":""LEARNING_KNOWLEDGE"",""categoryName"":""학습·지식"",""score"":1.0}]","[{""categoryId"":""LEARNING_KNOWLEDGE"",""categoryName"":""학습·지식"",""score"":1.0}]",True,,,False,2176.2868
29,TEXT-029,split-without-description,split,False,1,Redis 큐에서 작업이 중복될 수 있는 이유,학습·지식/029-Redis 큐에서 작업이 중복될 수 있는 이유.txt,LEARNING_KNOWLEDGE,학습·지식,LEARNING_KNOWLEDGE,True,0.6,LEARNING_KNOWLEDGE|CAREER,LEARNING_KNOWLEDGE|CAREER,True,CAREER,1,2,False,True,RELAXED_CORRECT,False,False,False,False,False,False,True,True,False,True,False,[],,"[{""categoryId"":""LEARNING_KNOWLEDGE"",""categoryName"":""학습·지식"",""score"":0.8},{""categoryId"":""CAREER"",""categoryName"":""취업·커리어"",""score"":0.6}]","[{""categoryId"":""LEARNING_KNOWLEDGE"",""categoryName"":""학습·지식"",""score"":0.8},{""categoryId"":""CAREER"",""categoryName"":""취업·커리어"",""score"":0.6}]",True,,,False,3349.5272
30,TEXT-030,split-without-description,split,False,1,텍스트-2026-07-03,학습·지식/030-텍스트-2026-07-03.txt,LEARNING_KNOWLEDGE,학습·지식,LEARNING_KNOWLEDGE,True,0.6,LEARNING_KNOWLEDGE,LEARNING_KNOWLEDGE,True,,0,1,True,True,EXACT_CORRECT,False,False,False,False,False,False,True,True,True,True,False,[],,"[{""categoryId"":""LEARNING_KNOWLEDGE"",""categoryName"":""학습·지식"",""score"":1.0}]","[{""categoryId"":""LEARNING_KNOWLEDGE"",""categoryName"":""학습·지식"",""score"":1.0}]",True,,,False,2139.3783
31,TEXT-031,split-without-description,split,False,1,사진 촬영에서 조리개의 역할,학습·지식/031-사진 촬영에서 조리개의 역할.txt,LEARNING_KNOWLEDGE,학습·지식,LEARNING_KNOWLEDGE,True,0.6,LEARNING_KNOWLEDGE,LEARNING_KNOWLEDGE,True,,0,1,True,True,EXACT_CORRECT,False,False,False,False,False,False,True,True,True,True,False,[],,"[{""categoryId"":""LEARNING_KNOWLEDGE"",""categoryName"":""학습·지식"",""score"":0.9},{""categoryId"":""CAREER"",""categoryName"":""취업·커리어"",""score"":0.1}]","[{""categoryId"":""LEARNING_KNOWLEDGE"",""categoryName"":""학습·지식"",""score"":0.9},{""categoryId"":""CAREER"",""categoryName"":""취업·커리어"",""score"":0.1}]",True,,,False,3513.1013
32,TEXT-032,split-without-description,split,False,1,전세와 월세의 차이 정리,학습·지식/032-전세와 월세의 차이 정리.txt,LEARNING_KNOWLEDGE,학습·지식,LEARNING_KNOWLEDGE,True,0.6,LEARNING_KNOWLEDGE,LEARNING_KNOWLEDGE,True,,0,1,True,True,EXACT_CORRECT,False,False,False,False,False,False,True,True,True,True,False,[],,"[{""categoryId"":""LEARNING_KNOWLEDGE"",""categoryName"":""학습·지식"",""score"":1.0}]","[{""categoryId"":""LEARNING_KNOWLEDGE"",""categoryName"":""학습·지식"",""score"":1.0}]",True,,,False,2277.8551
33,TEXT-033,split-without-description,split,False,1,좋은 발표 자료의 정보 구조,학습·지식/033-좋은 발표 자료의 정보 구조.txt,LEARNING_KNOWLEDGE,학습·지식,LEARNING_KNOWLEDGE,True,0.6,LEARNING_KNOWLEDGE,LEARNING_KNOWLEDGE,True,,0,1,True,True,EXACT_CORRECT,False,False,False,False,False,False,True,True,True,True,False,[],,"[{""categoryId"":""LEARNING_KNOWLEDGE"",""categoryName"":""학습·지식"",""score"":1.0}]","[{""categoryId"":""LEARNING_KNOWLEDGE"",""categoryName"":""학습·지식"",""score"":1.0}]",True,,,False,2286.7647
17,TEXT-017,split-without-description,split,False,1,텍스트-2026.07.20-1220,건강·운동/017-텍스트-2026.07.20-1220.txt,HEALTH_EXERCISE,건강·운동,HEALTH_EXERCISE,True,0.65,HEALTH_EXERCISE,HEALTH_EXERCISE,True,,0,1,True,True,EXACT_CORRECT,False,False,False,False,False,False,True,True,True,True,False,[],,"[{""categoryId"":""HEALTH_EXERCISE"",""categoryName"":""건강·운동"",""score"":1.0}]","[{""categoryId"":""HEALTH_EXERCISE"",""categoryName"":""건강·운동"",""score"":1.0}]",True,,,False,8569.0897
18,TEXT-018,split-without-description,split,False,1,주 3회 운동 계획,건강·운동/018-주 3회 운동 계획.txt,HEALTH_EXERCISE,건강·운동,HEALTH_EXERCISE,True,0.65,HEALTH_EXERCISE,HEALTH_EXERCISE,True,,0,1,True,True,EXACT_CORRECT,False,False,False,False,False,False,True,True,True,True,False,[],,"[{""categoryId"":""HEALTH_EXERCISE"",""categoryName"":""건강·운동"",""score"":1.0}]","[{""categoryId"":""HEALTH_EXERCISE"",""categoryName"":""건강·운동"",""score"":1.0}]",True,,,False,1971.3876
54,TEXT-054,split-without-description,split,False,1,허리 부담을 줄이는 스쿼트 자세,건강·운동/054-허리 부담을 줄이는 스쿼트 자세.txt,HEALTH_EXERCISE,건강·운동,HEALTH_EXERCISE,True,0.65,HEALTH_EXERCISE,HEALTH_EXERCISE,True,,0,1,True,True,EXACT_CORRECT,False,False,False,False,False,False,True,True,True,True,False,[],,"[{""categoryId"":""HEALTH_EXERCISE"",""categoryName"":""건강·운동"",""score"":1.0}]","[{""categoryId"":""HEALTH_EXERCISE"",""categoryName"":""건강·운동"",""score"":1.0}]",True,,,False,2111.8798
55,TEXT-055,split-without-description,split,False,1,텍스트-2026-07-13,건강·운동/055-텍스트-2026-07-13.txt,HEALTH_EXERCISE,건강·운동,HEALTH_EXERCISE,True,0.65,HEALTH_EXERCISE,HEALTH_EXERCISE,True,,0,1,True,True,EXACT_CORRECT,False,False,False,False,False,False,True,True,True,True,False,[],,"[{""categoryId"":""HEALTH_EXERCISE"",""categoryName"":""건강·운동"",""score"":0.8}]","[{""categoryId"":""HEALTH_EXERCISE"",""categoryName"":""건강·운동"",""score"":0.8}]",True,,,False,2042.6972
56,TEXT-056,split-without-description,split,False,1,러닝 초보자 주간 계획,건강·운동/056-러닝 초보자 주간 계획.txt,HEALTH_EXERCISE,건강·운동,HEALTH_EXERCISE,True,0.65,HEALTH_EXERCISE,HEALTH_EXERCISE,True,,0,1,True,True,EXACT_CORRECT,False,False,False,False,False,False,True,True,True,True,False,[],,"[{""categoryId"":""HEALTH_EXERCISE"",""categoryName"":""건강·운동"",""score"":1.0}]","[{""categoryId"":""HEALTH_EXERCISE"",""categoryName"":""건강·운동"",""score"":1.0}]",True,,,False,2105.6702
57,TEXT-057,split-without-description,split,False,1,장시간 앉아 있을 때 스트레칭,건강·운동/057-장시간 앉아 있을 때 스트레칭.txt,HEALTH_EXERCISE,건강·운동,HEALTH_EXERCISE,True,0.65,HEALTH_EXERCISE,HEALTH_EXERCISE,True,,0,1,True,True,EXACT_CORRECT,False,False,False,False,False,False,True,True,True,True,False,[],,"[{""categoryId"":""HEALTH_EXERCISE"",""categoryName"":""건강·운동"",""score"":1.0}]","[{""categoryId"":""HEALTH_EXERCISE"",""categoryName"":""건강·운동"",""score"":1.0}]",True,,,False,2146.2376
58,TEXT-058,split-without-description,split,False,1,운동 후 식사 구성,건강·운동/058-운동 후 식사 구성.txt,HEALTH_EXERCISE,건강·운동,HEALTH_EXERCISE,True,0.65,HEALTH_EXERCISE,HEALTH_EXERCISE,True,,0,1,True,True,EXACT_CORRECT,False,False,False,False,False,False,True,True,True,True,False,[],,"[{""categoryId"":""HEALTH_EXERCISE"",""categoryName"":""건강·운동"",""score"":0.8},{""categoryId"":""FOOD_RESTAURANT"",""categoryName"":""음식·맛집"",""score"":0.6}]","[{""categoryId"":""HEALTH_EXERCISE"",""categoryName"":""건강·운동"",""score"":0.8},{""categoryId"":""FOOD_RESTAURANT"",""categoryName"":""음식·맛집"",""score"":0.6}]",True,,,False,3478.7395
21,TEXT-021,split-without-description,split,False,1,텍스트-2026.07.20-1310,기타/021-텍스트-2026.07.20-1310.txt,OTHER,기타,IDEA_INSPIRATION,False,0.65,IDEA_INSPIRATION,IDEA_INSPIRATION,False,IDEA_INSPIRATION,1,1,False,False,WRONG_MISSING_GOLD,False,True,False,False,False,False,False,False,False,False,False,[],MISSING_GOLD_CATEGORY,"[{""categoryId"":""IDEA_INSPIRATION"",""categoryName"":""아이디어·영감"",""score"":0.8},{""categoryId"":""LEARNING_KNOWLEDGE"",""categoryName"":""학습·지식"",""score"":0.6}]","[{""categoryId"":""IDEA_INSPIRATION"",""categoryName"":""아이디어·영감"",""score"":0.8},{""categoryId"":""LEARNING_KNOWLEDGE"",""categoryName"":""학습·지식"",""score"":0.6}]",True,,,False,3536.4823
22,TEXT-022,split-without-description,split,False,1,텍스트-2026.07.20-1325,기타/022-텍스트-2026.07.20-1325.txt,OTHER,기타,IDEA_INSPIRATION,False,0.65,IDEA_INSPIRATION,IDEA_INSPIRATION,False,IDEA_INSPIRATION,1,1,False,False,WRONG_MISSING_GOLD,False,True,False,False,False,False,False,False,False,False,False,[],MISSING_GOLD_CATEGORY,"[{""categoryId"":""IDEA_INSPIRATION"",""categoryName"":""아이디어·영감"",""score"":0.8},{""categoryId"":""LEARNING_KNOWLEDGE"",""categoryName"":""학습·지식"",""score"":0.6}]","[{""categoryId"":""IDEA_INSPIRATION"",""categoryName"":""아이디어·영감"",""score"":0.8},{""categoryId"":""LEARNING_KNOWLEDGE"",""categoryName"":""학습·지식"",""score"":0.6}]",True,,,False,3634.2076
74,TEXT-074,split-without-description,split,False,1,텍스트-2026-07-21,기타/074-텍스트-2026-07-21.txt,OTHER,기타,,False,0.65,,OTHER,False,,0,0,False,False,EMPTY_PREDICTION,False,True,False,True,False,False,False,True,True,True,False,[],MISSING_GOLD_CATEGORY|EMPTY_PREDICTION|FALLBACK_USED,[],[],True,,,False,1023.7943
75,TEXT-075,split-without-description,split,False,1,확인할 문자열,기타/075-확인할 문자열.txt,OTHER,기타,,False,0.65,,OTHER,False,,0,0,False,False,EMPTY_PREDICTION,False,True,False,True,False,False,False,True,True,True,False,[],MISSING_GOLD_CATEGORY|EMPTY_PREDICTION|FALLBACK_USED,[],[],True,,,False,923.1272
76,TEXT-076,split-without-description,split,False,1,텍스트-2026-07-22,기타/076-텍스트-2026-07-22.txt,OTHER,기타,,False,0.65,,OTHER,False,,0,0,False,False,EMPTY_PREDICTION,False,True,False,True,False,False,False,True,True,True,False,[],MISSING_GOLD_CATEGORY|EMPTY_PREDICTION|FALLBACK_USED,[],[],True,,,False,900.2406
77,TEXT-077,split-without-description,split,False,1,내용을 확인할 수 없는 링크,기타/077-내용을 확인할 수 없는 링크.txt,OTHER,기타,,False,0.65,,OTHER,False,,0,0,False,False,EMPTY_PREDICTION,False,True,False,True,False,False,False,True,True,True,False,[],MISSING_GOLD_CATEGORY|EMPTY_PREDICTION|FALLBACK_USED,[],[],True,,,False,960.6076
78,TEXT-078,split-without-description,split,False,1,이미지 추출 실패,기타/078-이미지 추출 실패.txt,OTHER,기타,,False,0.65,,OTHER,False,,0,0,False,False,EMPTY_PREDICTION,False,True,False,True,False,False,False,True,True,True,False,[],MISSING_GOLD_CATEGORY|EMPTY_PREDICTION|FALLBACK_USED,[],[],True,,,False,927.0928
64,TEXT-064,split-without-description,split,False,1,월급 통장 나누는 방법,돈·재테크/064-월급 통장 나누는 방법.txt,MONEY_FINANCE,돈·재테크,MONEY_FINANCE,True,0.65,MONEY_FINANCE,MONEY_FINANCE,True,,0,1,True,True,EXACT_CORRECT,False,False,False,False,False,False,True,True,True,True,False,[],,"[{""categoryId"":""MONEY_FINANCE"",""categoryName"":""돈·재테크"",""score"":1.0}]","[{""categoryId"":""MONEY_FINANCE"",""categoryName"":""돈·재테크"",""score"":1.0}]",True,,,False,2098.7316
65,TEXT-065,split-without-description,split,False,1,텍스트-2026-07-17,돈·재테크/065-텍스트-2026-07-17.txt,MONEY_FINANCE,돈·재테크,MONEY_FINANCE,True,0.65,MONEY_FINANCE,MONEY_FINANCE,True,,0,1,True,True,EXACT_CORRECT,False,False,False,False,False,False,True,True,True,True,False,[],,"[{""categoryId"":""MONEY_FINANCE"",""categoryName"":""돈·재테크"",""score"":0.8},{""categoryId"":""LEARNING_KNOWLEDGE"",""categoryName"":""학습·지식"",""score"":0.6}]","[{""categoryId"":""MONEY_FINANCE"",""categoryName"":""돈·재테크"",""score"":0.8},{""categoryId"":""LEARNING_KNOWLEDGE"",""categoryName"":""학습·지식"",""score"":0.6}]",True,,,False,3411.276
66,TEXT-066,split-without-description,split,False,1,카드 혜택 비교,돈·재테크/066-카드 혜택 비교.txt,MONEY_FINANCE,돈·재테크,MONEY_FINANCE,True,0.65,MONEY_FINANCE,MONEY_FINANCE,True,,0,1,True,True,EXACT_CORRECT,False,False,False,False,False,False,True,True,True,True,False,[],,"[{""categoryId"":""MONEY_FINANCE"",""categoryName"":""돈·재테크"",""score"":0.8},{""categoryId"":""LIFE_TASK"",""categoryName"":""생활·할 일"",""score"":0.6}]","[{""categoryId"":""MONEY_FINANCE"",""categoryName"":""돈·재테크"",""score"":0.8},{""categoryId"":""LIFE_TASK"",""categoryName"":""생활·할 일"",""score"":0.6}]",True,,,False,3167.7617
67,TEXT-067,split-without-description,split,False,1,비상금 규모 정하기,돈·재테크/067-비상금 규모 정하기.txt,MONEY_FINANCE,돈·재테크,MONEY_FINANCE,True,0.65,MONEY_FINANCE,MONEY_FINANCE,True,,0,1,True,True,EXACT_CORRECT,False,False,False,False,False,False,True,True,True,True,False,[],,"[{""categoryId"":""MONEY_FINANCE"",""categoryName"":""돈·재테크"",""score"":1.0}]","[{""categoryId"":""MONEY_FINANCE"",""categoryName"":""돈·재테크"",""score"":1.0}]",True,,,False,2061.5863
68,TEXT-068,split-without-description,split,False,1,보험 가입 전에 확인할 내용,돈·재테크/068-보험 가입 전에 확인할 내용.txt,MONEY_FINANCE,돈·재테크,LEARNING_KNOWLEDGE,False,0.65,LEARNING_KNOWLEDGE,LEARNING_KNOWLEDGE,False,LEARNING_KNOWLEDGE,1,1,False,False,WRONG_MISSING_GOLD,False,True,False,False,False,False,False,False,False,False,False,[],MISSING_GOLD_CATEGORY,"[{""categoryId"":""LEARNING_KNOWLEDGE"",""categoryName"":""학습·지식"",""score"":0.9},{""categoryId"":""CAREER"",""categoryName"":""취업·커리어"",""score"":0.6}]","[{""categoryId"":""LEARNING_KNOWLEDGE"",""categoryName"":""학습·지식"",""score"":0.9},{""categoryId"":""CAREER"",""categoryName"":""취업·커리어"",""score"":0.6}]",True,,,False,3182.5687
19,TEXT-019,split-without-description,split,False,1,텍스트-2026.07.20-1245,문화·콘텐츠/019-텍스트-2026.07.20-1245.txt,CULTURE_CONTENT,문화·콘텐츠,CULTURE_CONTENT,True,0.65,CULTURE_CONTENT,CULTURE_CONTENT,True,,0,1,True,True,EXACT_CORRECT,False,False,False,False,False,False,True,True,True,True,False,[],,"[{""categoryId"":""CULTURE_CONTENT"",""categoryName"":""문화·콘텐츠"",""score"":0.8},{""categoryId"":""LEARNING_KNOWLEDGE"",""categoryName"":""학습·지식"",""score"":0.6}]","[{""categoryId"":""CULTURE_CONTENT"",""categoryName"":""문화·콘텐츠"",""score"":0.8},{""categoryId"":""LEARNING_KNOWLEDGE"",""categoryName"":""학습·지식"",""score"":0.6}]",True,,,False,3424.9987
20,TEXT-020,split-without-description,split,False,1,읽어볼 개발 에세이,문화·콘텐츠/020-읽어볼 개발 에세이.txt,CULTURE_CONTENT,문화·콘텐츠,LEARNING_KNOWLEDGE,False,0.65,LEARNING_KNOWLEDGE|CAREER,LEARNING_KNOWLEDGE|CAREER,False,CAREER|LEARNING_KNOWLEDGE,2,2,False,False,WRONG_MISSING_GOLD,False,True,False,False,False,False,False,False,False,False,False,[],MISSING_GOLD_CATEGORY,"[{""categoryId"":""LEARNING_KNOWLEDGE"",""categoryName"":""학습·지식"",""score"":0.8},{""categoryId"":""CAREER"",""categoryName"":""취업·커리어"",""score"":0.7}]","[{""categoryId"":""LEARNING_KNOWLEDGE"",""categoryName"":""학습·지식"",""score"":0.8},{""categoryId"":""CAREER"",""categoryName"":""취업·커리어"",""score"":0.7}]",True,,,False,3326.046
59,TEXT-059,split-without-description,split,False,1,주말에 볼 영화 후보,문화·콘텐츠/059-주말에 볼 영화 후보.txt,CULTURE_CONTENT,문화·콘텐츠,CULTURE_CONTENT,True,0.65,CULTURE_CONTENT,CULTURE_CONTENT,True,,0,1,True,True,EXACT_CORRECT,False,False,False,False,False,False,True,True,True,True,False,[],,"[{""categoryId"":""CULTURE_CONTENT"",""categoryName"":""문화·콘텐츠"",""score"":0.8},{""categoryId"":""IDEA_INSPIRATION"",""categoryName"":""아이디어·영감"",""score"":0.6}]","[{""categoryId"":""CULTURE_CONTENT"",""categoryName"":""문화·콘텐츠"",""score"":0.8},{""categoryId"":""IDEA_INSPIRATION"",""categoryName"":""아이디어·영감"",""score"":0.6}]",True,,,False,3430.6934
60,TEXT-060,split-without-description,split,False,1,텍스트-2026-07-15,문화·콘텐츠/060-텍스트-2026-07-15.txt,CULTURE_CONTENT,문화·콘텐츠,LEARNING_KNOWLEDGE,False,0.65,LEARNING_KNOWLEDGE,LEARNING_KNOWLEDGE,False,LEARNING_KNOWLEDGE,1,1,False,False,WRONG_MISSING_GOLD,False,True,False,False,False,False,False,False,False,False,False,[],MISSING_GOLD_CATEGORY,"[{""categoryId"":""LEARNING_KNOWLEDGE"",""categoryName"":""학습·지식"",""score"":1.0}]","[{""categoryId"":""LEARNING_KNOWLEDGE"",""categoryName"":""학습·지식"",""score"":1.0}]",True,,,False,2074.1242
61,TEXT-061,split-without-description,split,False,1,서울 사진전 정보,문화·콘텐츠/061-서울 사진전 정보.txt,CULTURE_CONTENT,문화·콘텐츠,CULTURE_CONTENT,True,0.65,CULTURE_CONTENT,CULTURE_CONTENT,True,,0,1,True,True,EXACT_CORRECT,False,False,False,False,False,False,True,True,True,True,False,[],,"[{""categoryId"":""CULTURE_CONTENT"",""categoryName"":""문화·콘텐츠"",""score"":0.8},{""categoryId"":""TRAVEL_PLACE"",""categoryName"":""여행·장소"",""score"":0.6}]","[{""categoryId"":""CULTURE_CONTENT"",""categoryName"":""문화·콘텐츠"",""score"":0.8},{""categoryId"":""TRAVEL_PLACE"",""categoryName"":""여행·장소"",""score"":0.6}]",True,,,False,3245.5492
62,TEXT-062,split-without-description,split,False,1,출근할 때 들을 음악,문화·콘텐츠/062-출근할 때 들을 음악.txt,CULTURE_CONTENT,문화·콘텐츠,LIFE_TASK,False,0.65,LIFE_TASK,LIFE_TASK,False,LIFE_TASK,1,1,False,False,WRONG_MISSING_GOLD,False,True,True,False,False,False,True,False,False,False,False,[],THRESHOLD_MISS,"[{""categoryId"":""FOOD_RESTAURANT"",""categoryName"":""음식·맛집"",""score"":0.0},{""categoryId"":""LIFE_TASK"",""categoryName"":""생활·할 일"",""score"":0.8},{""categoryId"":""CULTURE_CONTENT"",""categoryName"":""문화·콘텐츠"",""score"":0.2}]","[{""categoryId"":""LIFE_TASK"",""categoryName"":""생활·할 일"",""score"":0.8},{""categoryId"":""CULTURE_CONTENT"",""categoryName"":""문화·콘텐츠"",""score"":0.2},{""categoryId"":""FOOD_RESTAURANT"",""categoryName"":""음식·맛집"",""score"":0.0}]",True,,,False,4292.7377
63,TEXT-063,split-without-description,split,False,1,웹툰 추천 목록,문화·콘텐츠/063-웹툰 추천 목록.txt,CULTURE_CONTENT,문화·콘텐츠,LEARNING_KNOWLEDGE,False,0.65,LEARNING_KNOWLEDGE|CULTURE_CONTENT,LEARNING_KNOWLEDGE|CULTURE_CONTENT,True,LEARNING_KNOWLEDGE,1,2,False,True,RELAXED_CORRECT,False,False,False,False,False,False,True,True,False,True,False,[],,"[{""categoryId"":""LEARNING_KNOWLEDGE"",""categoryName"":""학습·지식"",""score"":0.8},{""categoryId"":""CULTURE_CONTENT"",""categoryName"":""문화·콘텐츠"",""score"":0.7}]","[{""categoryId"":""LEARNING_KNOWLEDGE"",""categoryName"":""학습·지식"",""score"":0.8},{""categoryId"":""CULTURE_CONTENT"",""categoryName"":""문화·콘텐츠"",""score"":0.7}]",True,,,False,3312.4419
6,TEXT-006,split-without-description,split,False,1,1주차 백로그 정리,생활·할 일/006-1주차 백로그 정리.txt,LIFE_TASK,생활·할 일,LEARNING_KNOWLEDGE,False,0.65,LEARNING_KNOWLEDGE,LEARNING_KNOWLEDGE,False,LEARNING_KNOWLEDGE,1,1,False,False,WRONG_MISSING_GOLD,False,True,False,False,False,False,False,False,False,False,False,[],MISSING_GOLD_CATEGORY,"[{""categoryId"":""LEARNING_KNOWLEDGE"",""categoryName"":""학습·지식"",""score"":0.8},{""categoryId"":""CAREER"",""categoryName"":""취업·커리어"",""score"":0.6}]","[{""categoryId"":""LEARNING_KNOWLEDGE"",""categoryName"":""학습·지식"",""score"":0.8},{""categoryId"":""CAREER"",""categoryName"":""취업·커리어"",""score"":0.6}]",True,,,False,3338.0444
9,TEXT-009,split-without-description,split,False,1,텍스트-2026.07.20-1035,생활·할 일/009-텍스트-2026.07.20-1035.txt,LIFE_TASK,생활·할 일,LIFE_TASK,True,0.65,LIFE_TASK,LIFE_TASK,True,,0,1,True,True,EXACT_CORRECT,False,False,False,False,False,False,True,True,True,True,False,[],,"[{""categoryId"":""LIFE_TASK"",""categoryName"":""생활·할 일"",""score"":1.0}]","[{""categoryId"":""LIFE_TASK"",""categoryName"":""생활·할 일"",""score"":1.0}]",True,,,False,2066.6236
10,TEXT-010,split-without-description,split,False,1,주말 방 정리 계획,생활·할 일/010-주말 방 정리 계획.txt,LIFE_TASK,생활·할 일,LIFE_TASK,True,0.65,LIFE_TASK,LIFE_TASK,True,,0,1,True,True,EXACT_CORRECT,False,False,False,False,False,False,True,True,True,True,False,[],,"[{""categoryId"":""LIFE_TASK"",""categoryName"":""생활·할 일"",""score"":1.0}]","[{""categoryId"":""LIFE_TASK"",""categoryName"":""생활·할 일"",""score"":1.0}]",True,,,False,1945.6438
24,TEXT-024,split-without-description,split,False,1,이사 전날 확인할 목록,생활·할 일/024-이사 전날 확인할 목록.txt,LIFE_TASK,생활·할 일,LIFE_TASK,True,0.65,LIFE_TASK,LIFE_TASK,True,,0,1,True,True,EXACT_CORRECT,False,False,False,False,False,False,True,True,True,True,False,[],,"[{""categoryId"":""LIFE_TASK"",""categoryName"":""생활·할 일"",""score"":1.0}]","[{""categoryId"":""LIFE_TASK"",""categoryName"":""생활·할 일"",""score"":1.0}]",True,,,False,2073.047
25,TEXT-025,split-without-description,split,False,1,텍스트-2026-07-01,생활·할 일/025-텍스트-2026-07-01.txt,LIFE_TASK,생활·할 일,LIFE_TASK,True,0.65,LIFE_TASK,LIFE_TASK,True,,0,1,True,True,EXACT_CORRECT,False,False,False,False,False,False,True,True,True,True,False,[],,"[{""categoryId"":""LIFE_TASK"",""categoryName"":""생활·할 일"",""score"":1.0}]","[{""categoryId"":""LIFE_TASK"",""categoryName"":""생활·할 일"",""score"":1.0}]",True,,,False,1965.1902
26,TEXT-026,split-without-description,split,False,1,장마철 빨래 냄새 줄이는 방법,생활·할 일/026-장마철 빨래 냄새 줄이는 방법.txt,LIFE_TASK,생활·할 일,LIFE_TASK,True,0.65,LIFE_TASK,LIFE_TASK,True,,0,1,True,True,EXACT_CORRECT,False,False,False,False,False,False,True,True,True,True,False,[],,"[{""categoryId"":""LIFE_TASK"",""categoryName"":""생활·할 일"",""score"":1.0}]","[{""categoryId"":""LIFE_TASK"",""categoryName"":""생활·할 일"",""score"":1.0}]",True,,,False,1977.8852
27,TEXT-027,split-without-description,split,False,1,다음 주 일정 메모,생활·할 일/027-다음 주 일정 메모.txt,LIFE_TASK,생활·할 일,LIFE_TASK,True,0.65,LIFE_TASK,LIFE_TASK,True,,0,1,True,True,EXACT_CORRECT,False,False,False,False,False,False,True,True,True,True,False,[],,"[{""categoryId"":""LIFE_TASK"",""categoryName"":""생활·할 일"",""score"":1.0}]","[{""categoryId"":""LIFE_TASK"",""categoryName"":""생활·할 일"",""score"":1.0}]",True,,,False,1958.8469
28,TEXT-028,split-without-description,split,False,1,공과금 자동이체 변경 순서,생활·할 일/028-공과금 자동이체 변경 순서.txt,LIFE_TASK,생활·할 일,LIFE_TASK,True,0.65,LIFE_TASK,LIFE_TASK,True,,0,1,True,True,EXACT_CORRECT,False,False,False,False,False,False,True,True,True,True,False,[],,"[{""categoryId"":""LIFE_TASK"",""categoryName"":""생활·할 일"",""score"":1.0}]","[{""categoryId"":""LIFE_TASK"",""categoryName"":""생활·할 일"",""score"":1.0}]",True,,,False,1989.8781
23,TEXT-023,split-without-description,split,False,1,기숙사 준비물,생활·할 일/기숙사 준비물.txt,LIFE_TASK,생활·할 일,LIFE_TASK,True,0.65,LIFE_TASK,LIFE_TASK,True,,0,1,True,True,EXACT_CORRECT,False,False,False,False,False,False,True,True,True,True,False,[],,"[{""categoryId"":""LIFE_TASK"",""categoryName"":""생활·할 일"",""score"":1.0}]","[{""categoryId"":""LIFE_TASK"",""categoryName"":""생활·할 일"",""score"":1.0}]",True,,,False,2340.698
11,TEXT-011,split-without-description,split,False,1,텍스트-2026.07.20-1100,쇼핑·제품/011-텍스트-2026.07.20-1100.txt,SHOPPING_PRODUCT,쇼핑·제품,SHOPPING_PRODUCT,True,0.65,SHOPPING_PRODUCT,SHOPPING_PRODUCT,True,,0,1,True,True,EXACT_CORRECT,False,False,False,False,False,False,True,True,True,True,False,[],,"[{""categoryId"":""SHOPPING_PRODUCT"",""categoryName"":""쇼핑·제품"",""score"":0.9},{""categoryId"":""LEARNING_KNOWLEDGE"",""categoryName"":""학습·지식"",""score"":0.6}]","[{""categoryId"":""SHOPPING_PRODUCT"",""categoryName"":""쇼핑·제품"",""score"":0.9},{""categoryId"":""LEARNING_KNOWLEDGE"",""categoryName"":""학습·지식"",""score"":0.6}]",True,,,False,3324.9231
12,TEXT-012,split-without-description,split,False,1,무선 키보드 구매 후보,쇼핑·제품/012-무선 키보드 구매 후보.txt,SHOPPING_PRODUCT,쇼핑·제품,SHOPPING_PRODUCT,True,0.65,SHOPPING_PRODUCT,SHOPPING_PRODUCT,True,,0,1,True,True,EXACT_CORRECT,False,False,False,False,False,False,True,True,True,True,False,[],,"[{""categoryId"":""SHOPPING_PRODUCT"",""categoryName"":""쇼핑·제품"",""score"":0.9},{""categoryId"":""LEARNING_KNOWLEDGE"",""categoryName"":""학습·지식"",""score"":0.6}]","[{""categoryId"":""SHOPPING_PRODUCT"",""categoryName"":""쇼핑·제품"",""score"":0.9},{""categoryId"":""LEARNING_KNOWLEDGE"",""categoryName"":""학습·지식"",""score"":0.6}]",True,,,False,3316.6953
49,TEXT-049,split-without-description,split,False,1,무선 키보드 비교,쇼핑·제품/049-무선 키보드 비교.txt,SHOPPING_PRODUCT,쇼핑·제품,SHOPPING_PRODUCT,True,0.65,SHOPPING_PRODUCT,SHOPPING_PRODUCT,True,,0,1,True,True,EXACT_CORRECT,False,False,False,False,False,False,True,True,True,True,False,[],,"[{""categoryId"":""SHOPPING_PRODUCT"",""categoryName"":""쇼핑·제품"",""score"":1.0}]","[{""categoryId"":""SHOPPING_PRODUCT"",""categoryName"":""쇼핑·제품"",""score"":1.0}]",True,,,False,2201.1127
50,TEXT-050,split-without-description,split,False,1,텍스트-2026-07-11,쇼핑·제품/050-텍스트-2026-07-11.txt,SHOPPING_PRODUCT,쇼핑·제품,SHOPPING_PRODUCT,True,0.65,SHOPPING_PRODUCT,SHOPPING_PRODUCT,True,,0,1,True,True,EXACT_CORRECT,False,False,False,False,False,False,True,True,True,True,False,[],,"[{""categoryId"":""SHOPPING_PRODUCT"",""categoryName"":""쇼핑·제품"",""score"":0.8},{""categoryId"":""LEARNING_KNOWLEDGE"",""categoryName"":""학습·지식"",""score"":0.6}]","[{""categoryId"":""SHOPPING_PRODUCT"",""categoryName"":""쇼핑·제품"",""score"":0.8},{""categoryId"":""LEARNING_KNOWLEDGE"",""categoryName"":""학습·지식"",""score"":0.6}]",True,,,False,3343.6056
51,TEXT-051,split-without-description,split,False,1,로봇청소기 구매 후보,쇼핑·제품/051-로봇청소기 구매 후보.txt,SHOPPING_PRODUCT,쇼핑·제품,SHOPPING_PRODUCT,True,0.65,SHOPPING_PRODUCT,SHOPPING_PRODUCT,True,,0,1,True,True,EXACT_CORRECT,False,False,False,False,False,False,True,True,True,True,False,[],,"[{""categoryId"":""SHOPPING_PRODUCT"",""categoryName"":""쇼핑·제품"",""score"":0.8},{""categoryId"":""OTHER"",""categoryName"":""기타"",""score"":0.2}]","[{""categoryId"":""SHOPPING_PRODUCT"",""categoryName"":""쇼핑·제품"",""score"":0.8},{""categoryId"":""OTHER"",""categoryName"":""기타"",""score"":0.2}]",True,,,False,2968.5007
52,TEXT-052,split-without-description,split,False,1,여행용 보조배터리 확인 사항,쇼핑·제품/052-여행용 보조배터리 확인 사항.txt,SHOPPING_PRODUCT,쇼핑·제품,SHOPPING_PRODUCT,True,0.65,SHOPPING_PRODUCT,SHOPPING_PRODUCT,True,,0,1,True,True,EXACT_CORRECT,False,False,False,False,False,False,True,True,True,True,False,[],,"[{""categoryId"":""SHOPPING_PRODUCT"",""categoryName"":""쇼핑·제품"",""score"":0.8},{""categoryId"":""TRAVEL_PLACE"",""categoryName"":""여행·장소"",""score"":0.2}]","[{""categoryId"":""SHOPPING_PRODUCT"",""categoryName"":""쇼핑·제품"",""score"":0.8},{""categoryId"":""TRAVEL_PLACE"",""categoryName"":""여행·장소"",""score"":0.2}]",True,,,False,3284.5237
53,TEXT-053,split-without-description,split,False,1,부모님 선물용 마사지기 후기,쇼핑·제품/053-부모님 선물용 마사지기 후기.txt,SHOPPING_PRODUCT,쇼핑·제품,SHOPPING_PRODUCT,True,0.65,SHOPPING_PRODUCT,SHOPPING_PRODUCT,True,,0,1,True,True,EXACT_CORRECT,False,False,False,False,False,False,True,True,True,True,False,[],,"[{""categoryId"":""SHOPPING_PRODUCT"",""categoryName"":""쇼핑·제품"",""score"":0.8},{""categoryId"":""HEALTH_EXERCISE"",""categoryName"":""건강·운동"",""score"":0.6}]","[{""categoryId"":""SHOPPING_PRODUCT"",""categoryName"":""쇼핑·제품"",""score"":0.8},{""categoryId"":""HEALTH_EXERCISE"",""categoryName"":""건강·운동"",""score"":0.6}]",True,,,False,3209.7061
5,TEXT-005,split-without-description,split,False,1,텍스트-2026.07.20-0940,아이디어·영감/005-텍스트-2026.07.20-0940.txt,IDEA_INSPIRATION,아이디어·영감,LEARNING_KNOWLEDGE,False,0.65,LEARNING_KNOWLEDGE,LEARNING_KNOWLEDGE,False,LEARNING_KNOWLEDGE,1,1,False,False,WRONG_MISSING_GOLD,False,True,False,False,False,False,False,False,False,False,False,[],MISSING_GOLD_CATEGORY,"[{""categoryId"":""LEARNING_KNOWLEDGE"",""categoryName"":""학습·지식"",""score"":0.9},{""categoryId"":""CAREER"",""categoryName"":""취업·커리어"",""score"":0.6}]","[{""categoryId"":""LEARNING_KNOWLEDGE"",""categoryName"":""학습·지식"",""score"":0.9},{""categoryId"":""CAREER"",""categoryName"":""취업·커리어"",""score"":0.6}]",True,,,False,3239.008
69,TEXT-069,split-without-description,split,False,1,앱 첫 화면 디자인 참고,아이디어·영감/069-앱 첫 화면 디자인 참고.txt,IDEA_INSPIRATION,아이디어·영감,IDEA_INSPIRATION,True,0.65,IDEA_INSPIRATION,IDEA_INSPIRATION,True,,0,1,True,True,EXACT_CORRECT,False,False,False,False,False,False,True,True,True,True,False,[],,"[{""categoryId"":""IDEA_INSPIRATION"",""categoryName"":""아이디어·영감"",""score"":0.8},{""categoryId"":""CULTURE_CONTENT"",""categoryName"":""문화·콘텐츠"",""score"":0.6}]","[{""categoryId"":""IDEA_INSPIRATION"",""categoryName"":""아이디어·영감"",""score"":0.8},{""categoryId"":""CULTURE_CONTENT"",""categoryName"":""문화·콘텐츠"",""score"":0.6}]",True,,,False,3454.0536
70,TEXT-070,split-without-description,split,False,1,텍스트-2026-07-19,아이디어·영감/070-텍스트-2026-07-19.txt,IDEA_INSPIRATION,아이디어·영감,IDEA_INSPIRATION,True,0.65,IDEA_INSPIRATION,IDEA_INSPIRATION,True,,0,1,True,True,EXACT_CORRECT,False,False,False,False,False,False,True,True,True,True,False,[],,"[{""categoryId"":""IDEA_INSPIRATION"",""categoryName"":""아이디어·영감"",""score"":0.8}]","[{""categoryId"":""IDEA_INSPIRATION"",""categoryName"":""아이디어·영감"",""score"":0.8}]",True,,,False,2204.4684
71,TEXT-071,split-without-description,split,False,1,방 꾸미기 참고 이미지,아이디어·영감/071-방 꾸미기 참고 이미지.txt,IDEA_INSPIRATION,아이디어·영감,CULTURE_CONTENT,False,0.65,CULTURE_CONTENT,CULTURE_CONTENT,False,CULTURE_CONTENT,1,1,False,False,WRONG_MISSING_GOLD,False,True,False,False,False,False,False,False,False,False,False,[],MISSING_GOLD_CATEGORY,"[{""categoryId"":""CULTURE_CONTENT"",""categoryName"":""문화·콘텐츠"",""score"":0.8},{""categoryId"":""LIFE_TASK"",""categoryName"":""생활·할 일"",""score"":0.6}]","[{""categoryId"":""CULTURE_CONTENT"",""categoryName"":""문화·콘텐츠"",""score"":0.8},{""categoryId"":""LIFE_TASK"",""categoryName"":""생활·할 일"",""score"":0.6}]",True,,,False,3246.5773
72,TEXT-072,split-without-description,split,False,1,숏폼 콘텐츠 구성 방식,아이디어·영감/072-숏폼 콘텐츠 구성 방식.txt,IDEA_INSPIRATION,아이디어·영감,CULTURE_CONTENT,False,0.65,CULTURE_CONTENT|IDEA_INSPIRATION,CULTURE_CONTENT|IDEA_INSPIRATION,True,CULTURE_CONTENT,1,2,False,True,RELAXED_CORRECT,False,False,False,False,False,False,True,True,False,True,False,[],,"[{""categoryId"":""CULTURE_CONTENT"",""categoryName"":""문화·콘텐츠"",""score"":0.8},{""categoryId"":""IDEA_INSPIRATION"",""categoryName"":""아이디어·영감"",""score"":0.7}]","[{""categoryId"":""CULTURE_CONTENT"",""categoryName"":""문화·콘텐츠"",""score"":0.8},{""categoryId"":""IDEA_INSPIRATION"",""categoryName"":""아이디어·영감"",""score"":0.7}]",True,,,False,3400.8163
73,TEXT-073,split-without-description,split,False,1,사진 구도 참고,아이디어·영감/073-사진 구도 참고.txt,IDEA_INSPIRATION,아이디어·영감,CULTURE_CONTENT,False,0.65,CULTURE_CONTENT|IDEA_INSPIRATION,CULTURE_CONTENT|IDEA_INSPIRATION,True,CULTURE_CONTENT,1,2,False,True,RELAXED_CORRECT,False,False,False,False,False,False,True,True,False,True,False,[],,"[{""categoryId"":""CULTURE_CONTENT"",""categoryName"":""문화·콘텐츠"",""score"":0.8},{""categoryId"":""IDEA_INSPIRATION"",""categoryName"":""아이디어·영감"",""score"":0.7}]","[{""categoryId"":""CULTURE_CONTENT"",""categoryName"":""문화·콘텐츠"",""score"":0.8},{""categoryId"":""IDEA_INSPIRATION"",""categoryName"":""아이디어·영감"",""score"":0.7}]",True,,,False,3544.8386
15,TEXT-015,split-without-description,split,False,1,텍스트-2026.07.20-1150,여행·장소/015-텍스트-2026.07.20-1150.txt,TRAVEL_PLACE,여행·장소,TRAVEL_PLACE,True,0.65,TRAVEL_PLACE,TRAVEL_PLACE,True,,0,1,True,True,EXACT_CORRECT,False,False,False,False,False,False,True,True,True,True,False,[],,"[{""categoryId"":""TRAVEL_PLACE"",""categoryName"":""여행·장소"",""score"":0.9},{""categoryId"":""SHOPPING_PRODUCT"",""categoryName"":""쇼핑·제품"",""score"":0.6}]","[{""categoryId"":""TRAVEL_PLACE"",""categoryName"":""여행·장소"",""score"":0.9},{""categoryId"":""SHOPPING_PRODUCT"",""categoryName"":""쇼핑·제품"",""score"":0.6}]",True,,,False,3108.1299
16,TEXT-016,split-without-description,split,False,1,서울 전시회 방문 후보,여행·장소/016-서울 전시회 방문 후보.txt,TRAVEL_PLACE,여행·장소,TRAVEL_PLACE,True,0.65,TRAVEL_PLACE,TRAVEL_PLACE,True,,0,1,True,True,EXACT_CORRECT,False,False,False,False,False,False,True,True,True,True,False,[],,"[{""categoryId"":""TRAVEL_PLACE"",""categoryName"":""여행·장소"",""score"":0.8},{""categoryId"":""LEARNING_KNOWLEDGE"",""categoryName"":""학습·지식"",""score"":0.6}]","[{""categoryId"":""TRAVEL_PLACE"",""categoryName"":""여행·장소"",""score"":0.8},{""categoryId"":""LEARNING_KNOWLEDGE"",""categoryName"":""학습·지식"",""score"":0.6}]",True,,,False,3275.666
39,TEXT-039,split-without-description,split,False,1,부산에서 일몰 보기 좋은 곳,여행·장소/039-부산에서 일몰 보기 좋은 곳.txt,TRAVEL_PLACE,여행·장소,TRAVEL_PLACE,True,0.65,TRAVEL_PLACE,TRAVEL_PLACE,True,,0,1,True,True,EXACT_CORRECT,False,False,False,False,False,False,True,True,True,True,False,[],,"[{""categoryId"":""TRAVEL_PLACE"",""categoryName"":""여행·장소"",""score"":0.9},{""categoryId"":""FOOD_RESTAURANT"",""categoryName"":""음식·맛집"",""score"":0.1}]","[{""categoryId"":""TRAVEL_PLACE"",""categoryName"":""여행·장소"",""score"":0.9},{""categoryId"":""FOOD_RESTAURANT"",""categoryName"":""음식·맛집"",""score"":0.1}]",True,,,False,3208.0476
40,TEXT-040,split-without-description,split,False,1,텍스트-2026-07-07,여행·장소/040-텍스트-2026-07-07.txt,TRAVEL_PLACE,여행·장소,TRAVEL_PLACE,True,0.65,TRAVEL_PLACE|LIFE_TASK,TRAVEL_PLACE|LIFE_TASK,True,LIFE_TASK,1,2,False,True,RELAXED_CORRECT,False,False,False,False,False,False,True,True,False,True,False,[],,"[{""categoryId"":""TRAVEL_PLACE"",""categoryName"":""여행·장소"",""score"":0.8},{""categoryId"":""LIFE_TASK"",""categoryName"":""생활·할 일"",""score"":0.7}]","[{""categoryId"":""TRAVEL_PLACE"",""categoryName"":""여행·장소"",""score"":0.8},{""categoryId"":""LIFE_TASK"",""categoryName"":""생활·할 일"",""score"":0.7}]",True,,,False,3268.8756
41,TEXT-041,split-without-description,split,False,1,교토 버스 이용 팁,여행·장소/041-교토 버스 이용 팁.txt,TRAVEL_PLACE,여행·장소,TRAVEL_PLACE,True,0.65,TRAVEL_PLACE,TRAVEL_PLACE,True,,0,1,True,True,EXACT_CORRECT,False,False,False,False,False,False,True,True,True,True,False,[],,"[{""categoryId"":""TRAVEL_PLACE"",""categoryName"":""여행·장소"",""score"":0.8},{""categoryId"":""LIFE_TASK"",""categoryName"":""생활·할 일"",""score"":0.6}]","[{""categoryId"":""TRAVEL_PLACE"",""categoryName"":""여행·장소"",""score"":0.8},{""categoryId"":""LIFE_TASK"",""categoryName"":""생활·할 일"",""score"":0.6}]",True,,,False,3198.535
42,TEXT-042,split-without-description,split,False,1,비 오는 날 서울에서 갈 곳,여행·장소/042-비 오는 날 서울에서 갈 곳.txt,TRAVEL_PLACE,여행·장소,TRAVEL_PLACE,True,0.65,TRAVEL_PLACE,TRAVEL_PLACE,True,,0,1,True,True,EXACT_CORRECT,False,False,False,False,False,False,True,True,True,True,False,[],,"[{""categoryId"":""TRAVEL_PLACE"",""categoryName"":""여행·장소"",""score"":0.8},{""categoryId"":""CULTURE_CONTENT"",""categoryName"":""문화·콘텐츠"",""score"":0.6}]","[{""categoryId"":""TRAVEL_PLACE"",""categoryName"":""여행·장소"",""score"":0.8},{""categoryId"":""CULTURE_CONTENT"",""categoryName"":""문화·콘텐츠"",""score"":0.6}]",True,,,False,3247.4638
43,TEXT-043,split-without-description,split,False,1,숙소 예약 전에 확인할 내용,여행·장소/043-숙소 예약 전에 확인할 내용.txt,TRAVEL_PLACE,여행·장소,LIFE_TASK,False,0.65,LIFE_TASK,LIFE_TASK,False,LIFE_TASK,1,1,False,False,WRONG_MISSING_GOLD,False,True,False,False,False,False,False,False,False,False,False,[],MISSING_GOLD_CATEGORY,"[{""categoryId"":""LIFE_TASK"",""categoryName"":""생활·할 일"",""score"":1.0}]","[{""categoryId"":""LIFE_TASK"",""categoryName"":""생활·할 일"",""score"":1.0}]",True,,,False,1976.0882
13,TEXT-013,split-without-description,split,False,1,텍스트-2026.07.20-1125,음식·맛집/013-텍스트-2026.07.20-1125.txt,FOOD_RESTAURANT,음식·맛집,FOOD_RESTAURANT,True,0.65,FOOD_RESTAURANT,FOOD_RESTAURANT,True,,0,1,True,True,EXACT_CORRECT,False,False,False,False,False,False,True,True,True,True,False,[],,"[{""categoryId"":""FOOD_RESTAURANT"",""categoryName"":""음식·맛집"",""score"":0.9},{""categoryId"":""TRAVEL_PLACE"",""categoryName"":""여행·장소"",""score"":0.6}]","[{""categoryId"":""FOOD_RESTAURANT"",""categoryName"":""음식·맛집"",""score"":0.9},{""categoryId"":""TRAVEL_PLACE"",""categoryName"":""여행·장소"",""score"":0.6}]",True,,,False,3261.6528
14,TEXT-014,split-without-description,split,False,1,닭가슴살 볶음밥 레시피,음식·맛집/014-닭가슴살 볶음밥 레시피.txt,FOOD_RESTAURANT,음식·맛집,FOOD_RESTAURANT,True,0.65,FOOD_RESTAURANT,FOOD_RESTAURANT,True,,0,1,True,True,EXACT_CORRECT,False,False,False,False,False,False,True,True,True,True,False,[],,"[{""categoryId"":""FOOD_RESTAURANT"",""categoryName"":""음식·맛집"",""score"":1.0}]","[{""categoryId"":""FOOD_RESTAURANT"",""categoryName"":""음식·맛집"",""score"":1.0}]",True,,,False,2324.0995
44,TEXT-044,split-without-description,split,False,1,성수동 파스타 식당,음식·맛집/044-성수동 파스타 식당.txt,FOOD_RESTAURANT,음식·맛집,FOOD_RESTAURANT,True,0.65,FOOD_RESTAURANT,FOOD_RESTAURANT,True,,0,1,True,True,EXACT_CORRECT,False,False,False,False,False,False,True,True,True,True,False,[],,"[{""categoryId"":""FOOD_RESTAURANT"",""categoryName"":""음식·맛집"",""score"":1.0}]","[{""categoryId"":""FOOD_RESTAURANT"",""categoryName"":""음식·맛집"",""score"":1.0}]",True,,,False,2203.581
45,TEXT-045,split-without-description,split,False,1,텍스트-2026-07-09,음식·맛집/045-텍스트-2026-07-09.txt,FOOD_RESTAURANT,음식·맛집,FOOD_RESTAURANT,True,0.65,FOOD_RESTAURANT,FOOD_RESTAURANT,True,,0,1,True,True,EXACT_CORRECT,False,False,False,False,False,False,True,True,True,True,False,[],,"[{""categoryId"":""FOOD_RESTAURANT"",""categoryName"":""음식·맛집"",""score"":1.0}]","[{""categoryId"":""FOOD_RESTAURANT"",""categoryName"":""음식·맛집"",""score"":1.0}]",True,,,False,2125.0194
46,TEXT-046,split-without-description,split,False,1,광주에서 늦게까지 하는 카페,음식·맛집/046-광주에서 늦게까지 하는 카페.txt,FOOD_RESTAURANT,음식·맛집,TRAVEL_PLACE,False,0.65,TRAVEL_PLACE,TRAVEL_PLACE,False,TRAVEL_PLACE,1,1,False,False,WRONG_MISSING_GOLD,False,True,True,False,False,False,True,False,False,False,False,[],THRESHOLD_MISS,"[{""categoryId"":""TRAVEL_PLACE"",""categoryName"":""여행·장소"",""score"":0.8},{""categoryId"":""FOOD_RESTAURANT"",""categoryName"":""음식·맛집"",""score"":0.6}]","[{""categoryId"":""TRAVEL_PLACE"",""categoryName"":""여행·장소"",""score"":0.8},{""categoryId"":""FOOD_RESTAURANT"",""categoryName"":""음식·맛집"",""score"":0.6}]",True,,,False,3340.0235
47,TEXT-047,split-without-description,split,False,1,냉동 만두를 바삭하게 굽는 방법,음식·맛집/047-냉동 만두를 바삭하게 굽는 방법.txt,FOOD_RESTAURANT,음식·맛집,FOOD_RESTAURANT,True,0.65,FOOD_RESTAURANT,FOOD_RESTAURANT,True,,0,1,True,True,EXACT_CORRECT,False,False,False,False,False,False,True,True,True,True,False,[],,"[{""categoryId"":""FOOD_RESTAURANT"",""categoryName"":""음식·맛집"",""score"":0.9},{""categoryId"":""LIFE_TASK"",""categoryName"":""생활·할 일"",""score"":0.6}]","[{""categoryId"":""FOOD_RESTAURANT"",""categoryName"":""음식·맛집"",""score"":0.9},{""categoryId"":""LIFE_TASK"",""categoryName"":""생활·할 일"",""score"":0.6}]",True,,,False,3180.0771
48,TEXT-048,split-without-description,split,False,1,제주 고기국수 후보,음식·맛집/048-제주 고기국수 후보.txt,FOOD_RESTAURANT,음식·맛집,FOOD_RESTAURANT,True,0.65,FOOD_RESTAURANT,FOOD_RESTAURANT,True,,0,1,True,True,EXACT_CORRECT,False,False,False,False,False,False,True,True,True,True,False,[],,"[{""categoryId"":""FOOD_RESTAURANT"",""categoryName"":""음식·맛집"",""score"":1.0}]","[{""categoryId"":""FOOD_RESTAURANT"",""categoryName"":""음식·맛집"",""score"":1.0}]",True,,,False,2185.5646
7,TEXT-007,split-without-description,split,False,1,텍스트-2026.07.20-1010,취업·커리어/007-텍스트-2026.07.20-1010.txt,CAREER,취업·커리어,LEARNING_KNOWLEDGE,False,0.65,LEARNING_KNOWLEDGE,LEARNING_KNOWLEDGE,False,LEARNING_KNOWLEDGE,1,1,False,False,WRONG_MISSING_GOLD,False,True,False,False,False,False,False,False,False,False,False,[],MISSING_GOLD_CATEGORY,"[{""categoryId"":""LEARNING_KNOWLEDGE"",""categoryName"":""학습·지식"",""score"":1.0}]","[{""categoryId"":""LEARNING_KNOWLEDGE"",""categoryName"":""학습·지식"",""score"":1.0}]",True,,,False,2091.8442
8,TEXT-008,split-without-description,split,False,1,공기업 채용 공고 확인,취업·커리어/008-공기업 채용 공고 확인.txt,CAREER,취업·커리어,CAREER,True,0.65,CAREER|LEARNING_KNOWLEDGE,CAREER|LEARNING_KNOWLEDGE,True,LEARNING_KNOWLEDGE,1,2,False,True,RELAXED_CORRECT,False,False,False,False,False,False,True,True,False,True,False,[],,"[{""categoryId"":""CAREER"",""categoryName"":""취업·커리어"",""score"":0.95},{""categoryId"":""LEARNING_KNOWLEDGE"",""categoryName"":""학습·지식"",""score"":0.75}]","[{""categoryId"":""CAREER"",""categoryName"":""취업·커리어"",""score"":0.95},{""categoryId"":""LEARNING_KNOWLEDGE"",""categoryName"":""학습·지식"",""score"":0.75}]",True,,,False,3352.1607
34,TEXT-034,split-without-description,split,False,1,백엔드 개발자 채용 공고 확인,취업·커리어/034-백엔드 개발자 채용 공고 확인.txt,CAREER,취업·커리어,CAREER,True,0.65,CAREER,CAREER,True,,0,1,True,True,EXACT_CORRECT,False,False,False,False,False,False,True,True,True,True,False,[],,"[{""categoryId"":""CAREER"",""categoryName"":""취업·커리어"",""score"":1.0}]","[{""categoryId"":""CAREER"",""categoryName"":""취업·커리어"",""score"":1.0}]",True,,,False,2139.0475
35,TEXT-035,split-without-description,split,False,1,텍스트-2026-07-05,취업·커리어/035-텍스트-2026-07-05.txt,CAREER,취업·커리어,CAREER,True,0.65,CAREER,CAREER,True,,0,1,True,True,EXACT_CORRECT,False,False,False,False,False,False,True,True,True,True,False,[],,"[{""categoryId"":""CAREER"",""categoryName"":""취업·커리어"",""score"":1.0}]","[{""categoryId"":""CAREER"",""categoryName"":""취업·커리어"",""score"":1.0}]",True,,,False,2098.6151
36,TEXT-036,split-without-description,split,False,1,자기소개서 수정할 부분,취업·커리어/036-자기소개서 수정할 부분.txt,CAREER,취업·커리어,LEARNING_KNOWLEDGE,False,0.65,LEARNING_KNOWLEDGE,LEARNING_KNOWLEDGE,False,LEARNING_KNOWLEDGE,1,1,False,False,WRONG_MISSING_GOLD,False,True,False,False,False,False,False,False,False,False,False,[],MISSING_GOLD_CATEGORY,"[{""categoryId"":""LEARNING_KNOWLEDGE"",""categoryName"":""학습·지식"",""score"":1.0}]","[{""categoryId"":""LEARNING_KNOWLEDGE"",""categoryName"":""학습·지식"",""score"":1.0}]",True,,,False,2158.2965
37,TEXT-037,split-without-description,split,False,1,이직 전 확인할 조건,취업·커리어/037-이직 전 확인할 조건.txt,CAREER,취업·커리어,CAREER,True,0.65,CAREER,CAREER,True,,0,1,True,True,EXACT_CORRECT,False,False,False,False,False,False,True,True,True,True,False,[],,"[{""categoryId"":""CAREER"",""categoryName"":""취업·커리어"",""score"":1.0}]","[{""categoryId"":""CAREER"",""categoryName"":""취업·커리어"",""score"":1.0}]",True,,,False,2158.3307
38,TEXT-038,split-without-description,split,False,1,포트폴리오 프로젝트 설명 방식,취업·커리어/038-포트폴리오 프로젝트 설명 방식.txt,CAREER,취업·커리어,CAREER,True,0.65,CAREER,CAREER,True,,0,1,True,True,EXACT_CORRECT,False,False,False,False,False,False,True,True,True,True,False,[],,"[{""categoryId"":""CAREER"",""categoryName"":""취업·커리어"",""score"":0.9}]","[{""categoryId"":""CAREER"",""categoryName"":""취업·커리어"",""score"":0.9}]",True,,,False,2089.2889
1,TEXT-001,split-without-description,split,False,1,텍스트-2026.07.20-0905,학습·지식/001-텍스트-2026.07.20-0905.txt,LEARNING_KNOWLEDGE,학습·지식,LEARNING_KNOWLEDGE,True,0.65,LEARNING_KNOWLEDGE,LEARNING_KNOWLEDGE,True,,0,1,True,True,EXACT_CORRECT,False,False,False,False,False,False,True,True,True,True,False,[],,"[{""categoryId"":""LEARNING_KNOWLEDGE"",""categoryName"":""학습·지식"",""score"":0.9},{""categoryId"":""SHOPPING_PRODUCT"",""categoryName"":""쇼핑·제품"",""score"":0.6}]","[{""categoryId"":""LEARNING_KNOWLEDGE"",""categoryName"":""학습·지식"",""score"":0.9},{""categoryId"":""SHOPPING_PRODUCT"",""categoryName"":""쇼핑·제품"",""score"":0.6}]",True,,,False,3199.6655
2,TEXT-002,split-without-description,split,False,1,JWT 재발급 구조 정리,학습·지식/002-JWT 재발급 구조 정리.txt,LEARNING_KNOWLEDGE,학습·지식,LEARNING_KNOWLEDGE,True,0.65,LEARNING_KNOWLEDGE,LEARNING_KNOWLEDGE,True,,0,1,True,True,EXACT_CORRECT,False,False,False,False,False,False,True,True,True,True,False,[],,"[{""categoryId"":""LEARNING_KNOWLEDGE"",""categoryName"":""학습·지식"",""score"":0.9},{""categoryId"":""CAREER"",""categoryName"":""취업·커리어"",""score"":0.6}]","[{""categoryId"":""LEARNING_KNOWLEDGE"",""categoryName"":""학습·지식"",""score"":0.9},{""categoryId"":""CAREER"",""categoryName"":""취업·커리어"",""score"":0.6}]",True,,,False,3397.0953
3,TEXT-003,split-without-description,split,False,1,텍스트-2026.07.20-0920,학습·지식/003-텍스트-2026.07.20-0920.txt,LEARNING_KNOWLEDGE,학습·지식,LEARNING_KNOWLEDGE,True,0.65,LEARNING_KNOWLEDGE,LEARNING_KNOWLEDGE,True,,0,1,True,True,EXACT_CORRECT,False,False,False,False,False,False,True,True,True,True,False,[],,"[{""categoryId"":""LEARNING_KNOWLEDGE"",""categoryName"":""학습·지식"",""score"":1.0}]","[{""categoryId"":""LEARNING_KNOWLEDGE"",""categoryName"":""학습·지식"",""score"":1.0}]",True,,,False,2119.3176
4,TEXT-004,split-without-description,split,False,1,SQLD 시험 공부 계획,학습·지식/004-SQLD 시험 공부 계획.txt,LEARNING_KNOWLEDGE,학습·지식,LEARNING_KNOWLEDGE,True,0.65,LEARNING_KNOWLEDGE,LEARNING_KNOWLEDGE,True,,0,1,True,True,EXACT_CORRECT,False,False,False,False,False,False,True,True,True,True,False,[],,"[{""categoryId"":""LEARNING_KNOWLEDGE"",""categoryName"":""학습·지식"",""score"":1.0}]","[{""categoryId"":""LEARNING_KNOWLEDGE"",""categoryName"":""학습·지식"",""score"":1.0}]",True,,,False,2176.2868
29,TEXT-029,split-without-description,split,False,1,Redis 큐에서 작업이 중복될 수 있는 이유,학습·지식/029-Redis 큐에서 작업이 중복될 수 있는 이유.txt,LEARNING_KNOWLEDGE,학습·지식,LEARNING_KNOWLEDGE,True,0.65,LEARNING_KNOWLEDGE,LEARNING_KNOWLEDGE,True,,0,1,True,True,EXACT_CORRECT,False,False,False,False,False,False,True,True,True,True,False,[],,"[{""categoryId"":""LEARNING_KNOWLEDGE"",""categoryName"":""학습·지식"",""score"":0.8},{""categoryId"":""CAREER"",""categoryName"":""취업·커리어"",""score"":0.6}]","[{""categoryId"":""LEARNING_KNOWLEDGE"",""categoryName"":""학습·지식"",""score"":0.8},{""categoryId"":""CAREER"",""categoryName"":""취업·커리어"",""score"":0.6}]",True,,,False,3349.5272
30,TEXT-030,split-without-description,split,False,1,텍스트-2026-07-03,학습·지식/030-텍스트-2026-07-03.txt,LEARNING_KNOWLEDGE,학습·지식,LEARNING_KNOWLEDGE,True,0.65,LEARNING_KNOWLEDGE,LEARNING_KNOWLEDGE,True,,0,1,True,True,EXACT_CORRECT,False,False,False,False,False,False,True,True,True,True,False,[],,"[{""categoryId"":""LEARNING_KNOWLEDGE"",""categoryName"":""학습·지식"",""score"":1.0}]","[{""categoryId"":""LEARNING_KNOWLEDGE"",""categoryName"":""학습·지식"",""score"":1.0}]",True,,,False,2139.3783
31,TEXT-031,split-without-description,split,False,1,사진 촬영에서 조리개의 역할,학습·지식/031-사진 촬영에서 조리개의 역할.txt,LEARNING_KNOWLEDGE,학습·지식,LEARNING_KNOWLEDGE,True,0.65,LEARNING_KNOWLEDGE,LEARNING_KNOWLEDGE,True,,0,1,True,True,EXACT_CORRECT,False,False,False,False,False,False,True,True,True,True,False,[],,"[{""categoryId"":""LEARNING_KNOWLEDGE"",""categoryName"":""학습·지식"",""score"":0.9},{""categoryId"":""CAREER"",""categoryName"":""취업·커리어"",""score"":0.1}]","[{""categoryId"":""LEARNING_KNOWLEDGE"",""categoryName"":""학습·지식"",""score"":0.9},{""categoryId"":""CAREER"",""categoryName"":""취업·커리어"",""score"":0.1}]",True,,,False,3513.1013
32,TEXT-032,split-without-description,split,False,1,전세와 월세의 차이 정리,학습·지식/032-전세와 월세의 차이 정리.txt,LEARNING_KNOWLEDGE,학습·지식,LEARNING_KNOWLEDGE,True,0.65,LEARNING_KNOWLEDGE,LEARNING_KNOWLEDGE,True,,0,1,True,True,EXACT_CORRECT,False,False,False,False,False,False,True,True,True,True,False,[],,"[{""categoryId"":""LEARNING_KNOWLEDGE"",""categoryName"":""학습·지식"",""score"":1.0}]","[{""categoryId"":""LEARNING_KNOWLEDGE"",""categoryName"":""학습·지식"",""score"":1.0}]",True,,,False,2277.8551
33,TEXT-033,split-without-description,split,False,1,좋은 발표 자료의 정보 구조,학습·지식/033-좋은 발표 자료의 정보 구조.txt,LEARNING_KNOWLEDGE,학습·지식,LEARNING_KNOWLEDGE,True,0.65,LEARNING_KNOWLEDGE,LEARNING_KNOWLEDGE,True,,0,1,True,True,EXACT_CORRECT,False,False,False,False,False,False,True,True,True,True,False,[],,"[{""categoryId"":""LEARNING_KNOWLEDGE"",""categoryName"":""학습·지식"",""score"":1.0}]","[{""categoryId"":""LEARNING_KNOWLEDGE"",""categoryName"":""학습·지식"",""score"":1.0}]",True,,,False,2286.7647
17,TEXT-017,split-without-description,split,False,1,텍스트-2026.07.20-1220,건강·운동/017-텍스트-2026.07.20-1220.txt,HEALTH_EXERCISE,건강·운동,HEALTH_EXERCISE,True,0.7,HEALTH_EXERCISE,HEALTH_EXERCISE,True,,0,1,True,True,EXACT_CORRECT,False,False,False,False,False,False,True,True,True,True,False,[],,"[{""categoryId"":""HEALTH_EXERCISE"",""categoryName"":""건강·운동"",""score"":1.0}]","[{""categoryId"":""HEALTH_EXERCISE"",""categoryName"":""건강·운동"",""score"":1.0}]",True,,,False,8569.0897
18,TEXT-018,split-without-description,split,False,1,주 3회 운동 계획,건강·운동/018-주 3회 운동 계획.txt,HEALTH_EXERCISE,건강·운동,HEALTH_EXERCISE,True,0.7,HEALTH_EXERCISE,HEALTH_EXERCISE,True,,0,1,True,True,EXACT_CORRECT,False,False,False,False,False,False,True,True,True,True,False,[],,"[{""categoryId"":""HEALTH_EXERCISE"",""categoryName"":""건강·운동"",""score"":1.0}]","[{""categoryId"":""HEALTH_EXERCISE"",""categoryName"":""건강·운동"",""score"":1.0}]",True,,,False,1971.3876
54,TEXT-054,split-without-description,split,False,1,허리 부담을 줄이는 스쿼트 자세,건강·운동/054-허리 부담을 줄이는 스쿼트 자세.txt,HEALTH_EXERCISE,건강·운동,HEALTH_EXERCISE,True,0.7,HEALTH_EXERCISE,HEALTH_EXERCISE,True,,0,1,True,True,EXACT_CORRECT,False,False,False,False,False,False,True,True,True,True,False,[],,"[{""categoryId"":""HEALTH_EXERCISE"",""categoryName"":""건강·운동"",""score"":1.0}]","[{""categoryId"":""HEALTH_EXERCISE"",""categoryName"":""건강·운동"",""score"":1.0}]",True,,,False,2111.8798
55,TEXT-055,split-without-description,split,False,1,텍스트-2026-07-13,건강·운동/055-텍스트-2026-07-13.txt,HEALTH_EXERCISE,건강·운동,HEALTH_EXERCISE,True,0.7,HEALTH_EXERCISE,HEALTH_EXERCISE,True,,0,1,True,True,EXACT_CORRECT,False,False,False,False,False,False,True,True,True,True,False,[],,"[{""categoryId"":""HEALTH_EXERCISE"",""categoryName"":""건강·운동"",""score"":0.8}]","[{""categoryId"":""HEALTH_EXERCISE"",""categoryName"":""건강·운동"",""score"":0.8}]",True,,,False,2042.6972
56,TEXT-056,split-without-description,split,False,1,러닝 초보자 주간 계획,건강·운동/056-러닝 초보자 주간 계획.txt,HEALTH_EXERCISE,건강·운동,HEALTH_EXERCISE,True,0.7,HEALTH_EXERCISE,HEALTH_EXERCISE,True,,0,1,True,True,EXACT_CORRECT,False,False,False,False,False,False,True,True,True,True,False,[],,"[{""categoryId"":""HEALTH_EXERCISE"",""categoryName"":""건강·운동"",""score"":1.0}]","[{""categoryId"":""HEALTH_EXERCISE"",""categoryName"":""건강·운동"",""score"":1.0}]",True,,,False,2105.6702
57,TEXT-057,split-without-description,split,False,1,장시간 앉아 있을 때 스트레칭,건강·운동/057-장시간 앉아 있을 때 스트레칭.txt,HEALTH_EXERCISE,건강·운동,HEALTH_EXERCISE,True,0.7,HEALTH_EXERCISE,HEALTH_EXERCISE,True,,0,1,True,True,EXACT_CORRECT,False,False,False,False,False,False,True,True,True,True,False,[],,"[{""categoryId"":""HEALTH_EXERCISE"",""categoryName"":""건강·운동"",""score"":1.0}]","[{""categoryId"":""HEALTH_EXERCISE"",""categoryName"":""건강·운동"",""score"":1.0}]",True,,,False,2146.2376
58,TEXT-058,split-without-description,split,False,1,운동 후 식사 구성,건강·운동/058-운동 후 식사 구성.txt,HEALTH_EXERCISE,건강·운동,HEALTH_EXERCISE,True,0.7,HEALTH_EXERCISE,HEALTH_EXERCISE,True,,0,1,True,True,EXACT_CORRECT,False,False,False,False,False,False,True,True,True,True,False,[],,"[{""categoryId"":""HEALTH_EXERCISE"",""categoryName"":""건강·운동"",""score"":0.8},{""categoryId"":""FOOD_RESTAURANT"",""categoryName"":""음식·맛집"",""score"":0.6}]","[{""categoryId"":""HEALTH_EXERCISE"",""categoryName"":""건강·운동"",""score"":0.8},{""categoryId"":""FOOD_RESTAURANT"",""categoryName"":""음식·맛집"",""score"":0.6}]",True,,,False,3478.7395
21,TEXT-021,split-without-description,split,False,1,텍스트-2026.07.20-1310,기타/021-텍스트-2026.07.20-1310.txt,OTHER,기타,IDEA_INSPIRATION,False,0.7,IDEA_INSPIRATION,IDEA_INSPIRATION,False,IDEA_INSPIRATION,1,1,False,False,WRONG_MISSING_GOLD,False,True,False,False,False,False,False,False,False,False,False,[],MISSING_GOLD_CATEGORY,"[{""categoryId"":""IDEA_INSPIRATION"",""categoryName"":""아이디어·영감"",""score"":0.8},{""categoryId"":""LEARNING_KNOWLEDGE"",""categoryName"":""학습·지식"",""score"":0.6}]","[{""categoryId"":""IDEA_INSPIRATION"",""categoryName"":""아이디어·영감"",""score"":0.8},{""categoryId"":""LEARNING_KNOWLEDGE"",""categoryName"":""학습·지식"",""score"":0.6}]",True,,,False,3536.4823
22,TEXT-022,split-without-description,split,False,1,텍스트-2026.07.20-1325,기타/022-텍스트-2026.07.20-1325.txt,OTHER,기타,IDEA_INSPIRATION,False,0.7,IDEA_INSPIRATION,IDEA_INSPIRATION,False,IDEA_INSPIRATION,1,1,False,False,WRONG_MISSING_GOLD,False,True,False,False,False,False,False,False,False,False,False,[],MISSING_GOLD_CATEGORY,"[{""categoryId"":""IDEA_INSPIRATION"",""categoryName"":""아이디어·영감"",""score"":0.8},{""categoryId"":""LEARNING_KNOWLEDGE"",""categoryName"":""학습·지식"",""score"":0.6}]","[{""categoryId"":""IDEA_INSPIRATION"",""categoryName"":""아이디어·영감"",""score"":0.8},{""categoryId"":""LEARNING_KNOWLEDGE"",""categoryName"":""학습·지식"",""score"":0.6}]",True,,,False,3634.2076
74,TEXT-074,split-without-description,split,False,1,텍스트-2026-07-21,기타/074-텍스트-2026-07-21.txt,OTHER,기타,,False,0.7,,OTHER,False,,0,0,False,False,EMPTY_PREDICTION,False,True,False,True,False,False,False,True,True,True,False,[],MISSING_GOLD_CATEGORY|EMPTY_PREDICTION|FALLBACK_USED,[],[],True,,,False,1023.7943
75,TEXT-075,split-without-description,split,False,1,확인할 문자열,기타/075-확인할 문자열.txt,OTHER,기타,,False,0.7,,OTHER,False,,0,0,False,False,EMPTY_PREDICTION,False,True,False,True,False,False,False,True,True,True,False,[],MISSING_GOLD_CATEGORY|EMPTY_PREDICTION|FALLBACK_USED,[],[],True,,,False,923.1272
76,TEXT-076,split-without-description,split,False,1,텍스트-2026-07-22,기타/076-텍스트-2026-07-22.txt,OTHER,기타,,False,0.7,,OTHER,False,,0,0,False,False,EMPTY_PREDICTION,False,True,False,True,False,False,False,True,True,True,False,[],MISSING_GOLD_CATEGORY|EMPTY_PREDICTION|FALLBACK_USED,[],[],True,,,False,900.2406
77,TEXT-077,split-without-description,split,False,1,내용을 확인할 수 없는 링크,기타/077-내용을 확인할 수 없는 링크.txt,OTHER,기타,,False,0.7,,OTHER,False,,0,0,False,False,EMPTY_PREDICTION,False,True,False,True,False,False,False,True,True,True,False,[],MISSING_GOLD_CATEGORY|EMPTY_PREDICTION|FALLBACK_USED,[],[],True,,,False,960.6076
78,TEXT-078,split-without-description,split,False,1,이미지 추출 실패,기타/078-이미지 추출 실패.txt,OTHER,기타,,False,0.7,,OTHER,False,,0,0,False,False,EMPTY_PREDICTION,False,True,False,True,False,False,False,True,True,True,False,[],MISSING_GOLD_CATEGORY|EMPTY_PREDICTION|FALLBACK_USED,[],[],True,,,False,927.0928
64,TEXT-064,split-without-description,split,False,1,월급 통장 나누는 방법,돈·재테크/064-월급 통장 나누는 방법.txt,MONEY_FINANCE,돈·재테크,MONEY_FINANCE,True,0.7,MONEY_FINANCE,MONEY_FINANCE,True,,0,1,True,True,EXACT_CORRECT,False,False,False,False,False,False,True,True,True,True,False,[],,"[{""categoryId"":""MONEY_FINANCE"",""categoryName"":""돈·재테크"",""score"":1.0}]","[{""categoryId"":""MONEY_FINANCE"",""categoryName"":""돈·재테크"",""score"":1.0}]",True,,,False,2098.7316
65,TEXT-065,split-without-description,split,False,1,텍스트-2026-07-17,돈·재테크/065-텍스트-2026-07-17.txt,MONEY_FINANCE,돈·재테크,MONEY_FINANCE,True,0.7,MONEY_FINANCE,MONEY_FINANCE,True,,0,1,True,True,EXACT_CORRECT,False,False,False,False,False,False,True,True,True,True,False,[],,"[{""categoryId"":""MONEY_FINANCE"",""categoryName"":""돈·재테크"",""score"":0.8},{""categoryId"":""LEARNING_KNOWLEDGE"",""categoryName"":""학습·지식"",""score"":0.6}]","[{""categoryId"":""MONEY_FINANCE"",""categoryName"":""돈·재테크"",""score"":0.8},{""categoryId"":""LEARNING_KNOWLEDGE"",""categoryName"":""학습·지식"",""score"":0.6}]",True,,,False,3411.276
66,TEXT-066,split-without-description,split,False,1,카드 혜택 비교,돈·재테크/066-카드 혜택 비교.txt,MONEY_FINANCE,돈·재테크,MONEY_FINANCE,True,0.7,MONEY_FINANCE,MONEY_FINANCE,True,,0,1,True,True,EXACT_CORRECT,False,False,False,False,False,False,True,True,True,True,False,[],,"[{""categoryId"":""MONEY_FINANCE"",""categoryName"":""돈·재테크"",""score"":0.8},{""categoryId"":""LIFE_TASK"",""categoryName"":""생활·할 일"",""score"":0.6}]","[{""categoryId"":""MONEY_FINANCE"",""categoryName"":""돈·재테크"",""score"":0.8},{""categoryId"":""LIFE_TASK"",""categoryName"":""생활·할 일"",""score"":0.6}]",True,,,False,3167.7617
67,TEXT-067,split-without-description,split,False,1,비상금 규모 정하기,돈·재테크/067-비상금 규모 정하기.txt,MONEY_FINANCE,돈·재테크,MONEY_FINANCE,True,0.7,MONEY_FINANCE,MONEY_FINANCE,True,,0,1,True,True,EXACT_CORRECT,False,False,False,False,False,False,True,True,True,True,False,[],,"[{""categoryId"":""MONEY_FINANCE"",""categoryName"":""돈·재테크"",""score"":1.0}]","[{""categoryId"":""MONEY_FINANCE"",""categoryName"":""돈·재테크"",""score"":1.0}]",True,,,False,2061.5863
68,TEXT-068,split-without-description,split,False,1,보험 가입 전에 확인할 내용,돈·재테크/068-보험 가입 전에 확인할 내용.txt,MONEY_FINANCE,돈·재테크,LEARNING_KNOWLEDGE,False,0.7,LEARNING_KNOWLEDGE,LEARNING_KNOWLEDGE,False,LEARNING_KNOWLEDGE,1,1,False,False,WRONG_MISSING_GOLD,False,True,False,False,False,False,False,False,False,False,False,[],MISSING_GOLD_CATEGORY,"[{""categoryId"":""LEARNING_KNOWLEDGE"",""categoryName"":""학습·지식"",""score"":0.9},{""categoryId"":""CAREER"",""categoryName"":""취업·커리어"",""score"":0.6}]","[{""categoryId"":""LEARNING_KNOWLEDGE"",""categoryName"":""학습·지식"",""score"":0.9},{""categoryId"":""CAREER"",""categoryName"":""취업·커리어"",""score"":0.6}]",True,,,False,3182.5687
19,TEXT-019,split-without-description,split,False,1,텍스트-2026.07.20-1245,문화·콘텐츠/019-텍스트-2026.07.20-1245.txt,CULTURE_CONTENT,문화·콘텐츠,CULTURE_CONTENT,True,0.7,CULTURE_CONTENT,CULTURE_CONTENT,True,,0,1,True,True,EXACT_CORRECT,False,False,False,False,False,False,True,True,True,True,False,[],,"[{""categoryId"":""CULTURE_CONTENT"",""categoryName"":""문화·콘텐츠"",""score"":0.8},{""categoryId"":""LEARNING_KNOWLEDGE"",""categoryName"":""학습·지식"",""score"":0.6}]","[{""categoryId"":""CULTURE_CONTENT"",""categoryName"":""문화·콘텐츠"",""score"":0.8},{""categoryId"":""LEARNING_KNOWLEDGE"",""categoryName"":""학습·지식"",""score"":0.6}]",True,,,False,3424.9987
20,TEXT-020,split-without-description,split,False,1,읽어볼 개발 에세이,문화·콘텐츠/020-읽어볼 개발 에세이.txt,CULTURE_CONTENT,문화·콘텐츠,LEARNING_KNOWLEDGE,False,0.7,LEARNING_KNOWLEDGE|CAREER,LEARNING_KNOWLEDGE|CAREER,False,CAREER|LEARNING_KNOWLEDGE,2,2,False,False,WRONG_MISSING_GOLD,False,True,False,False,False,False,False,False,False,False,False,[],MISSING_GOLD_CATEGORY,"[{""categoryId"":""LEARNING_KNOWLEDGE"",""categoryName"":""학습·지식"",""score"":0.8},{""categoryId"":""CAREER"",""categoryName"":""취업·커리어"",""score"":0.7}]","[{""categoryId"":""LEARNING_KNOWLEDGE"",""categoryName"":""학습·지식"",""score"":0.8},{""categoryId"":""CAREER"",""categoryName"":""취업·커리어"",""score"":0.7}]",True,,,False,3326.046
59,TEXT-059,split-without-description,split,False,1,주말에 볼 영화 후보,문화·콘텐츠/059-주말에 볼 영화 후보.txt,CULTURE_CONTENT,문화·콘텐츠,CULTURE_CONTENT,True,0.7,CULTURE_CONTENT,CULTURE_CONTENT,True,,0,1,True,True,EXACT_CORRECT,False,False,False,False,False,False,True,True,True,True,False,[],,"[{""categoryId"":""CULTURE_CONTENT"",""categoryName"":""문화·콘텐츠"",""score"":0.8},{""categoryId"":""IDEA_INSPIRATION"",""categoryName"":""아이디어·영감"",""score"":0.6}]","[{""categoryId"":""CULTURE_CONTENT"",""categoryName"":""문화·콘텐츠"",""score"":0.8},{""categoryId"":""IDEA_INSPIRATION"",""categoryName"":""아이디어·영감"",""score"":0.6}]",True,,,False,3430.6934
60,TEXT-060,split-without-description,split,False,1,텍스트-2026-07-15,문화·콘텐츠/060-텍스트-2026-07-15.txt,CULTURE_CONTENT,문화·콘텐츠,LEARNING_KNOWLEDGE,False,0.7,LEARNING_KNOWLEDGE,LEARNING_KNOWLEDGE,False,LEARNING_KNOWLEDGE,1,1,False,False,WRONG_MISSING_GOLD,False,True,False,False,False,False,False,False,False,False,False,[],MISSING_GOLD_CATEGORY,"[{""categoryId"":""LEARNING_KNOWLEDGE"",""categoryName"":""학습·지식"",""score"":1.0}]","[{""categoryId"":""LEARNING_KNOWLEDGE"",""categoryName"":""학습·지식"",""score"":1.0}]",True,,,False,2074.1242
61,TEXT-061,split-without-description,split,False,1,서울 사진전 정보,문화·콘텐츠/061-서울 사진전 정보.txt,CULTURE_CONTENT,문화·콘텐츠,CULTURE_CONTENT,True,0.7,CULTURE_CONTENT,CULTURE_CONTENT,True,,0,1,True,True,EXACT_CORRECT,False,False,False,False,False,False,True,True,True,True,False,[],,"[{""categoryId"":""CULTURE_CONTENT"",""categoryName"":""문화·콘텐츠"",""score"":0.8},{""categoryId"":""TRAVEL_PLACE"",""categoryName"":""여행·장소"",""score"":0.6}]","[{""categoryId"":""CULTURE_CONTENT"",""categoryName"":""문화·콘텐츠"",""score"":0.8},{""categoryId"":""TRAVEL_PLACE"",""categoryName"":""여행·장소"",""score"":0.6}]",True,,,False,3245.5492
62,TEXT-062,split-without-description,split,False,1,출근할 때 들을 음악,문화·콘텐츠/062-출근할 때 들을 음악.txt,CULTURE_CONTENT,문화·콘텐츠,LIFE_TASK,False,0.7,LIFE_TASK,LIFE_TASK,False,LIFE_TASK,1,1,False,False,WRONG_MISSING_GOLD,False,True,True,False,False,False,True,False,False,False,False,[],THRESHOLD_MISS,"[{""categoryId"":""FOOD_RESTAURANT"",""categoryName"":""음식·맛집"",""score"":0.0},{""categoryId"":""LIFE_TASK"",""categoryName"":""생활·할 일"",""score"":0.8},{""categoryId"":""CULTURE_CONTENT"",""categoryName"":""문화·콘텐츠"",""score"":0.2}]","[{""categoryId"":""LIFE_TASK"",""categoryName"":""생활·할 일"",""score"":0.8},{""categoryId"":""CULTURE_CONTENT"",""categoryName"":""문화·콘텐츠"",""score"":0.2},{""categoryId"":""FOOD_RESTAURANT"",""categoryName"":""음식·맛집"",""score"":0.0}]",True,,,False,4292.7377
63,TEXT-063,split-without-description,split,False,1,웹툰 추천 목록,문화·콘텐츠/063-웹툰 추천 목록.txt,CULTURE_CONTENT,문화·콘텐츠,LEARNING_KNOWLEDGE,False,0.7,LEARNING_KNOWLEDGE|CULTURE_CONTENT,LEARNING_KNOWLEDGE|CULTURE_CONTENT,True,LEARNING_KNOWLEDGE,1,2,False,True,RELAXED_CORRECT,False,False,False,False,False,False,True,True,False,True,False,[],,"[{""categoryId"":""LEARNING_KNOWLEDGE"",""categoryName"":""학습·지식"",""score"":0.8},{""categoryId"":""CULTURE_CONTENT"",""categoryName"":""문화·콘텐츠"",""score"":0.7}]","[{""categoryId"":""LEARNING_KNOWLEDGE"",""categoryName"":""학습·지식"",""score"":0.8},{""categoryId"":""CULTURE_CONTENT"",""categoryName"":""문화·콘텐츠"",""score"":0.7}]",True,,,False,3312.4419
6,TEXT-006,split-without-description,split,False,1,1주차 백로그 정리,생활·할 일/006-1주차 백로그 정리.txt,LIFE_TASK,생활·할 일,LEARNING_KNOWLEDGE,False,0.7,LEARNING_KNOWLEDGE,LEARNING_KNOWLEDGE,False,LEARNING_KNOWLEDGE,1,1,False,False,WRONG_MISSING_GOLD,False,True,False,False,False,False,False,False,False,False,False,[],MISSING_GOLD_CATEGORY,"[{""categoryId"":""LEARNING_KNOWLEDGE"",""categoryName"":""학습·지식"",""score"":0.8},{""categoryId"":""CAREER"",""categoryName"":""취업·커리어"",""score"":0.6}]","[{""categoryId"":""LEARNING_KNOWLEDGE"",""categoryName"":""학습·지식"",""score"":0.8},{""categoryId"":""CAREER"",""categoryName"":""취업·커리어"",""score"":0.6}]",True,,,False,3338.0444
9,TEXT-009,split-without-description,split,False,1,텍스트-2026.07.20-1035,생활·할 일/009-텍스트-2026.07.20-1035.txt,LIFE_TASK,생활·할 일,LIFE_TASK,True,0.7,LIFE_TASK,LIFE_TASK,True,,0,1,True,True,EXACT_CORRECT,False,False,False,False,False,False,True,True,True,True,False,[],,"[{""categoryId"":""LIFE_TASK"",""categoryName"":""생활·할 일"",""score"":1.0}]","[{""categoryId"":""LIFE_TASK"",""categoryName"":""생활·할 일"",""score"":1.0}]",True,,,False,2066.6236
10,TEXT-010,split-without-description,split,False,1,주말 방 정리 계획,생활·할 일/010-주말 방 정리 계획.txt,LIFE_TASK,생활·할 일,LIFE_TASK,True,0.7,LIFE_TASK,LIFE_TASK,True,,0,1,True,True,EXACT_CORRECT,False,False,False,False,False,False,True,True,True,True,False,[],,"[{""categoryId"":""LIFE_TASK"",""categoryName"":""생활·할 일"",""score"":1.0}]","[{""categoryId"":""LIFE_TASK"",""categoryName"":""생활·할 일"",""score"":1.0}]",True,,,False,1945.6438
24,TEXT-024,split-without-description,split,False,1,이사 전날 확인할 목록,생활·할 일/024-이사 전날 확인할 목록.txt,LIFE_TASK,생활·할 일,LIFE_TASK,True,0.7,LIFE_TASK,LIFE_TASK,True,,0,1,True,True,EXACT_CORRECT,False,False,False,False,False,False,True,True,True,True,False,[],,"[{""categoryId"":""LIFE_TASK"",""categoryName"":""생활·할 일"",""score"":1.0}]","[{""categoryId"":""LIFE_TASK"",""categoryName"":""생활·할 일"",""score"":1.0}]",True,,,False,2073.047
25,TEXT-025,split-without-description,split,False,1,텍스트-2026-07-01,생활·할 일/025-텍스트-2026-07-01.txt,LIFE_TASK,생활·할 일,LIFE_TASK,True,0.7,LIFE_TASK,LIFE_TASK,True,,0,1,True,True,EXACT_CORRECT,False,False,False,False,False,False,True,True,True,True,False,[],,"[{""categoryId"":""LIFE_TASK"",""categoryName"":""생활·할 일"",""score"":1.0}]","[{""categoryId"":""LIFE_TASK"",""categoryName"":""생활·할 일"",""score"":1.0}]",True,,,False,1965.1902
26,TEXT-026,split-without-description,split,False,1,장마철 빨래 냄새 줄이는 방법,생활·할 일/026-장마철 빨래 냄새 줄이는 방법.txt,LIFE_TASK,생활·할 일,LIFE_TASK,True,0.7,LIFE_TASK,LIFE_TASK,True,,0,1,True,True,EXACT_CORRECT,False,False,False,False,False,False,True,True,True,True,False,[],,"[{""categoryId"":""LIFE_TASK"",""categoryName"":""생활·할 일"",""score"":1.0}]","[{""categoryId"":""LIFE_TASK"",""categoryName"":""생활·할 일"",""score"":1.0}]",True,,,False,1977.8852
27,TEXT-027,split-without-description,split,False,1,다음 주 일정 메모,생활·할 일/027-다음 주 일정 메모.txt,LIFE_TASK,생활·할 일,LIFE_TASK,True,0.7,LIFE_TASK,LIFE_TASK,True,,0,1,True,True,EXACT_CORRECT,False,False,False,False,False,False,True,True,True,True,False,[],,"[{""categoryId"":""LIFE_TASK"",""categoryName"":""생활·할 일"",""score"":1.0}]","[{""categoryId"":""LIFE_TASK"",""categoryName"":""생활·할 일"",""score"":1.0}]",True,,,False,1958.8469
28,TEXT-028,split-without-description,split,False,1,공과금 자동이체 변경 순서,생활·할 일/028-공과금 자동이체 변경 순서.txt,LIFE_TASK,생활·할 일,LIFE_TASK,True,0.7,LIFE_TASK,LIFE_TASK,True,,0,1,True,True,EXACT_CORRECT,False,False,False,False,False,False,True,True,True,True,False,[],,"[{""categoryId"":""LIFE_TASK"",""categoryName"":""생활·할 일"",""score"":1.0}]","[{""categoryId"":""LIFE_TASK"",""categoryName"":""생활·할 일"",""score"":1.0}]",True,,,False,1989.8781
23,TEXT-023,split-without-description,split,False,1,기숙사 준비물,생활·할 일/기숙사 준비물.txt,LIFE_TASK,생활·할 일,LIFE_TASK,True,0.7,LIFE_TASK,LIFE_TASK,True,,0,1,True,True,EXACT_CORRECT,False,False,False,False,False,False,True,True,True,True,False,[],,"[{""categoryId"":""LIFE_TASK"",""categoryName"":""생활·할 일"",""score"":1.0}]","[{""categoryId"":""LIFE_TASK"",""categoryName"":""생활·할 일"",""score"":1.0}]",True,,,False,2340.698
11,TEXT-011,split-without-description,split,False,1,텍스트-2026.07.20-1100,쇼핑·제품/011-텍스트-2026.07.20-1100.txt,SHOPPING_PRODUCT,쇼핑·제품,SHOPPING_PRODUCT,True,0.7,SHOPPING_PRODUCT,SHOPPING_PRODUCT,True,,0,1,True,True,EXACT_CORRECT,False,False,False,False,False,False,True,True,True,True,False,[],,"[{""categoryId"":""SHOPPING_PRODUCT"",""categoryName"":""쇼핑·제품"",""score"":0.9},{""categoryId"":""LEARNING_KNOWLEDGE"",""categoryName"":""학습·지식"",""score"":0.6}]","[{""categoryId"":""SHOPPING_PRODUCT"",""categoryName"":""쇼핑·제품"",""score"":0.9},{""categoryId"":""LEARNING_KNOWLEDGE"",""categoryName"":""학습·지식"",""score"":0.6}]",True,,,False,3324.9231
12,TEXT-012,split-without-description,split,False,1,무선 키보드 구매 후보,쇼핑·제품/012-무선 키보드 구매 후보.txt,SHOPPING_PRODUCT,쇼핑·제품,SHOPPING_PRODUCT,True,0.7,SHOPPING_PRODUCT,SHOPPING_PRODUCT,True,,0,1,True,True,EXACT_CORRECT,False,False,False,False,False,False,True,True,True,True,False,[],,"[{""categoryId"":""SHOPPING_PRODUCT"",""categoryName"":""쇼핑·제품"",""score"":0.9},{""categoryId"":""LEARNING_KNOWLEDGE"",""categoryName"":""학습·지식"",""score"":0.6}]","[{""categoryId"":""SHOPPING_PRODUCT"",""categoryName"":""쇼핑·제품"",""score"":0.9},{""categoryId"":""LEARNING_KNOWLEDGE"",""categoryName"":""학습·지식"",""score"":0.6}]",True,,,False,3316.6953
49,TEXT-049,split-without-description,split,False,1,무선 키보드 비교,쇼핑·제품/049-무선 키보드 비교.txt,SHOPPING_PRODUCT,쇼핑·제품,SHOPPING_PRODUCT,True,0.7,SHOPPING_PRODUCT,SHOPPING_PRODUCT,True,,0,1,True,True,EXACT_CORRECT,False,False,False,False,False,False,True,True,True,True,False,[],,"[{""categoryId"":""SHOPPING_PRODUCT"",""categoryName"":""쇼핑·제품"",""score"":1.0}]","[{""categoryId"":""SHOPPING_PRODUCT"",""categoryName"":""쇼핑·제품"",""score"":1.0}]",True,,,False,2201.1127
50,TEXT-050,split-without-description,split,False,1,텍스트-2026-07-11,쇼핑·제품/050-텍스트-2026-07-11.txt,SHOPPING_PRODUCT,쇼핑·제품,SHOPPING_PRODUCT,True,0.7,SHOPPING_PRODUCT,SHOPPING_PRODUCT,True,,0,1,True,True,EXACT_CORRECT,False,False,False,False,False,False,True,True,True,True,False,[],,"[{""categoryId"":""SHOPPING_PRODUCT"",""categoryName"":""쇼핑·제품"",""score"":0.8},{""categoryId"":""LEARNING_KNOWLEDGE"",""categoryName"":""학습·지식"",""score"":0.6}]","[{""categoryId"":""SHOPPING_PRODUCT"",""categoryName"":""쇼핑·제품"",""score"":0.8},{""categoryId"":""LEARNING_KNOWLEDGE"",""categoryName"":""학습·지식"",""score"":0.6}]",True,,,False,3343.6056
51,TEXT-051,split-without-description,split,False,1,로봇청소기 구매 후보,쇼핑·제품/051-로봇청소기 구매 후보.txt,SHOPPING_PRODUCT,쇼핑·제품,SHOPPING_PRODUCT,True,0.7,SHOPPING_PRODUCT,SHOPPING_PRODUCT,True,,0,1,True,True,EXACT_CORRECT,False,False,False,False,False,False,True,True,True,True,False,[],,"[{""categoryId"":""SHOPPING_PRODUCT"",""categoryName"":""쇼핑·제품"",""score"":0.8},{""categoryId"":""OTHER"",""categoryName"":""기타"",""score"":0.2}]","[{""categoryId"":""SHOPPING_PRODUCT"",""categoryName"":""쇼핑·제품"",""score"":0.8},{""categoryId"":""OTHER"",""categoryName"":""기타"",""score"":0.2}]",True,,,False,2968.5007
52,TEXT-052,split-without-description,split,False,1,여행용 보조배터리 확인 사항,쇼핑·제품/052-여행용 보조배터리 확인 사항.txt,SHOPPING_PRODUCT,쇼핑·제품,SHOPPING_PRODUCT,True,0.7,SHOPPING_PRODUCT,SHOPPING_PRODUCT,True,,0,1,True,True,EXACT_CORRECT,False,False,False,False,False,False,True,True,True,True,False,[],,"[{""categoryId"":""SHOPPING_PRODUCT"",""categoryName"":""쇼핑·제품"",""score"":0.8},{""categoryId"":""TRAVEL_PLACE"",""categoryName"":""여행·장소"",""score"":0.2}]","[{""categoryId"":""SHOPPING_PRODUCT"",""categoryName"":""쇼핑·제품"",""score"":0.8},{""categoryId"":""TRAVEL_PLACE"",""categoryName"":""여행·장소"",""score"":0.2}]",True,,,False,3284.5237
53,TEXT-053,split-without-description,split,False,1,부모님 선물용 마사지기 후기,쇼핑·제품/053-부모님 선물용 마사지기 후기.txt,SHOPPING_PRODUCT,쇼핑·제품,SHOPPING_PRODUCT,True,0.7,SHOPPING_PRODUCT,SHOPPING_PRODUCT,True,,0,1,True,True,EXACT_CORRECT,False,False,False,False,False,False,True,True,True,True,False,[],,"[{""categoryId"":""SHOPPING_PRODUCT"",""categoryName"":""쇼핑·제품"",""score"":0.8},{""categoryId"":""HEALTH_EXERCISE"",""categoryName"":""건강·운동"",""score"":0.6}]","[{""categoryId"":""SHOPPING_PRODUCT"",""categoryName"":""쇼핑·제품"",""score"":0.8},{""categoryId"":""HEALTH_EXERCISE"",""categoryName"":""건강·운동"",""score"":0.6}]",True,,,False,3209.7061
5,TEXT-005,split-without-description,split,False,1,텍스트-2026.07.20-0940,아이디어·영감/005-텍스트-2026.07.20-0940.txt,IDEA_INSPIRATION,아이디어·영감,LEARNING_KNOWLEDGE,False,0.7,LEARNING_KNOWLEDGE,LEARNING_KNOWLEDGE,False,LEARNING_KNOWLEDGE,1,1,False,False,WRONG_MISSING_GOLD,False,True,False,False,False,False,False,False,False,False,False,[],MISSING_GOLD_CATEGORY,"[{""categoryId"":""LEARNING_KNOWLEDGE"",""categoryName"":""학습·지식"",""score"":0.9},{""categoryId"":""CAREER"",""categoryName"":""취업·커리어"",""score"":0.6}]","[{""categoryId"":""LEARNING_KNOWLEDGE"",""categoryName"":""학습·지식"",""score"":0.9},{""categoryId"":""CAREER"",""categoryName"":""취업·커리어"",""score"":0.6}]",True,,,False,3239.008
69,TEXT-069,split-without-description,split,False,1,앱 첫 화면 디자인 참고,아이디어·영감/069-앱 첫 화면 디자인 참고.txt,IDEA_INSPIRATION,아이디어·영감,IDEA_INSPIRATION,True,0.7,IDEA_INSPIRATION,IDEA_INSPIRATION,True,,0,1,True,True,EXACT_CORRECT,False,False,False,False,False,False,True,True,True,True,False,[],,"[{""categoryId"":""IDEA_INSPIRATION"",""categoryName"":""아이디어·영감"",""score"":0.8},{""categoryId"":""CULTURE_CONTENT"",""categoryName"":""문화·콘텐츠"",""score"":0.6}]","[{""categoryId"":""IDEA_INSPIRATION"",""categoryName"":""아이디어·영감"",""score"":0.8},{""categoryId"":""CULTURE_CONTENT"",""categoryName"":""문화·콘텐츠"",""score"":0.6}]",True,,,False,3454.0536
70,TEXT-070,split-without-description,split,False,1,텍스트-2026-07-19,아이디어·영감/070-텍스트-2026-07-19.txt,IDEA_INSPIRATION,아이디어·영감,IDEA_INSPIRATION,True,0.7,IDEA_INSPIRATION,IDEA_INSPIRATION,True,,0,1,True,True,EXACT_CORRECT,False,False,False,False,False,False,True,True,True,True,False,[],,"[{""categoryId"":""IDEA_INSPIRATION"",""categoryName"":""아이디어·영감"",""score"":0.8}]","[{""categoryId"":""IDEA_INSPIRATION"",""categoryName"":""아이디어·영감"",""score"":0.8}]",True,,,False,2204.4684
71,TEXT-071,split-without-description,split,False,1,방 꾸미기 참고 이미지,아이디어·영감/071-방 꾸미기 참고 이미지.txt,IDEA_INSPIRATION,아이디어·영감,CULTURE_CONTENT,False,0.7,CULTURE_CONTENT,CULTURE_CONTENT,False,CULTURE_CONTENT,1,1,False,False,WRONG_MISSING_GOLD,False,True,False,False,False,False,False,False,False,False,False,[],MISSING_GOLD_CATEGORY,"[{""categoryId"":""CULTURE_CONTENT"",""categoryName"":""문화·콘텐츠"",""score"":0.8},{""categoryId"":""LIFE_TASK"",""categoryName"":""생활·할 일"",""score"":0.6}]","[{""categoryId"":""CULTURE_CONTENT"",""categoryName"":""문화·콘텐츠"",""score"":0.8},{""categoryId"":""LIFE_TASK"",""categoryName"":""생활·할 일"",""score"":0.6}]",True,,,False,3246.5773
72,TEXT-072,split-without-description,split,False,1,숏폼 콘텐츠 구성 방식,아이디어·영감/072-숏폼 콘텐츠 구성 방식.txt,IDEA_INSPIRATION,아이디어·영감,CULTURE_CONTENT,False,0.7,CULTURE_CONTENT|IDEA_INSPIRATION,CULTURE_CONTENT|IDEA_INSPIRATION,True,CULTURE_CONTENT,1,2,False,True,RELAXED_CORRECT,False,False,False,False,False,False,True,True,False,True,False,[],,"[{""categoryId"":""CULTURE_CONTENT"",""categoryName"":""문화·콘텐츠"",""score"":0.8},{""categoryId"":""IDEA_INSPIRATION"",""categoryName"":""아이디어·영감"",""score"":0.7}]","[{""categoryId"":""CULTURE_CONTENT"",""categoryName"":""문화·콘텐츠"",""score"":0.8},{""categoryId"":""IDEA_INSPIRATION"",""categoryName"":""아이디어·영감"",""score"":0.7}]",True,,,False,3400.8163
73,TEXT-073,split-without-description,split,False,1,사진 구도 참고,아이디어·영감/073-사진 구도 참고.txt,IDEA_INSPIRATION,아이디어·영감,CULTURE_CONTENT,False,0.7,CULTURE_CONTENT|IDEA_INSPIRATION,CULTURE_CONTENT|IDEA_INSPIRATION,True,CULTURE_CONTENT,1,2,False,True,RELAXED_CORRECT,False,False,False,False,False,False,True,True,False,True,False,[],,"[{""categoryId"":""CULTURE_CONTENT"",""categoryName"":""문화·콘텐츠"",""score"":0.8},{""categoryId"":""IDEA_INSPIRATION"",""categoryName"":""아이디어·영감"",""score"":0.7}]","[{""categoryId"":""CULTURE_CONTENT"",""categoryName"":""문화·콘텐츠"",""score"":0.8},{""categoryId"":""IDEA_INSPIRATION"",""categoryName"":""아이디어·영감"",""score"":0.7}]",True,,,False,3544.8386
15,TEXT-015,split-without-description,split,False,1,텍스트-2026.07.20-1150,여행·장소/015-텍스트-2026.07.20-1150.txt,TRAVEL_PLACE,여행·장소,TRAVEL_PLACE,True,0.7,TRAVEL_PLACE,TRAVEL_PLACE,True,,0,1,True,True,EXACT_CORRECT,False,False,False,False,False,False,True,True,True,True,False,[],,"[{""categoryId"":""TRAVEL_PLACE"",""categoryName"":""여행·장소"",""score"":0.9},{""categoryId"":""SHOPPING_PRODUCT"",""categoryName"":""쇼핑·제품"",""score"":0.6}]","[{""categoryId"":""TRAVEL_PLACE"",""categoryName"":""여행·장소"",""score"":0.9},{""categoryId"":""SHOPPING_PRODUCT"",""categoryName"":""쇼핑·제품"",""score"":0.6}]",True,,,False,3108.1299
16,TEXT-016,split-without-description,split,False,1,서울 전시회 방문 후보,여행·장소/016-서울 전시회 방문 후보.txt,TRAVEL_PLACE,여행·장소,TRAVEL_PLACE,True,0.7,TRAVEL_PLACE,TRAVEL_PLACE,True,,0,1,True,True,EXACT_CORRECT,False,False,False,False,False,False,True,True,True,True,False,[],,"[{""categoryId"":""TRAVEL_PLACE"",""categoryName"":""여행·장소"",""score"":0.8},{""categoryId"":""LEARNING_KNOWLEDGE"",""categoryName"":""학습·지식"",""score"":0.6}]","[{""categoryId"":""TRAVEL_PLACE"",""categoryName"":""여행·장소"",""score"":0.8},{""categoryId"":""LEARNING_KNOWLEDGE"",""categoryName"":""학습·지식"",""score"":0.6}]",True,,,False,3275.666
39,TEXT-039,split-without-description,split,False,1,부산에서 일몰 보기 좋은 곳,여행·장소/039-부산에서 일몰 보기 좋은 곳.txt,TRAVEL_PLACE,여행·장소,TRAVEL_PLACE,True,0.7,TRAVEL_PLACE,TRAVEL_PLACE,True,,0,1,True,True,EXACT_CORRECT,False,False,False,False,False,False,True,True,True,True,False,[],,"[{""categoryId"":""TRAVEL_PLACE"",""categoryName"":""여행·장소"",""score"":0.9},{""categoryId"":""FOOD_RESTAURANT"",""categoryName"":""음식·맛집"",""score"":0.1}]","[{""categoryId"":""TRAVEL_PLACE"",""categoryName"":""여행·장소"",""score"":0.9},{""categoryId"":""FOOD_RESTAURANT"",""categoryName"":""음식·맛집"",""score"":0.1}]",True,,,False,3208.0476
40,TEXT-040,split-without-description,split,False,1,텍스트-2026-07-07,여행·장소/040-텍스트-2026-07-07.txt,TRAVEL_PLACE,여행·장소,TRAVEL_PLACE,True,0.7,TRAVEL_PLACE|LIFE_TASK,TRAVEL_PLACE|LIFE_TASK,True,LIFE_TASK,1,2,False,True,RELAXED_CORRECT,False,False,False,False,False,False,True,True,False,True,False,[],,"[{""categoryId"":""TRAVEL_PLACE"",""categoryName"":""여행·장소"",""score"":0.8},{""categoryId"":""LIFE_TASK"",""categoryName"":""생활·할 일"",""score"":0.7}]","[{""categoryId"":""TRAVEL_PLACE"",""categoryName"":""여행·장소"",""score"":0.8},{""categoryId"":""LIFE_TASK"",""categoryName"":""생활·할 일"",""score"":0.7}]",True,,,False,3268.8756
41,TEXT-041,split-without-description,split,False,1,교토 버스 이용 팁,여행·장소/041-교토 버스 이용 팁.txt,TRAVEL_PLACE,여행·장소,TRAVEL_PLACE,True,0.7,TRAVEL_PLACE,TRAVEL_PLACE,True,,0,1,True,True,EXACT_CORRECT,False,False,False,False,False,False,True,True,True,True,False,[],,"[{""categoryId"":""TRAVEL_PLACE"",""categoryName"":""여행·장소"",""score"":0.8},{""categoryId"":""LIFE_TASK"",""categoryName"":""생활·할 일"",""score"":0.6}]","[{""categoryId"":""TRAVEL_PLACE"",""categoryName"":""여행·장소"",""score"":0.8},{""categoryId"":""LIFE_TASK"",""categoryName"":""생활·할 일"",""score"":0.6}]",True,,,False,3198.535
42,TEXT-042,split-without-description,split,False,1,비 오는 날 서울에서 갈 곳,여행·장소/042-비 오는 날 서울에서 갈 곳.txt,TRAVEL_PLACE,여행·장소,TRAVEL_PLACE,True,0.7,TRAVEL_PLACE,TRAVEL_PLACE,True,,0,1,True,True,EXACT_CORRECT,False,False,False,False,False,False,True,True,True,True,False,[],,"[{""categoryId"":""TRAVEL_PLACE"",""categoryName"":""여행·장소"",""score"":0.8},{""categoryId"":""CULTURE_CONTENT"",""categoryName"":""문화·콘텐츠"",""score"":0.6}]","[{""categoryId"":""TRAVEL_PLACE"",""categoryName"":""여행·장소"",""score"":0.8},{""categoryId"":""CULTURE_CONTENT"",""categoryName"":""문화·콘텐츠"",""score"":0.6}]",True,,,False,3247.4638
43,TEXT-043,split-without-description,split,False,1,숙소 예약 전에 확인할 내용,여행·장소/043-숙소 예약 전에 확인할 내용.txt,TRAVEL_PLACE,여행·장소,LIFE_TASK,False,0.7,LIFE_TASK,LIFE_TASK,False,LIFE_TASK,1,1,False,False,WRONG_MISSING_GOLD,False,True,False,False,False,False,False,False,False,False,False,[],MISSING_GOLD_CATEGORY,"[{""categoryId"":""LIFE_TASK"",""categoryName"":""생활·할 일"",""score"":1.0}]","[{""categoryId"":""LIFE_TASK"",""categoryName"":""생활·할 일"",""score"":1.0}]",True,,,False,1976.0882
13,TEXT-013,split-without-description,split,False,1,텍스트-2026.07.20-1125,음식·맛집/013-텍스트-2026.07.20-1125.txt,FOOD_RESTAURANT,음식·맛집,FOOD_RESTAURANT,True,0.7,FOOD_RESTAURANT,FOOD_RESTAURANT,True,,0,1,True,True,EXACT_CORRECT,False,False,False,False,False,False,True,True,True,True,False,[],,"[{""categoryId"":""FOOD_RESTAURANT"",""categoryName"":""음식·맛집"",""score"":0.9},{""categoryId"":""TRAVEL_PLACE"",""categoryName"":""여행·장소"",""score"":0.6}]","[{""categoryId"":""FOOD_RESTAURANT"",""categoryName"":""음식·맛집"",""score"":0.9},{""categoryId"":""TRAVEL_PLACE"",""categoryName"":""여행·장소"",""score"":0.6}]",True,,,False,3261.6528
14,TEXT-014,split-without-description,split,False,1,닭가슴살 볶음밥 레시피,음식·맛집/014-닭가슴살 볶음밥 레시피.txt,FOOD_RESTAURANT,음식·맛집,FOOD_RESTAURANT,True,0.7,FOOD_RESTAURANT,FOOD_RESTAURANT,True,,0,1,True,True,EXACT_CORRECT,False,False,False,False,False,False,True,True,True,True,False,[],,"[{""categoryId"":""FOOD_RESTAURANT"",""categoryName"":""음식·맛집"",""score"":1.0}]","[{""categoryId"":""FOOD_RESTAURANT"",""categoryName"":""음식·맛집"",""score"":1.0}]",True,,,False,2324.0995
44,TEXT-044,split-without-description,split,False,1,성수동 파스타 식당,음식·맛집/044-성수동 파스타 식당.txt,FOOD_RESTAURANT,음식·맛집,FOOD_RESTAURANT,True,0.7,FOOD_RESTAURANT,FOOD_RESTAURANT,True,,0,1,True,True,EXACT_CORRECT,False,False,False,False,False,False,True,True,True,True,False,[],,"[{""categoryId"":""FOOD_RESTAURANT"",""categoryName"":""음식·맛집"",""score"":1.0}]","[{""categoryId"":""FOOD_RESTAURANT"",""categoryName"":""음식·맛집"",""score"":1.0}]",True,,,False,2203.581
45,TEXT-045,split-without-description,split,False,1,텍스트-2026-07-09,음식·맛집/045-텍스트-2026-07-09.txt,FOOD_RESTAURANT,음식·맛집,FOOD_RESTAURANT,True,0.7,FOOD_RESTAURANT,FOOD_RESTAURANT,True,,0,1,True,True,EXACT_CORRECT,False,False,False,False,False,False,True,True,True,True,False,[],,"[{""categoryId"":""FOOD_RESTAURANT"",""categoryName"":""음식·맛집"",""score"":1.0}]","[{""categoryId"":""FOOD_RESTAURANT"",""categoryName"":""음식·맛집"",""score"":1.0}]",True,,,False,2125.0194
46,TEXT-046,split-without-description,split,False,1,광주에서 늦게까지 하는 카페,음식·맛집/046-광주에서 늦게까지 하는 카페.txt,FOOD_RESTAURANT,음식·맛집,TRAVEL_PLACE,False,0.7,TRAVEL_PLACE,TRAVEL_PLACE,False,TRAVEL_PLACE,1,1,False,False,WRONG_MISSING_GOLD,False,True,True,False,False,False,True,False,False,False,False,[],THRESHOLD_MISS,"[{""categoryId"":""TRAVEL_PLACE"",""categoryName"":""여행·장소"",""score"":0.8},{""categoryId"":""FOOD_RESTAURANT"",""categoryName"":""음식·맛집"",""score"":0.6}]","[{""categoryId"":""TRAVEL_PLACE"",""categoryName"":""여행·장소"",""score"":0.8},{""categoryId"":""FOOD_RESTAURANT"",""categoryName"":""음식·맛집"",""score"":0.6}]",True,,,False,3340.0235
47,TEXT-047,split-without-description,split,False,1,냉동 만두를 바삭하게 굽는 방법,음식·맛집/047-냉동 만두를 바삭하게 굽는 방법.txt,FOOD_RESTAURANT,음식·맛집,FOOD_RESTAURANT,True,0.7,FOOD_RESTAURANT,FOOD_RESTAURANT,True,,0,1,True,True,EXACT_CORRECT,False,False,False,False,False,False,True,True,True,True,False,[],,"[{""categoryId"":""FOOD_RESTAURANT"",""categoryName"":""음식·맛집"",""score"":0.9},{""categoryId"":""LIFE_TASK"",""categoryName"":""생활·할 일"",""score"":0.6}]","[{""categoryId"":""FOOD_RESTAURANT"",""categoryName"":""음식·맛집"",""score"":0.9},{""categoryId"":""LIFE_TASK"",""categoryName"":""생활·할 일"",""score"":0.6}]",True,,,False,3180.0771
48,TEXT-048,split-without-description,split,False,1,제주 고기국수 후보,음식·맛집/048-제주 고기국수 후보.txt,FOOD_RESTAURANT,음식·맛집,FOOD_RESTAURANT,True,0.7,FOOD_RESTAURANT,FOOD_RESTAURANT,True,,0,1,True,True,EXACT_CORRECT,False,False,False,False,False,False,True,True,True,True,False,[],,"[{""categoryId"":""FOOD_RESTAURANT"",""categoryName"":""음식·맛집"",""score"":1.0}]","[{""categoryId"":""FOOD_RESTAURANT"",""categoryName"":""음식·맛집"",""score"":1.0}]",True,,,False,2185.5646
7,TEXT-007,split-without-description,split,False,1,텍스트-2026.07.20-1010,취업·커리어/007-텍스트-2026.07.20-1010.txt,CAREER,취업·커리어,LEARNING_KNOWLEDGE,False,0.7,LEARNING_KNOWLEDGE,LEARNING_KNOWLEDGE,False,LEARNING_KNOWLEDGE,1,1,False,False,WRONG_MISSING_GOLD,False,True,False,False,False,False,False,False,False,False,False,[],MISSING_GOLD_CATEGORY,"[{""categoryId"":""LEARNING_KNOWLEDGE"",""categoryName"":""학습·지식"",""score"":1.0}]","[{""categoryId"":""LEARNING_KNOWLEDGE"",""categoryName"":""학습·지식"",""score"":1.0}]",True,,,False,2091.8442
8,TEXT-008,split-without-description,split,False,1,공기업 채용 공고 확인,취업·커리어/008-공기업 채용 공고 확인.txt,CAREER,취업·커리어,CAREER,True,0.7,CAREER|LEARNING_KNOWLEDGE,CAREER|LEARNING_KNOWLEDGE,True,LEARNING_KNOWLEDGE,1,2,False,True,RELAXED_CORRECT,False,False,False,False,False,False,True,True,False,True,False,[],,"[{""categoryId"":""CAREER"",""categoryName"":""취업·커리어"",""score"":0.95},{""categoryId"":""LEARNING_KNOWLEDGE"",""categoryName"":""학습·지식"",""score"":0.75}]","[{""categoryId"":""CAREER"",""categoryName"":""취업·커리어"",""score"":0.95},{""categoryId"":""LEARNING_KNOWLEDGE"",""categoryName"":""학습·지식"",""score"":0.75}]",True,,,False,3352.1607
34,TEXT-034,split-without-description,split,False,1,백엔드 개발자 채용 공고 확인,취업·커리어/034-백엔드 개발자 채용 공고 확인.txt,CAREER,취업·커리어,CAREER,True,0.7,CAREER,CAREER,True,,0,1,True,True,EXACT_CORRECT,False,False,False,False,False,False,True,True,True,True,False,[],,"[{""categoryId"":""CAREER"",""categoryName"":""취업·커리어"",""score"":1.0}]","[{""categoryId"":""CAREER"",""categoryName"":""취업·커리어"",""score"":1.0}]",True,,,False,2139.0475
35,TEXT-035,split-without-description,split,False,1,텍스트-2026-07-05,취업·커리어/035-텍스트-2026-07-05.txt,CAREER,취업·커리어,CAREER,True,0.7,CAREER,CAREER,True,,0,1,True,True,EXACT_CORRECT,False,False,False,False,False,False,True,True,True,True,False,[],,"[{""categoryId"":""CAREER"",""categoryName"":""취업·커리어"",""score"":1.0}]","[{""categoryId"":""CAREER"",""categoryName"":""취업·커리어"",""score"":1.0}]",True,,,False,2098.6151
36,TEXT-036,split-without-description,split,False,1,자기소개서 수정할 부분,취업·커리어/036-자기소개서 수정할 부분.txt,CAREER,취업·커리어,LEARNING_KNOWLEDGE,False,0.7,LEARNING_KNOWLEDGE,LEARNING_KNOWLEDGE,False,LEARNING_KNOWLEDGE,1,1,False,False,WRONG_MISSING_GOLD,False,True,False,False,False,False,False,False,False,False,False,[],MISSING_GOLD_CATEGORY,"[{""categoryId"":""LEARNING_KNOWLEDGE"",""categoryName"":""학습·지식"",""score"":1.0}]","[{""categoryId"":""LEARNING_KNOWLEDGE"",""categoryName"":""학습·지식"",""score"":1.0}]",True,,,False,2158.2965
37,TEXT-037,split-without-description,split,False,1,이직 전 확인할 조건,취업·커리어/037-이직 전 확인할 조건.txt,CAREER,취업·커리어,CAREER,True,0.7,CAREER,CAREER,True,,0,1,True,True,EXACT_CORRECT,False,False,False,False,False,False,True,True,True,True,False,[],,"[{""categoryId"":""CAREER"",""categoryName"":""취업·커리어"",""score"":1.0}]","[{""categoryId"":""CAREER"",""categoryName"":""취업·커리어"",""score"":1.0}]",True,,,False,2158.3307
38,TEXT-038,split-without-description,split,False,1,포트폴리오 프로젝트 설명 방식,취업·커리어/038-포트폴리오 프로젝트 설명 방식.txt,CAREER,취업·커리어,CAREER,True,0.7,CAREER,CAREER,True,,0,1,True,True,EXACT_CORRECT,False,False,False,False,False,False,True,True,True,True,False,[],,"[{""categoryId"":""CAREER"",""categoryName"":""취업·커리어"",""score"":0.9}]","[{""categoryId"":""CAREER"",""categoryName"":""취업·커리어"",""score"":0.9}]",True,,,False,2089.2889
1,TEXT-001,split-without-description,split,False,1,텍스트-2026.07.20-0905,학습·지식/001-텍스트-2026.07.20-0905.txt,LEARNING_KNOWLEDGE,학습·지식,LEARNING_KNOWLEDGE,True,0.7,LEARNING_KNOWLEDGE,LEARNING_KNOWLEDGE,True,,0,1,True,True,EXACT_CORRECT,False,False,False,False,False,False,True,True,True,True,False,[],,"[{""categoryId"":""LEARNING_KNOWLEDGE"",""categoryName"":""학습·지식"",""score"":0.9},{""categoryId"":""SHOPPING_PRODUCT"",""categoryName"":""쇼핑·제품"",""score"":0.6}]","[{""categoryId"":""LEARNING_KNOWLEDGE"",""categoryName"":""학습·지식"",""score"":0.9},{""categoryId"":""SHOPPING_PRODUCT"",""categoryName"":""쇼핑·제품"",""score"":0.6}]",True,,,False,3199.6655
2,TEXT-002,split-without-description,split,False,1,JWT 재발급 구조 정리,학습·지식/002-JWT 재발급 구조 정리.txt,LEARNING_KNOWLEDGE,학습·지식,LEARNING_KNOWLEDGE,True,0.7,LEARNING_KNOWLEDGE,LEARNING_KNOWLEDGE,True,,0,1,True,True,EXACT_CORRECT,False,False,False,False,False,False,True,True,True,True,False,[],,"[{""categoryId"":""LEARNING_KNOWLEDGE"",""categoryName"":""학습·지식"",""score"":0.9},{""categoryId"":""CAREER"",""categoryName"":""취업·커리어"",""score"":0.6}]","[{""categoryId"":""LEARNING_KNOWLEDGE"",""categoryName"":""학습·지식"",""score"":0.9},{""categoryId"":""CAREER"",""categoryName"":""취업·커리어"",""score"":0.6}]",True,,,False,3397.0953
3,TEXT-003,split-without-description,split,False,1,텍스트-2026.07.20-0920,학습·지식/003-텍스트-2026.07.20-0920.txt,LEARNING_KNOWLEDGE,학습·지식,LEARNING_KNOWLEDGE,True,0.7,LEARNING_KNOWLEDGE,LEARNING_KNOWLEDGE,True,,0,1,True,True,EXACT_CORRECT,False,False,False,False,False,False,True,True,True,True,False,[],,"[{""categoryId"":""LEARNING_KNOWLEDGE"",""categoryName"":""학습·지식"",""score"":1.0}]","[{""categoryId"":""LEARNING_KNOWLEDGE"",""categoryName"":""학습·지식"",""score"":1.0}]",True,,,False,2119.3176
4,TEXT-004,split-without-description,split,False,1,SQLD 시험 공부 계획,학습·지식/004-SQLD 시험 공부 계획.txt,LEARNING_KNOWLEDGE,학습·지식,LEARNING_KNOWLEDGE,True,0.7,LEARNING_KNOWLEDGE,LEARNING_KNOWLEDGE,True,,0,1,True,True,EXACT_CORRECT,False,False,False,False,False,False,True,True,True,True,False,[],,"[{""categoryId"":""LEARNING_KNOWLEDGE"",""categoryName"":""학습·지식"",""score"":1.0}]","[{""categoryId"":""LEARNING_KNOWLEDGE"",""categoryName"":""학습·지식"",""score"":1.0}]",True,,,False,2176.2868
29,TEXT-029,split-without-description,split,False,1,Redis 큐에서 작업이 중복될 수 있는 이유,학습·지식/029-Redis 큐에서 작업이 중복될 수 있는 이유.txt,LEARNING_KNOWLEDGE,학습·지식,LEARNING_KNOWLEDGE,True,0.7,LEARNING_KNOWLEDGE,LEARNING_KNOWLEDGE,True,,0,1,True,True,EXACT_CORRECT,False,False,False,False,False,False,True,True,True,True,False,[],,"[{""categoryId"":""LEARNING_KNOWLEDGE"",""categoryName"":""학습·지식"",""score"":0.8},{""categoryId"":""CAREER"",""categoryName"":""취업·커리어"",""score"":0.6}]","[{""categoryId"":""LEARNING_KNOWLEDGE"",""categoryName"":""학습·지식"",""score"":0.8},{""categoryId"":""CAREER"",""categoryName"":""취업·커리어"",""score"":0.6}]",True,,,False,3349.5272
30,TEXT-030,split-without-description,split,False,1,텍스트-2026-07-03,학습·지식/030-텍스트-2026-07-03.txt,LEARNING_KNOWLEDGE,학습·지식,LEARNING_KNOWLEDGE,True,0.7,LEARNING_KNOWLEDGE,LEARNING_KNOWLEDGE,True,,0,1,True,True,EXACT_CORRECT,False,False,False,False,False,False,True,True,True,True,False,[],,"[{""categoryId"":""LEARNING_KNOWLEDGE"",""categoryName"":""학습·지식"",""score"":1.0}]","[{""categoryId"":""LEARNING_KNOWLEDGE"",""categoryName"":""학습·지식"",""score"":1.0}]",True,,,False,2139.3783
31,TEXT-031,split-without-description,split,False,1,사진 촬영에서 조리개의 역할,학습·지식/031-사진 촬영에서 조리개의 역할.txt,LEARNING_KNOWLEDGE,학습·지식,LEARNING_KNOWLEDGE,True,0.7,LEARNING_KNOWLEDGE,LEARNING_KNOWLEDGE,True,,0,1,True,True,EXACT_CORRECT,False,False,False,False,False,False,True,True,True,True,False,[],,"[{""categoryId"":""LEARNING_KNOWLEDGE"",""categoryName"":""학습·지식"",""score"":0.9},{""categoryId"":""CAREER"",""categoryName"":""취업·커리어"",""score"":0.1}]","[{""categoryId"":""LEARNING_KNOWLEDGE"",""categoryName"":""학습·지식"",""score"":0.9},{""categoryId"":""CAREER"",""categoryName"":""취업·커리어"",""score"":0.1}]",True,,,False,3513.1013
32,TEXT-032,split-without-description,split,False,1,전세와 월세의 차이 정리,학습·지식/032-전세와 월세의 차이 정리.txt,LEARNING_KNOWLEDGE,학습·지식,LEARNING_KNOWLEDGE,True,0.7,LEARNING_KNOWLEDGE,LEARNING_KNOWLEDGE,True,,0,1,True,True,EXACT_CORRECT,False,False,False,False,False,False,True,True,True,True,False,[],,"[{""categoryId"":""LEARNING_KNOWLEDGE"",""categoryName"":""학습·지식"",""score"":1.0}]","[{""categoryId"":""LEARNING_KNOWLEDGE"",""categoryName"":""학습·지식"",""score"":1.0}]",True,,,False,2277.8551
33,TEXT-033,split-without-description,split,False,1,좋은 발표 자료의 정보 구조,학습·지식/033-좋은 발표 자료의 정보 구조.txt,LEARNING_KNOWLEDGE,학습·지식,LEARNING_KNOWLEDGE,True,0.7,LEARNING_KNOWLEDGE,LEARNING_KNOWLEDGE,True,,0,1,True,True,EXACT_CORRECT,False,False,False,False,False,False,True,True,True,True,False,[],,"[{""categoryId"":""LEARNING_KNOWLEDGE"",""categoryName"":""학습·지식"",""score"":1.0}]","[{""categoryId"":""LEARNING_KNOWLEDGE"",""categoryName"":""학습·지식"",""score"":1.0}]",True,,,False,2286.7647
17,TEXT-017,split-without-description,split,False,1,텍스트-2026.07.20-1220,건강·운동/017-텍스트-2026.07.20-1220.txt,HEALTH_EXERCISE,건강·운동,HEALTH_EXERCISE,True,0.8,HEALTH_EXERCISE,HEALTH_EXERCISE,True,,0,1,True,True,EXACT_CORRECT,False,False,False,False,False,False,True,True,True,True,False,[],,"[{""categoryId"":""HEALTH_EXERCISE"",""categoryName"":""건강·운동"",""score"":1.0}]","[{""categoryId"":""HEALTH_EXERCISE"",""categoryName"":""건강·운동"",""score"":1.0}]",True,,,False,8569.0897
18,TEXT-018,split-without-description,split,False,1,주 3회 운동 계획,건강·운동/018-주 3회 운동 계획.txt,HEALTH_EXERCISE,건강·운동,HEALTH_EXERCISE,True,0.8,HEALTH_EXERCISE,HEALTH_EXERCISE,True,,0,1,True,True,EXACT_CORRECT,False,False,False,False,False,False,True,True,True,True,False,[],,"[{""categoryId"":""HEALTH_EXERCISE"",""categoryName"":""건강·운동"",""score"":1.0}]","[{""categoryId"":""HEALTH_EXERCISE"",""categoryName"":""건강·운동"",""score"":1.0}]",True,,,False,1971.3876
54,TEXT-054,split-without-description,split,False,1,허리 부담을 줄이는 스쿼트 자세,건강·운동/054-허리 부담을 줄이는 스쿼트 자세.txt,HEALTH_EXERCISE,건강·운동,HEALTH_EXERCISE,True,0.8,HEALTH_EXERCISE,HEALTH_EXERCISE,True,,0,1,True,True,EXACT_CORRECT,False,False,False,False,False,False,True,True,True,True,False,[],,"[{""categoryId"":""HEALTH_EXERCISE"",""categoryName"":""건강·운동"",""score"":1.0}]","[{""categoryId"":""HEALTH_EXERCISE"",""categoryName"":""건강·운동"",""score"":1.0}]",True,,,False,2111.8798
55,TEXT-055,split-without-description,split,False,1,텍스트-2026-07-13,건강·운동/055-텍스트-2026-07-13.txt,HEALTH_EXERCISE,건강·운동,HEALTH_EXERCISE,True,0.8,HEALTH_EXERCISE,HEALTH_EXERCISE,True,,0,1,True,True,EXACT_CORRECT,False,False,False,False,False,False,True,True,True,True,False,[],,"[{""categoryId"":""HEALTH_EXERCISE"",""categoryName"":""건강·운동"",""score"":0.8}]","[{""categoryId"":""HEALTH_EXERCISE"",""categoryName"":""건강·운동"",""score"":0.8}]",True,,,False,2042.6972
56,TEXT-056,split-without-description,split,False,1,러닝 초보자 주간 계획,건강·운동/056-러닝 초보자 주간 계획.txt,HEALTH_EXERCISE,건강·운동,HEALTH_EXERCISE,True,0.8,HEALTH_EXERCISE,HEALTH_EXERCISE,True,,0,1,True,True,EXACT_CORRECT,False,False,False,False,False,False,True,True,True,True,False,[],,"[{""categoryId"":""HEALTH_EXERCISE"",""categoryName"":""건강·운동"",""score"":1.0}]","[{""categoryId"":""HEALTH_EXERCISE"",""categoryName"":""건강·운동"",""score"":1.0}]",True,,,False,2105.6702
57,TEXT-057,split-without-description,split,False,1,장시간 앉아 있을 때 스트레칭,건강·운동/057-장시간 앉아 있을 때 스트레칭.txt,HEALTH_EXERCISE,건강·운동,HEALTH_EXERCISE,True,0.8,HEALTH_EXERCISE,HEALTH_EXERCISE,True,,0,1,True,True,EXACT_CORRECT,False,False,False,False,False,False,True,True,True,True,False,[],,"[{""categoryId"":""HEALTH_EXERCISE"",""categoryName"":""건강·운동"",""score"":1.0}]","[{""categoryId"":""HEALTH_EXERCISE"",""categoryName"":""건강·운동"",""score"":1.0}]",True,,,False,2146.2376
58,TEXT-058,split-without-description,split,False,1,운동 후 식사 구성,건강·운동/058-운동 후 식사 구성.txt,HEALTH_EXERCISE,건강·운동,HEALTH_EXERCISE,True,0.8,HEALTH_EXERCISE,HEALTH_EXERCISE,True,,0,1,True,True,EXACT_CORRECT,False,False,False,False,False,False,True,True,True,True,False,[],,"[{""categoryId"":""HEALTH_EXERCISE"",""categoryName"":""건강·운동"",""score"":0.8},{""categoryId"":""FOOD_RESTAURANT"",""categoryName"":""음식·맛집"",""score"":0.6}]","[{""categoryId"":""HEALTH_EXERCISE"",""categoryName"":""건강·운동"",""score"":0.8},{""categoryId"":""FOOD_RESTAURANT"",""categoryName"":""음식·맛집"",""score"":0.6}]",True,,,False,3478.7395
21,TEXT-021,split-without-description,split,False,1,텍스트-2026.07.20-1310,기타/021-텍스트-2026.07.20-1310.txt,OTHER,기타,IDEA_INSPIRATION,False,0.8,IDEA_INSPIRATION,IDEA_INSPIRATION,False,IDEA_INSPIRATION,1,1,False,False,WRONG_MISSING_GOLD,False,True,False,False,False,False,False,False,False,False,False,[],MISSING_GOLD_CATEGORY,"[{""categoryId"":""IDEA_INSPIRATION"",""categoryName"":""아이디어·영감"",""score"":0.8},{""categoryId"":""LEARNING_KNOWLEDGE"",""categoryName"":""학습·지식"",""score"":0.6}]","[{""categoryId"":""IDEA_INSPIRATION"",""categoryName"":""아이디어·영감"",""score"":0.8},{""categoryId"":""LEARNING_KNOWLEDGE"",""categoryName"":""학습·지식"",""score"":0.6}]",True,,,False,3536.4823
22,TEXT-022,split-without-description,split,False,1,텍스트-2026.07.20-1325,기타/022-텍스트-2026.07.20-1325.txt,OTHER,기타,IDEA_INSPIRATION,False,0.8,IDEA_INSPIRATION,IDEA_INSPIRATION,False,IDEA_INSPIRATION,1,1,False,False,WRONG_MISSING_GOLD,False,True,False,False,False,False,False,False,False,False,False,[],MISSING_GOLD_CATEGORY,"[{""categoryId"":""IDEA_INSPIRATION"",""categoryName"":""아이디어·영감"",""score"":0.8},{""categoryId"":""LEARNING_KNOWLEDGE"",""categoryName"":""학습·지식"",""score"":0.6}]","[{""categoryId"":""IDEA_INSPIRATION"",""categoryName"":""아이디어·영감"",""score"":0.8},{""categoryId"":""LEARNING_KNOWLEDGE"",""categoryName"":""학습·지식"",""score"":0.6}]",True,,,False,3634.2076
74,TEXT-074,split-without-description,split,False,1,텍스트-2026-07-21,기타/074-텍스트-2026-07-21.txt,OTHER,기타,,False,0.8,,OTHER,False,,0,0,False,False,EMPTY_PREDICTION,False,True,False,True,False,False,False,True,True,True,False,[],MISSING_GOLD_CATEGORY|EMPTY_PREDICTION|FALLBACK_USED,[],[],True,,,False,1023.7943
75,TEXT-075,split-without-description,split,False,1,확인할 문자열,기타/075-확인할 문자열.txt,OTHER,기타,,False,0.8,,OTHER,False,,0,0,False,False,EMPTY_PREDICTION,False,True,False,True,False,False,False,True,True,True,False,[],MISSING_GOLD_CATEGORY|EMPTY_PREDICTION|FALLBACK_USED,[],[],True,,,False,923.1272
76,TEXT-076,split-without-description,split,False,1,텍스트-2026-07-22,기타/076-텍스트-2026-07-22.txt,OTHER,기타,,False,0.8,,OTHER,False,,0,0,False,False,EMPTY_PREDICTION,False,True,False,True,False,False,False,True,True,True,False,[],MISSING_GOLD_CATEGORY|EMPTY_PREDICTION|FALLBACK_USED,[],[],True,,,False,900.2406
77,TEXT-077,split-without-description,split,False,1,내용을 확인할 수 없는 링크,기타/077-내용을 확인할 수 없는 링크.txt,OTHER,기타,,False,0.8,,OTHER,False,,0,0,False,False,EMPTY_PREDICTION,False,True,False,True,False,False,False,True,True,True,False,[],MISSING_GOLD_CATEGORY|EMPTY_PREDICTION|FALLBACK_USED,[],[],True,,,False,960.6076
78,TEXT-078,split-without-description,split,False,1,이미지 추출 실패,기타/078-이미지 추출 실패.txt,OTHER,기타,,False,0.8,,OTHER,False,,0,0,False,False,EMPTY_PREDICTION,False,True,False,True,False,False,False,True,True,True,False,[],MISSING_GOLD_CATEGORY|EMPTY_PREDICTION|FALLBACK_USED,[],[],True,,,False,927.0928
64,TEXT-064,split-without-description,split,False,1,월급 통장 나누는 방법,돈·재테크/064-월급 통장 나누는 방법.txt,MONEY_FINANCE,돈·재테크,MONEY_FINANCE,True,0.8,MONEY_FINANCE,MONEY_FINANCE,True,,0,1,True,True,EXACT_CORRECT,False,False,False,False,False,False,True,True,True,True,False,[],,"[{""categoryId"":""MONEY_FINANCE"",""categoryName"":""돈·재테크"",""score"":1.0}]","[{""categoryId"":""MONEY_FINANCE"",""categoryName"":""돈·재테크"",""score"":1.0}]",True,,,False,2098.7316
65,TEXT-065,split-without-description,split,False,1,텍스트-2026-07-17,돈·재테크/065-텍스트-2026-07-17.txt,MONEY_FINANCE,돈·재테크,MONEY_FINANCE,True,0.8,MONEY_FINANCE,MONEY_FINANCE,True,,0,1,True,True,EXACT_CORRECT,False,False,False,False,False,False,True,True,True,True,False,[],,"[{""categoryId"":""MONEY_FINANCE"",""categoryName"":""돈·재테크"",""score"":0.8},{""categoryId"":""LEARNING_KNOWLEDGE"",""categoryName"":""학습·지식"",""score"":0.6}]","[{""categoryId"":""MONEY_FINANCE"",""categoryName"":""돈·재테크"",""score"":0.8},{""categoryId"":""LEARNING_KNOWLEDGE"",""categoryName"":""학습·지식"",""score"":0.6}]",True,,,False,3411.276
66,TEXT-066,split-without-description,split,False,1,카드 혜택 비교,돈·재테크/066-카드 혜택 비교.txt,MONEY_FINANCE,돈·재테크,MONEY_FINANCE,True,0.8,MONEY_FINANCE,MONEY_FINANCE,True,,0,1,True,True,EXACT_CORRECT,False,False,False,False,False,False,True,True,True,True,False,[],,"[{""categoryId"":""MONEY_FINANCE"",""categoryName"":""돈·재테크"",""score"":0.8},{""categoryId"":""LIFE_TASK"",""categoryName"":""생활·할 일"",""score"":0.6}]","[{""categoryId"":""MONEY_FINANCE"",""categoryName"":""돈·재테크"",""score"":0.8},{""categoryId"":""LIFE_TASK"",""categoryName"":""생활·할 일"",""score"":0.6}]",True,,,False,3167.7617
67,TEXT-067,split-without-description,split,False,1,비상금 규모 정하기,돈·재테크/067-비상금 규모 정하기.txt,MONEY_FINANCE,돈·재테크,MONEY_FINANCE,True,0.8,MONEY_FINANCE,MONEY_FINANCE,True,,0,1,True,True,EXACT_CORRECT,False,False,False,False,False,False,True,True,True,True,False,[],,"[{""categoryId"":""MONEY_FINANCE"",""categoryName"":""돈·재테크"",""score"":1.0}]","[{""categoryId"":""MONEY_FINANCE"",""categoryName"":""돈·재테크"",""score"":1.0}]",True,,,False,2061.5863
68,TEXT-068,split-without-description,split,False,1,보험 가입 전에 확인할 내용,돈·재테크/068-보험 가입 전에 확인할 내용.txt,MONEY_FINANCE,돈·재테크,LEARNING_KNOWLEDGE,False,0.8,LEARNING_KNOWLEDGE,LEARNING_KNOWLEDGE,False,LEARNING_KNOWLEDGE,1,1,False,False,WRONG_MISSING_GOLD,False,True,False,False,False,False,False,False,False,False,False,[],MISSING_GOLD_CATEGORY,"[{""categoryId"":""LEARNING_KNOWLEDGE"",""categoryName"":""학습·지식"",""score"":0.9},{""categoryId"":""CAREER"",""categoryName"":""취업·커리어"",""score"":0.6}]","[{""categoryId"":""LEARNING_KNOWLEDGE"",""categoryName"":""학습·지식"",""score"":0.9},{""categoryId"":""CAREER"",""categoryName"":""취업·커리어"",""score"":0.6}]",True,,,False,3182.5687
19,TEXT-019,split-without-description,split,False,1,텍스트-2026.07.20-1245,문화·콘텐츠/019-텍스트-2026.07.20-1245.txt,CULTURE_CONTENT,문화·콘텐츠,CULTURE_CONTENT,True,0.8,CULTURE_CONTENT,CULTURE_CONTENT,True,,0,1,True,True,EXACT_CORRECT,False,False,False,False,False,False,True,True,True,True,False,[],,"[{""categoryId"":""CULTURE_CONTENT"",""categoryName"":""문화·콘텐츠"",""score"":0.8},{""categoryId"":""LEARNING_KNOWLEDGE"",""categoryName"":""학습·지식"",""score"":0.6}]","[{""categoryId"":""CULTURE_CONTENT"",""categoryName"":""문화·콘텐츠"",""score"":0.8},{""categoryId"":""LEARNING_KNOWLEDGE"",""categoryName"":""학습·지식"",""score"":0.6}]",True,,,False,3424.9987
20,TEXT-020,split-without-description,split,False,1,읽어볼 개발 에세이,문화·콘텐츠/020-읽어볼 개발 에세이.txt,CULTURE_CONTENT,문화·콘텐츠,LEARNING_KNOWLEDGE,False,0.8,LEARNING_KNOWLEDGE,LEARNING_KNOWLEDGE,False,LEARNING_KNOWLEDGE,1,1,False,False,WRONG_MISSING_GOLD,False,True,False,False,False,False,False,False,False,False,False,[],MISSING_GOLD_CATEGORY,"[{""categoryId"":""LEARNING_KNOWLEDGE"",""categoryName"":""학습·지식"",""score"":0.8},{""categoryId"":""CAREER"",""categoryName"":""취업·커리어"",""score"":0.7}]","[{""categoryId"":""LEARNING_KNOWLEDGE"",""categoryName"":""학습·지식"",""score"":0.8},{""categoryId"":""CAREER"",""categoryName"":""취업·커리어"",""score"":0.7}]",True,,,False,3326.046
59,TEXT-059,split-without-description,split,False,1,주말에 볼 영화 후보,문화·콘텐츠/059-주말에 볼 영화 후보.txt,CULTURE_CONTENT,문화·콘텐츠,CULTURE_CONTENT,True,0.8,CULTURE_CONTENT,CULTURE_CONTENT,True,,0,1,True,True,EXACT_CORRECT,False,False,False,False,False,False,True,True,True,True,False,[],,"[{""categoryId"":""CULTURE_CONTENT"",""categoryName"":""문화·콘텐츠"",""score"":0.8},{""categoryId"":""IDEA_INSPIRATION"",""categoryName"":""아이디어·영감"",""score"":0.6}]","[{""categoryId"":""CULTURE_CONTENT"",""categoryName"":""문화·콘텐츠"",""score"":0.8},{""categoryId"":""IDEA_INSPIRATION"",""categoryName"":""아이디어·영감"",""score"":0.6}]",True,,,False,3430.6934
60,TEXT-060,split-without-description,split,False,1,텍스트-2026-07-15,문화·콘텐츠/060-텍스트-2026-07-15.txt,CULTURE_CONTENT,문화·콘텐츠,LEARNING_KNOWLEDGE,False,0.8,LEARNING_KNOWLEDGE,LEARNING_KNOWLEDGE,False,LEARNING_KNOWLEDGE,1,1,False,False,WRONG_MISSING_GOLD,False,True,False,False,False,False,False,False,False,False,False,[],MISSING_GOLD_CATEGORY,"[{""categoryId"":""LEARNING_KNOWLEDGE"",""categoryName"":""학습·지식"",""score"":1.0}]","[{""categoryId"":""LEARNING_KNOWLEDGE"",""categoryName"":""학습·지식"",""score"":1.0}]",True,,,False,2074.1242
61,TEXT-061,split-without-description,split,False,1,서울 사진전 정보,문화·콘텐츠/061-서울 사진전 정보.txt,CULTURE_CONTENT,문화·콘텐츠,CULTURE_CONTENT,True,0.8,CULTURE_CONTENT,CULTURE_CONTENT,True,,0,1,True,True,EXACT_CORRECT,False,False,False,False,False,False,True,True,True,True,False,[],,"[{""categoryId"":""CULTURE_CONTENT"",""categoryName"":""문화·콘텐츠"",""score"":0.8},{""categoryId"":""TRAVEL_PLACE"",""categoryName"":""여행·장소"",""score"":0.6}]","[{""categoryId"":""CULTURE_CONTENT"",""categoryName"":""문화·콘텐츠"",""score"":0.8},{""categoryId"":""TRAVEL_PLACE"",""categoryName"":""여행·장소"",""score"":0.6}]",True,,,False,3245.5492
62,TEXT-062,split-without-description,split,False,1,출근할 때 들을 음악,문화·콘텐츠/062-출근할 때 들을 음악.txt,CULTURE_CONTENT,문화·콘텐츠,LIFE_TASK,False,0.8,LIFE_TASK,LIFE_TASK,False,LIFE_TASK,1,1,False,False,WRONG_MISSING_GOLD,False,True,True,False,False,False,True,False,False,False,False,[],THRESHOLD_MISS,"[{""categoryId"":""FOOD_RESTAURANT"",""categoryName"":""음식·맛집"",""score"":0.0},{""categoryId"":""LIFE_TASK"",""categoryName"":""생활·할 일"",""score"":0.8},{""categoryId"":""CULTURE_CONTENT"",""categoryName"":""문화·콘텐츠"",""score"":0.2}]","[{""categoryId"":""LIFE_TASK"",""categoryName"":""생활·할 일"",""score"":0.8},{""categoryId"":""CULTURE_CONTENT"",""categoryName"":""문화·콘텐츠"",""score"":0.2},{""categoryId"":""FOOD_RESTAURANT"",""categoryName"":""음식·맛집"",""score"":0.0}]",True,,,False,4292.7377
63,TEXT-063,split-without-description,split,False,1,웹툰 추천 목록,문화·콘텐츠/063-웹툰 추천 목록.txt,CULTURE_CONTENT,문화·콘텐츠,LEARNING_KNOWLEDGE,False,0.8,LEARNING_KNOWLEDGE,LEARNING_KNOWLEDGE,False,LEARNING_KNOWLEDGE,1,1,False,False,WRONG_MISSING_GOLD,False,True,True,False,False,False,True,False,False,False,False,[],THRESHOLD_MISS,"[{""categoryId"":""LEARNING_KNOWLEDGE"",""categoryName"":""학습·지식"",""score"":0.8},{""categoryId"":""CULTURE_CONTENT"",""categoryName"":""문화·콘텐츠"",""score"":0.7}]","[{""categoryId"":""LEARNING_KNOWLEDGE"",""categoryName"":""학습·지식"",""score"":0.8},{""categoryId"":""CULTURE_CONTENT"",""categoryName"":""문화·콘텐츠"",""score"":0.7}]",True,,,False,3312.4419
6,TEXT-006,split-without-description,split,False,1,1주차 백로그 정리,생활·할 일/006-1주차 백로그 정리.txt,LIFE_TASK,생활·할 일,LEARNING_KNOWLEDGE,False,0.8,LEARNING_KNOWLEDGE,LEARNING_KNOWLEDGE,False,LEARNING_KNOWLEDGE,1,1,False,False,WRONG_MISSING_GOLD,False,True,False,False,False,False,False,False,False,False,False,[],MISSING_GOLD_CATEGORY,"[{""categoryId"":""LEARNING_KNOWLEDGE"",""categoryName"":""학습·지식"",""score"":0.8},{""categoryId"":""CAREER"",""categoryName"":""취업·커리어"",""score"":0.6}]","[{""categoryId"":""LEARNING_KNOWLEDGE"",""categoryName"":""학습·지식"",""score"":0.8},{""categoryId"":""CAREER"",""categoryName"":""취업·커리어"",""score"":0.6}]",True,,,False,3338.0444
9,TEXT-009,split-without-description,split,False,1,텍스트-2026.07.20-1035,생활·할 일/009-텍스트-2026.07.20-1035.txt,LIFE_TASK,생활·할 일,LIFE_TASK,True,0.8,LIFE_TASK,LIFE_TASK,True,,0,1,True,True,EXACT_CORRECT,False,False,False,False,False,False,True,True,True,True,False,[],,"[{""categoryId"":""LIFE_TASK"",""categoryName"":""생활·할 일"",""score"":1.0}]","[{""categoryId"":""LIFE_TASK"",""categoryName"":""생활·할 일"",""score"":1.0}]",True,,,False,2066.6236
10,TEXT-010,split-without-description,split,False,1,주말 방 정리 계획,생활·할 일/010-주말 방 정리 계획.txt,LIFE_TASK,생활·할 일,LIFE_TASK,True,0.8,LIFE_TASK,LIFE_TASK,True,,0,1,True,True,EXACT_CORRECT,False,False,False,False,False,False,True,True,True,True,False,[],,"[{""categoryId"":""LIFE_TASK"",""categoryName"":""생활·할 일"",""score"":1.0}]","[{""categoryId"":""LIFE_TASK"",""categoryName"":""생활·할 일"",""score"":1.0}]",True,,,False,1945.6438
24,TEXT-024,split-without-description,split,False,1,이사 전날 확인할 목록,생활·할 일/024-이사 전날 확인할 목록.txt,LIFE_TASK,생활·할 일,LIFE_TASK,True,0.8,LIFE_TASK,LIFE_TASK,True,,0,1,True,True,EXACT_CORRECT,False,False,False,False,False,False,True,True,True,True,False,[],,"[{""categoryId"":""LIFE_TASK"",""categoryName"":""생활·할 일"",""score"":1.0}]","[{""categoryId"":""LIFE_TASK"",""categoryName"":""생활·할 일"",""score"":1.0}]",True,,,False,2073.047
25,TEXT-025,split-without-description,split,False,1,텍스트-2026-07-01,생활·할 일/025-텍스트-2026-07-01.txt,LIFE_TASK,생활·할 일,LIFE_TASK,True,0.8,LIFE_TASK,LIFE_TASK,True,,0,1,True,True,EXACT_CORRECT,False,False,False,False,False,False,True,True,True,True,False,[],,"[{""categoryId"":""LIFE_TASK"",""categoryName"":""생활·할 일"",""score"":1.0}]","[{""categoryId"":""LIFE_TASK"",""categoryName"":""생활·할 일"",""score"":1.0}]",True,,,False,1965.1902
26,TEXT-026,split-without-description,split,False,1,장마철 빨래 냄새 줄이는 방법,생활·할 일/026-장마철 빨래 냄새 줄이는 방법.txt,LIFE_TASK,생활·할 일,LIFE_TASK,True,0.8,LIFE_TASK,LIFE_TASK,True,,0,1,True,True,EXACT_CORRECT,False,False,False,False,False,False,True,True,True,True,False,[],,"[{""categoryId"":""LIFE_TASK"",""categoryName"":""생활·할 일"",""score"":1.0}]","[{""categoryId"":""LIFE_TASK"",""categoryName"":""생활·할 일"",""score"":1.0}]",True,,,False,1977.8852
27,TEXT-027,split-without-description,split,False,1,다음 주 일정 메모,생활·할 일/027-다음 주 일정 메모.txt,LIFE_TASK,생활·할 일,LIFE_TASK,True,0.8,LIFE_TASK,LIFE_TASK,True,,0,1,True,True,EXACT_CORRECT,False,False,False,False,False,False,True,True,True,True,False,[],,"[{""categoryId"":""LIFE_TASK"",""categoryName"":""생활·할 일"",""score"":1.0}]","[{""categoryId"":""LIFE_TASK"",""categoryName"":""생활·할 일"",""score"":1.0}]",True,,,False,1958.8469
28,TEXT-028,split-without-description,split,False,1,공과금 자동이체 변경 순서,생활·할 일/028-공과금 자동이체 변경 순서.txt,LIFE_TASK,생활·할 일,LIFE_TASK,True,0.8,LIFE_TASK,LIFE_TASK,True,,0,1,True,True,EXACT_CORRECT,False,False,False,False,False,False,True,True,True,True,False,[],,"[{""categoryId"":""LIFE_TASK"",""categoryName"":""생활·할 일"",""score"":1.0}]","[{""categoryId"":""LIFE_TASK"",""categoryName"":""생활·할 일"",""score"":1.0}]",True,,,False,1989.8781
23,TEXT-023,split-without-description,split,False,1,기숙사 준비물,생활·할 일/기숙사 준비물.txt,LIFE_TASK,생활·할 일,LIFE_TASK,True,0.8,LIFE_TASK,LIFE_TASK,True,,0,1,True,True,EXACT_CORRECT,False,False,False,False,False,False,True,True,True,True,False,[],,"[{""categoryId"":""LIFE_TASK"",""categoryName"":""생활·할 일"",""score"":1.0}]","[{""categoryId"":""LIFE_TASK"",""categoryName"":""생활·할 일"",""score"":1.0}]",True,,,False,2340.698
11,TEXT-011,split-without-description,split,False,1,텍스트-2026.07.20-1100,쇼핑·제품/011-텍스트-2026.07.20-1100.txt,SHOPPING_PRODUCT,쇼핑·제품,SHOPPING_PRODUCT,True,0.8,SHOPPING_PRODUCT,SHOPPING_PRODUCT,True,,0,1,True,True,EXACT_CORRECT,False,False,False,False,False,False,True,True,True,True,False,[],,"[{""categoryId"":""SHOPPING_PRODUCT"",""categoryName"":""쇼핑·제품"",""score"":0.9},{""categoryId"":""LEARNING_KNOWLEDGE"",""categoryName"":""학습·지식"",""score"":0.6}]","[{""categoryId"":""SHOPPING_PRODUCT"",""categoryName"":""쇼핑·제품"",""score"":0.9},{""categoryId"":""LEARNING_KNOWLEDGE"",""categoryName"":""학습·지식"",""score"":0.6}]",True,,,False,3324.9231
12,TEXT-012,split-without-description,split,False,1,무선 키보드 구매 후보,쇼핑·제품/012-무선 키보드 구매 후보.txt,SHOPPING_PRODUCT,쇼핑·제품,SHOPPING_PRODUCT,True,0.8,SHOPPING_PRODUCT,SHOPPING_PRODUCT,True,,0,1,True,True,EXACT_CORRECT,False,False,False,False,False,False,True,True,True,True,False,[],,"[{""categoryId"":""SHOPPING_PRODUCT"",""categoryName"":""쇼핑·제품"",""score"":0.9},{""categoryId"":""LEARNING_KNOWLEDGE"",""categoryName"":""학습·지식"",""score"":0.6}]","[{""categoryId"":""SHOPPING_PRODUCT"",""categoryName"":""쇼핑·제품"",""score"":0.9},{""categoryId"":""LEARNING_KNOWLEDGE"",""categoryName"":""학습·지식"",""score"":0.6}]",True,,,False,3316.6953
49,TEXT-049,split-without-description,split,False,1,무선 키보드 비교,쇼핑·제품/049-무선 키보드 비교.txt,SHOPPING_PRODUCT,쇼핑·제품,SHOPPING_PRODUCT,True,0.8,SHOPPING_PRODUCT,SHOPPING_PRODUCT,True,,0,1,True,True,EXACT_CORRECT,False,False,False,False,False,False,True,True,True,True,False,[],,"[{""categoryId"":""SHOPPING_PRODUCT"",""categoryName"":""쇼핑·제품"",""score"":1.0}]","[{""categoryId"":""SHOPPING_PRODUCT"",""categoryName"":""쇼핑·제품"",""score"":1.0}]",True,,,False,2201.1127
50,TEXT-050,split-without-description,split,False,1,텍스트-2026-07-11,쇼핑·제품/050-텍스트-2026-07-11.txt,SHOPPING_PRODUCT,쇼핑·제품,SHOPPING_PRODUCT,True,0.8,SHOPPING_PRODUCT,SHOPPING_PRODUCT,True,,0,1,True,True,EXACT_CORRECT,False,False,False,False,False,False,True,True,True,True,False,[],,"[{""categoryId"":""SHOPPING_PRODUCT"",""categoryName"":""쇼핑·제품"",""score"":0.8},{""categoryId"":""LEARNING_KNOWLEDGE"",""categoryName"":""학습·지식"",""score"":0.6}]","[{""categoryId"":""SHOPPING_PRODUCT"",""categoryName"":""쇼핑·제품"",""score"":0.8},{""categoryId"":""LEARNING_KNOWLEDGE"",""categoryName"":""학습·지식"",""score"":0.6}]",True,,,False,3343.6056
51,TEXT-051,split-without-description,split,False,1,로봇청소기 구매 후보,쇼핑·제품/051-로봇청소기 구매 후보.txt,SHOPPING_PRODUCT,쇼핑·제품,SHOPPING_PRODUCT,True,0.8,SHOPPING_PRODUCT,SHOPPING_PRODUCT,True,,0,1,True,True,EXACT_CORRECT,False,False,False,False,False,False,True,True,True,True,False,[],,"[{""categoryId"":""SHOPPING_PRODUCT"",""categoryName"":""쇼핑·제품"",""score"":0.8},{""categoryId"":""OTHER"",""categoryName"":""기타"",""score"":0.2}]","[{""categoryId"":""SHOPPING_PRODUCT"",""categoryName"":""쇼핑·제품"",""score"":0.8},{""categoryId"":""OTHER"",""categoryName"":""기타"",""score"":0.2}]",True,,,False,2968.5007
52,TEXT-052,split-without-description,split,False,1,여행용 보조배터리 확인 사항,쇼핑·제품/052-여행용 보조배터리 확인 사항.txt,SHOPPING_PRODUCT,쇼핑·제품,SHOPPING_PRODUCT,True,0.8,SHOPPING_PRODUCT,SHOPPING_PRODUCT,True,,0,1,True,True,EXACT_CORRECT,False,False,False,False,False,False,True,True,True,True,False,[],,"[{""categoryId"":""SHOPPING_PRODUCT"",""categoryName"":""쇼핑·제품"",""score"":0.8},{""categoryId"":""TRAVEL_PLACE"",""categoryName"":""여행·장소"",""score"":0.2}]","[{""categoryId"":""SHOPPING_PRODUCT"",""categoryName"":""쇼핑·제품"",""score"":0.8},{""categoryId"":""TRAVEL_PLACE"",""categoryName"":""여행·장소"",""score"":0.2}]",True,,,False,3284.5237
53,TEXT-053,split-without-description,split,False,1,부모님 선물용 마사지기 후기,쇼핑·제품/053-부모님 선물용 마사지기 후기.txt,SHOPPING_PRODUCT,쇼핑·제품,SHOPPING_PRODUCT,True,0.8,SHOPPING_PRODUCT,SHOPPING_PRODUCT,True,,0,1,True,True,EXACT_CORRECT,False,False,False,False,False,False,True,True,True,True,False,[],,"[{""categoryId"":""SHOPPING_PRODUCT"",""categoryName"":""쇼핑·제품"",""score"":0.8},{""categoryId"":""HEALTH_EXERCISE"",""categoryName"":""건강·운동"",""score"":0.6}]","[{""categoryId"":""SHOPPING_PRODUCT"",""categoryName"":""쇼핑·제품"",""score"":0.8},{""categoryId"":""HEALTH_EXERCISE"",""categoryName"":""건강·운동"",""score"":0.6}]",True,,,False,3209.7061
5,TEXT-005,split-without-description,split,False,1,텍스트-2026.07.20-0940,아이디어·영감/005-텍스트-2026.07.20-0940.txt,IDEA_INSPIRATION,아이디어·영감,LEARNING_KNOWLEDGE,False,0.8,LEARNING_KNOWLEDGE,LEARNING_KNOWLEDGE,False,LEARNING_KNOWLEDGE,1,1,False,False,WRONG_MISSING_GOLD,False,True,False,False,False,False,False,False,False,False,False,[],MISSING_GOLD_CATEGORY,"[{""categoryId"":""LEARNING_KNOWLEDGE"",""categoryName"":""학습·지식"",""score"":0.9},{""categoryId"":""CAREER"",""categoryName"":""취업·커리어"",""score"":0.6}]","[{""categoryId"":""LEARNING_KNOWLEDGE"",""categoryName"":""학습·지식"",""score"":0.9},{""categoryId"":""CAREER"",""categoryName"":""취업·커리어"",""score"":0.6}]",True,,,False,3239.008
69,TEXT-069,split-without-description,split,False,1,앱 첫 화면 디자인 참고,아이디어·영감/069-앱 첫 화면 디자인 참고.txt,IDEA_INSPIRATION,아이디어·영감,IDEA_INSPIRATION,True,0.8,IDEA_INSPIRATION,IDEA_INSPIRATION,True,,0,1,True,True,EXACT_CORRECT,False,False,False,False,False,False,True,True,True,True,False,[],,"[{""categoryId"":""IDEA_INSPIRATION"",""categoryName"":""아이디어·영감"",""score"":0.8},{""categoryId"":""CULTURE_CONTENT"",""categoryName"":""문화·콘텐츠"",""score"":0.6}]","[{""categoryId"":""IDEA_INSPIRATION"",""categoryName"":""아이디어·영감"",""score"":0.8},{""categoryId"":""CULTURE_CONTENT"",""categoryName"":""문화·콘텐츠"",""score"":0.6}]",True,,,False,3454.0536
70,TEXT-070,split-without-description,split,False,1,텍스트-2026-07-19,아이디어·영감/070-텍스트-2026-07-19.txt,IDEA_INSPIRATION,아이디어·영감,IDEA_INSPIRATION,True,0.8,IDEA_INSPIRATION,IDEA_INSPIRATION,True,,0,1,True,True,EXACT_CORRECT,False,False,False,False,False,False,True,True,True,True,False,[],,"[{""categoryId"":""IDEA_INSPIRATION"",""categoryName"":""아이디어·영감"",""score"":0.8}]","[{""categoryId"":""IDEA_INSPIRATION"",""categoryName"":""아이디어·영감"",""score"":0.8}]",True,,,False,2204.4684
71,TEXT-071,split-without-description,split,False,1,방 꾸미기 참고 이미지,아이디어·영감/071-방 꾸미기 참고 이미지.txt,IDEA_INSPIRATION,아이디어·영감,CULTURE_CONTENT,False,0.8,CULTURE_CONTENT,CULTURE_CONTENT,False,CULTURE_CONTENT,1,1,False,False,WRONG_MISSING_GOLD,False,True,False,False,False,False,False,False,False,False,False,[],MISSING_GOLD_CATEGORY,"[{""categoryId"":""CULTURE_CONTENT"",""categoryName"":""문화·콘텐츠"",""score"":0.8},{""categoryId"":""LIFE_TASK"",""categoryName"":""생활·할 일"",""score"":0.6}]","[{""categoryId"":""CULTURE_CONTENT"",""categoryName"":""문화·콘텐츠"",""score"":0.8},{""categoryId"":""LIFE_TASK"",""categoryName"":""생활·할 일"",""score"":0.6}]",True,,,False,3246.5773
72,TEXT-072,split-without-description,split,False,1,숏폼 콘텐츠 구성 방식,아이디어·영감/072-숏폼 콘텐츠 구성 방식.txt,IDEA_INSPIRATION,아이디어·영감,CULTURE_CONTENT,False,0.8,CULTURE_CONTENT,CULTURE_CONTENT,False,CULTURE_CONTENT,1,1,False,False,WRONG_MISSING_GOLD,False,True,True,False,False,False,True,False,False,False,False,[],THRESHOLD_MISS,"[{""categoryId"":""CULTURE_CONTENT"",""categoryName"":""문화·콘텐츠"",""score"":0.8},{""categoryId"":""IDEA_INSPIRATION"",""categoryName"":""아이디어·영감"",""score"":0.7}]","[{""categoryId"":""CULTURE_CONTENT"",""categoryName"":""문화·콘텐츠"",""score"":0.8},{""categoryId"":""IDEA_INSPIRATION"",""categoryName"":""아이디어·영감"",""score"":0.7}]",True,,,False,3400.8163
73,TEXT-073,split-without-description,split,False,1,사진 구도 참고,아이디어·영감/073-사진 구도 참고.txt,IDEA_INSPIRATION,아이디어·영감,CULTURE_CONTENT,False,0.8,CULTURE_CONTENT,CULTURE_CONTENT,False,CULTURE_CONTENT,1,1,False,False,WRONG_MISSING_GOLD,False,True,True,False,False,False,True,False,False,False,False,[],THRESHOLD_MISS,"[{""categoryId"":""CULTURE_CONTENT"",""categoryName"":""문화·콘텐츠"",""score"":0.8},{""categoryId"":""IDEA_INSPIRATION"",""categoryName"":""아이디어·영감"",""score"":0.7}]","[{""categoryId"":""CULTURE_CONTENT"",""categoryName"":""문화·콘텐츠"",""score"":0.8},{""categoryId"":""IDEA_INSPIRATION"",""categoryName"":""아이디어·영감"",""score"":0.7}]",True,,,False,3544.8386
15,TEXT-015,split-without-description,split,False,1,텍스트-2026.07.20-1150,여행·장소/015-텍스트-2026.07.20-1150.txt,TRAVEL_PLACE,여행·장소,TRAVEL_PLACE,True,0.8,TRAVEL_PLACE,TRAVEL_PLACE,True,,0,1,True,True,EXACT_CORRECT,False,False,False,False,False,False,True,True,True,True,False,[],,"[{""categoryId"":""TRAVEL_PLACE"",""categoryName"":""여행·장소"",""score"":0.9},{""categoryId"":""SHOPPING_PRODUCT"",""categoryName"":""쇼핑·제품"",""score"":0.6}]","[{""categoryId"":""TRAVEL_PLACE"",""categoryName"":""여행·장소"",""score"":0.9},{""categoryId"":""SHOPPING_PRODUCT"",""categoryName"":""쇼핑·제품"",""score"":0.6}]",True,,,False,3108.1299
16,TEXT-016,split-without-description,split,False,1,서울 전시회 방문 후보,여행·장소/016-서울 전시회 방문 후보.txt,TRAVEL_PLACE,여행·장소,TRAVEL_PLACE,True,0.8,TRAVEL_PLACE,TRAVEL_PLACE,True,,0,1,True,True,EXACT_CORRECT,False,False,False,False,False,False,True,True,True,True,False,[],,"[{""categoryId"":""TRAVEL_PLACE"",""categoryName"":""여행·장소"",""score"":0.8},{""categoryId"":""LEARNING_KNOWLEDGE"",""categoryName"":""학습·지식"",""score"":0.6}]","[{""categoryId"":""TRAVEL_PLACE"",""categoryName"":""여행·장소"",""score"":0.8},{""categoryId"":""LEARNING_KNOWLEDGE"",""categoryName"":""학습·지식"",""score"":0.6}]",True,,,False,3275.666
39,TEXT-039,split-without-description,split,False,1,부산에서 일몰 보기 좋은 곳,여행·장소/039-부산에서 일몰 보기 좋은 곳.txt,TRAVEL_PLACE,여행·장소,TRAVEL_PLACE,True,0.8,TRAVEL_PLACE,TRAVEL_PLACE,True,,0,1,True,True,EXACT_CORRECT,False,False,False,False,False,False,True,True,True,True,False,[],,"[{""categoryId"":""TRAVEL_PLACE"",""categoryName"":""여행·장소"",""score"":0.9},{""categoryId"":""FOOD_RESTAURANT"",""categoryName"":""음식·맛집"",""score"":0.1}]","[{""categoryId"":""TRAVEL_PLACE"",""categoryName"":""여행·장소"",""score"":0.9},{""categoryId"":""FOOD_RESTAURANT"",""categoryName"":""음식·맛집"",""score"":0.1}]",True,,,False,3208.0476
40,TEXT-040,split-without-description,split,False,1,텍스트-2026-07-07,여행·장소/040-텍스트-2026-07-07.txt,TRAVEL_PLACE,여행·장소,TRAVEL_PLACE,True,0.8,TRAVEL_PLACE,TRAVEL_PLACE,True,,0,1,True,True,EXACT_CORRECT,False,False,False,False,False,False,True,True,True,True,False,[],,"[{""categoryId"":""TRAVEL_PLACE"",""categoryName"":""여행·장소"",""score"":0.8},{""categoryId"":""LIFE_TASK"",""categoryName"":""생활·할 일"",""score"":0.7}]","[{""categoryId"":""TRAVEL_PLACE"",""categoryName"":""여행·장소"",""score"":0.8},{""categoryId"":""LIFE_TASK"",""categoryName"":""생활·할 일"",""score"":0.7}]",True,,,False,3268.8756
41,TEXT-041,split-without-description,split,False,1,교토 버스 이용 팁,여행·장소/041-교토 버스 이용 팁.txt,TRAVEL_PLACE,여행·장소,TRAVEL_PLACE,True,0.8,TRAVEL_PLACE,TRAVEL_PLACE,True,,0,1,True,True,EXACT_CORRECT,False,False,False,False,False,False,True,True,True,True,False,[],,"[{""categoryId"":""TRAVEL_PLACE"",""categoryName"":""여행·장소"",""score"":0.8},{""categoryId"":""LIFE_TASK"",""categoryName"":""생활·할 일"",""score"":0.6}]","[{""categoryId"":""TRAVEL_PLACE"",""categoryName"":""여행·장소"",""score"":0.8},{""categoryId"":""LIFE_TASK"",""categoryName"":""생활·할 일"",""score"":0.6}]",True,,,False,3198.535
42,TEXT-042,split-without-description,split,False,1,비 오는 날 서울에서 갈 곳,여행·장소/042-비 오는 날 서울에서 갈 곳.txt,TRAVEL_PLACE,여행·장소,TRAVEL_PLACE,True,0.8,TRAVEL_PLACE,TRAVEL_PLACE,True,,0,1,True,True,EXACT_CORRECT,False,False,False,False,False,False,True,True,True,True,False,[],,"[{""categoryId"":""TRAVEL_PLACE"",""categoryName"":""여행·장소"",""score"":0.8},{""categoryId"":""CULTURE_CONTENT"",""categoryName"":""문화·콘텐츠"",""score"":0.6}]","[{""categoryId"":""TRAVEL_PLACE"",""categoryName"":""여행·장소"",""score"":0.8},{""categoryId"":""CULTURE_CONTENT"",""categoryName"":""문화·콘텐츠"",""score"":0.6}]",True,,,False,3247.4638
43,TEXT-043,split-without-description,split,False,1,숙소 예약 전에 확인할 내용,여행·장소/043-숙소 예약 전에 확인할 내용.txt,TRAVEL_PLACE,여행·장소,LIFE_TASK,False,0.8,LIFE_TASK,LIFE_TASK,False,LIFE_TASK,1,1,False,False,WRONG_MISSING_GOLD,False,True,False,False,False,False,False,False,False,False,False,[],MISSING_GOLD_CATEGORY,"[{""categoryId"":""LIFE_TASK"",""categoryName"":""생활·할 일"",""score"":1.0}]","[{""categoryId"":""LIFE_TASK"",""categoryName"":""생활·할 일"",""score"":1.0}]",True,,,False,1976.0882
13,TEXT-013,split-without-description,split,False,1,텍스트-2026.07.20-1125,음식·맛집/013-텍스트-2026.07.20-1125.txt,FOOD_RESTAURANT,음식·맛집,FOOD_RESTAURANT,True,0.8,FOOD_RESTAURANT,FOOD_RESTAURANT,True,,0,1,True,True,EXACT_CORRECT,False,False,False,False,False,False,True,True,True,True,False,[],,"[{""categoryId"":""FOOD_RESTAURANT"",""categoryName"":""음식·맛집"",""score"":0.9},{""categoryId"":""TRAVEL_PLACE"",""categoryName"":""여행·장소"",""score"":0.6}]","[{""categoryId"":""FOOD_RESTAURANT"",""categoryName"":""음식·맛집"",""score"":0.9},{""categoryId"":""TRAVEL_PLACE"",""categoryName"":""여행·장소"",""score"":0.6}]",True,,,False,3261.6528
14,TEXT-014,split-without-description,split,False,1,닭가슴살 볶음밥 레시피,음식·맛집/014-닭가슴살 볶음밥 레시피.txt,FOOD_RESTAURANT,음식·맛집,FOOD_RESTAURANT,True,0.8,FOOD_RESTAURANT,FOOD_RESTAURANT,True,,0,1,True,True,EXACT_CORRECT,False,False,False,False,False,False,True,True,True,True,False,[],,"[{""categoryId"":""FOOD_RESTAURANT"",""categoryName"":""음식·맛집"",""score"":1.0}]","[{""categoryId"":""FOOD_RESTAURANT"",""categoryName"":""음식·맛집"",""score"":1.0}]",True,,,False,2324.0995
44,TEXT-044,split-without-description,split,False,1,성수동 파스타 식당,음식·맛집/044-성수동 파스타 식당.txt,FOOD_RESTAURANT,음식·맛집,FOOD_RESTAURANT,True,0.8,FOOD_RESTAURANT,FOOD_RESTAURANT,True,,0,1,True,True,EXACT_CORRECT,False,False,False,False,False,False,True,True,True,True,False,[],,"[{""categoryId"":""FOOD_RESTAURANT"",""categoryName"":""음식·맛집"",""score"":1.0}]","[{""categoryId"":""FOOD_RESTAURANT"",""categoryName"":""음식·맛집"",""score"":1.0}]",True,,,False,2203.581
45,TEXT-045,split-without-description,split,False,1,텍스트-2026-07-09,음식·맛집/045-텍스트-2026-07-09.txt,FOOD_RESTAURANT,음식·맛집,FOOD_RESTAURANT,True,0.8,FOOD_RESTAURANT,FOOD_RESTAURANT,True,,0,1,True,True,EXACT_CORRECT,False,False,False,False,False,False,True,True,True,True,False,[],,"[{""categoryId"":""FOOD_RESTAURANT"",""categoryName"":""음식·맛집"",""score"":1.0}]","[{""categoryId"":""FOOD_RESTAURANT"",""categoryName"":""음식·맛집"",""score"":1.0}]",True,,,False,2125.0194
46,TEXT-046,split-without-description,split,False,1,광주에서 늦게까지 하는 카페,음식·맛집/046-광주에서 늦게까지 하는 카페.txt,FOOD_RESTAURANT,음식·맛집,TRAVEL_PLACE,False,0.8,TRAVEL_PLACE,TRAVEL_PLACE,False,TRAVEL_PLACE,1,1,False,False,WRONG_MISSING_GOLD,False,True,True,False,False,False,True,False,False,False,False,[],THRESHOLD_MISS,"[{""categoryId"":""TRAVEL_PLACE"",""categoryName"":""여행·장소"",""score"":0.8},{""categoryId"":""FOOD_RESTAURANT"",""categoryName"":""음식·맛집"",""score"":0.6}]","[{""categoryId"":""TRAVEL_PLACE"",""categoryName"":""여행·장소"",""score"":0.8},{""categoryId"":""FOOD_RESTAURANT"",""categoryName"":""음식·맛집"",""score"":0.6}]",True,,,False,3340.0235
47,TEXT-047,split-without-description,split,False,1,냉동 만두를 바삭하게 굽는 방법,음식·맛집/047-냉동 만두를 바삭하게 굽는 방법.txt,FOOD_RESTAURANT,음식·맛집,FOOD_RESTAURANT,True,0.8,FOOD_RESTAURANT,FOOD_RESTAURANT,True,,0,1,True,True,EXACT_CORRECT,False,False,False,False,False,False,True,True,True,True,False,[],,"[{""categoryId"":""FOOD_RESTAURANT"",""categoryName"":""음식·맛집"",""score"":0.9},{""categoryId"":""LIFE_TASK"",""categoryName"":""생활·할 일"",""score"":0.6}]","[{""categoryId"":""FOOD_RESTAURANT"",""categoryName"":""음식·맛집"",""score"":0.9},{""categoryId"":""LIFE_TASK"",""categoryName"":""생활·할 일"",""score"":0.6}]",True,,,False,3180.0771
48,TEXT-048,split-without-description,split,False,1,제주 고기국수 후보,음식·맛집/048-제주 고기국수 후보.txt,FOOD_RESTAURANT,음식·맛집,FOOD_RESTAURANT,True,0.8,FOOD_RESTAURANT,FOOD_RESTAURANT,True,,0,1,True,True,EXACT_CORRECT,False,False,False,False,False,False,True,True,True,True,False,[],,"[{""categoryId"":""FOOD_RESTAURANT"",""categoryName"":""음식·맛집"",""score"":1.0}]","[{""categoryId"":""FOOD_RESTAURANT"",""categoryName"":""음식·맛집"",""score"":1.0}]",True,,,False,2185.5646
7,TEXT-007,split-without-description,split,False,1,텍스트-2026.07.20-1010,취업·커리어/007-텍스트-2026.07.20-1010.txt,CAREER,취업·커리어,LEARNING_KNOWLEDGE,False,0.8,LEARNING_KNOWLEDGE,LEARNING_KNOWLEDGE,False,LEARNING_KNOWLEDGE,1,1,False,False,WRONG_MISSING_GOLD,False,True,False,False,False,False,False,False,False,False,False,[],MISSING_GOLD_CATEGORY,"[{""categoryId"":""LEARNING_KNOWLEDGE"",""categoryName"":""학습·지식"",""score"":1.0}]","[{""categoryId"":""LEARNING_KNOWLEDGE"",""categoryName"":""학습·지식"",""score"":1.0}]",True,,,False,2091.8442
8,TEXT-008,split-without-description,split,False,1,공기업 채용 공고 확인,취업·커리어/008-공기업 채용 공고 확인.txt,CAREER,취업·커리어,CAREER,True,0.8,CAREER,CAREER,True,,0,1,True,True,EXACT_CORRECT,False,False,False,False,False,False,True,True,True,True,False,[],,"[{""categoryId"":""CAREER"",""categoryName"":""취업·커리어"",""score"":0.95},{""categoryId"":""LEARNING_KNOWLEDGE"",""categoryName"":""학습·지식"",""score"":0.75}]","[{""categoryId"":""CAREER"",""categoryName"":""취업·커리어"",""score"":0.95},{""categoryId"":""LEARNING_KNOWLEDGE"",""categoryName"":""학습·지식"",""score"":0.75}]",True,,,False,3352.1607
34,TEXT-034,split-without-description,split,False,1,백엔드 개발자 채용 공고 확인,취업·커리어/034-백엔드 개발자 채용 공고 확인.txt,CAREER,취업·커리어,CAREER,True,0.8,CAREER,CAREER,True,,0,1,True,True,EXACT_CORRECT,False,False,False,False,False,False,True,True,True,True,False,[],,"[{""categoryId"":""CAREER"",""categoryName"":""취업·커리어"",""score"":1.0}]","[{""categoryId"":""CAREER"",""categoryName"":""취업·커리어"",""score"":1.0}]",True,,,False,2139.0475
35,TEXT-035,split-without-description,split,False,1,텍스트-2026-07-05,취업·커리어/035-텍스트-2026-07-05.txt,CAREER,취업·커리어,CAREER,True,0.8,CAREER,CAREER,True,,0,1,True,True,EXACT_CORRECT,False,False,False,False,False,False,True,True,True,True,False,[],,"[{""categoryId"":""CAREER"",""categoryName"":""취업·커리어"",""score"":1.0}]","[{""categoryId"":""CAREER"",""categoryName"":""취업·커리어"",""score"":1.0}]",True,,,False,2098.6151
36,TEXT-036,split-without-description,split,False,1,자기소개서 수정할 부분,취업·커리어/036-자기소개서 수정할 부분.txt,CAREER,취업·커리어,LEARNING_KNOWLEDGE,False,0.8,LEARNING_KNOWLEDGE,LEARNING_KNOWLEDGE,False,LEARNING_KNOWLEDGE,1,1,False,False,WRONG_MISSING_GOLD,False,True,False,False,False,False,False,False,False,False,False,[],MISSING_GOLD_CATEGORY,"[{""categoryId"":""LEARNING_KNOWLEDGE"",""categoryName"":""학습·지식"",""score"":1.0}]","[{""categoryId"":""LEARNING_KNOWLEDGE"",""categoryName"":""학습·지식"",""score"":1.0}]",True,,,False,2158.2965
37,TEXT-037,split-without-description,split,False,1,이직 전 확인할 조건,취업·커리어/037-이직 전 확인할 조건.txt,CAREER,취업·커리어,CAREER,True,0.8,CAREER,CAREER,True,,0,1,True,True,EXACT_CORRECT,False,False,False,False,False,False,True,True,True,True,False,[],,"[{""categoryId"":""CAREER"",""categoryName"":""취업·커리어"",""score"":1.0}]","[{""categoryId"":""CAREER"",""categoryName"":""취업·커리어"",""score"":1.0}]",True,,,False,2158.3307
38,TEXT-038,split-without-description,split,False,1,포트폴리오 프로젝트 설명 방식,취업·커리어/038-포트폴리오 프로젝트 설명 방식.txt,CAREER,취업·커리어,CAREER,True,0.8,CAREER,CAREER,True,,0,1,True,True,EXACT_CORRECT,False,False,False,False,False,False,True,True,True,True,False,[],,"[{""categoryId"":""CAREER"",""categoryName"":""취업·커리어"",""score"":0.9}]","[{""categoryId"":""CAREER"",""categoryName"":""취업·커리어"",""score"":0.9}]",True,,,False,2089.2889
1,TEXT-001,split-without-description,split,False,1,텍스트-2026.07.20-0905,학습·지식/001-텍스트-2026.07.20-0905.txt,LEARNING_KNOWLEDGE,학습·지식,LEARNING_KNOWLEDGE,True,0.8,LEARNING_KNOWLEDGE,LEARNING_KNOWLEDGE,True,,0,1,True,True,EXACT_CORRECT,False,False,False,False,False,False,True,True,True,True,False,[],,"[{""categoryId"":""LEARNING_KNOWLEDGE"",""categoryName"":""학습·지식"",""score"":0.9},{""categoryId"":""SHOPPING_PRODUCT"",""categoryName"":""쇼핑·제품"",""score"":0.6}]","[{""categoryId"":""LEARNING_KNOWLEDGE"",""categoryName"":""학습·지식"",""score"":0.9},{""categoryId"":""SHOPPING_PRODUCT"",""categoryName"":""쇼핑·제품"",""score"":0.6}]",True,,,False,3199.6655
2,TEXT-002,split-without-description,split,False,1,JWT 재발급 구조 정리,학습·지식/002-JWT 재발급 구조 정리.txt,LEARNING_KNOWLEDGE,학습·지식,LEARNING_KNOWLEDGE,True,0.8,LEARNING_KNOWLEDGE,LEARNING_KNOWLEDGE,True,,0,1,True,True,EXACT_CORRECT,False,False,False,False,False,False,True,True,True,True,False,[],,"[{""categoryId"":""LEARNING_KNOWLEDGE"",""categoryName"":""학습·지식"",""score"":0.9},{""categoryId"":""CAREER"",""categoryName"":""취업·커리어"",""score"":0.6}]","[{""categoryId"":""LEARNING_KNOWLEDGE"",""categoryName"":""학습·지식"",""score"":0.9},{""categoryId"":""CAREER"",""categoryName"":""취업·커리어"",""score"":0.6}]",True,,,False,3397.0953
3,TEXT-003,split-without-description,split,False,1,텍스트-2026.07.20-0920,학습·지식/003-텍스트-2026.07.20-0920.txt,LEARNING_KNOWLEDGE,학습·지식,LEARNING_KNOWLEDGE,True,0.8,LEARNING_KNOWLEDGE,LEARNING_KNOWLEDGE,True,,0,1,True,True,EXACT_CORRECT,False,False,False,False,False,False,True,True,True,True,False,[],,"[{""categoryId"":""LEARNING_KNOWLEDGE"",""categoryName"":""학습·지식"",""score"":1.0}]","[{""categoryId"":""LEARNING_KNOWLEDGE"",""categoryName"":""학습·지식"",""score"":1.0}]",True,,,False,2119.3176
4,TEXT-004,split-without-description,split,False,1,SQLD 시험 공부 계획,학습·지식/004-SQLD 시험 공부 계획.txt,LEARNING_KNOWLEDGE,학습·지식,LEARNING_KNOWLEDGE,True,0.8,LEARNING_KNOWLEDGE,LEARNING_KNOWLEDGE,True,,0,1,True,True,EXACT_CORRECT,False,False,False,False,False,False,True,True,True,True,False,[],,"[{""categoryId"":""LEARNING_KNOWLEDGE"",""categoryName"":""학습·지식"",""score"":1.0}]","[{""categoryId"":""LEARNING_KNOWLEDGE"",""categoryName"":""학습·지식"",""score"":1.0}]",True,,,False,2176.2868
29,TEXT-029,split-without-description,split,False,1,Redis 큐에서 작업이 중복될 수 있는 이유,학습·지식/029-Redis 큐에서 작업이 중복될 수 있는 이유.txt,LEARNING_KNOWLEDGE,학습·지식,LEARNING_KNOWLEDGE,True,0.8,LEARNING_KNOWLEDGE,LEARNING_KNOWLEDGE,True,,0,1,True,True,EXACT_CORRECT,False,False,False,False,False,False,True,True,True,True,False,[],,"[{""categoryId"":""LEARNING_KNOWLEDGE"",""categoryName"":""학습·지식"",""score"":0.8},{""categoryId"":""CAREER"",""categoryName"":""취업·커리어"",""score"":0.6}]","[{""categoryId"":""LEARNING_KNOWLEDGE"",""categoryName"":""학습·지식"",""score"":0.8},{""categoryId"":""CAREER"",""categoryName"":""취업·커리어"",""score"":0.6}]",True,,,False,3349.5272
30,TEXT-030,split-without-description,split,False,1,텍스트-2026-07-03,학습·지식/030-텍스트-2026-07-03.txt,LEARNING_KNOWLEDGE,학습·지식,LEARNING_KNOWLEDGE,True,0.8,LEARNING_KNOWLEDGE,LEARNING_KNOWLEDGE,True,,0,1,True,True,EXACT_CORRECT,False,False,False,False,False,False,True,True,True,True,False,[],,"[{""categoryId"":""LEARNING_KNOWLEDGE"",""categoryName"":""학습·지식"",""score"":1.0}]","[{""categoryId"":""LEARNING_KNOWLEDGE"",""categoryName"":""학습·지식"",""score"":1.0}]",True,,,False,2139.3783
31,TEXT-031,split-without-description,split,False,1,사진 촬영에서 조리개의 역할,학습·지식/031-사진 촬영에서 조리개의 역할.txt,LEARNING_KNOWLEDGE,학습·지식,LEARNING_KNOWLEDGE,True,0.8,LEARNING_KNOWLEDGE,LEARNING_KNOWLEDGE,True,,0,1,True,True,EXACT_CORRECT,False,False,False,False,False,False,True,True,True,True,False,[],,"[{""categoryId"":""LEARNING_KNOWLEDGE"",""categoryName"":""학습·지식"",""score"":0.9},{""categoryId"":""CAREER"",""categoryName"":""취업·커리어"",""score"":0.1}]","[{""categoryId"":""LEARNING_KNOWLEDGE"",""categoryName"":""학습·지식"",""score"":0.9},{""categoryId"":""CAREER"",""categoryName"":""취업·커리어"",""score"":0.1}]",True,,,False,3513.1013
32,TEXT-032,split-without-description,split,False,1,전세와 월세의 차이 정리,학습·지식/032-전세와 월세의 차이 정리.txt,LEARNING_KNOWLEDGE,학습·지식,LEARNING_KNOWLEDGE,True,0.8,LEARNING_KNOWLEDGE,LEARNING_KNOWLEDGE,True,,0,1,True,True,EXACT_CORRECT,False,False,False,False,False,False,True,True,True,True,False,[],,"[{""categoryId"":""LEARNING_KNOWLEDGE"",""categoryName"":""학습·지식"",""score"":1.0}]","[{""categoryId"":""LEARNING_KNOWLEDGE"",""categoryName"":""학습·지식"",""score"":1.0}]",True,,,False,2277.8551
33,TEXT-033,split-without-description,split,False,1,좋은 발표 자료의 정보 구조,학습·지식/033-좋은 발표 자료의 정보 구조.txt,LEARNING_KNOWLEDGE,학습·지식,LEARNING_KNOWLEDGE,True,0.8,LEARNING_KNOWLEDGE,LEARNING_KNOWLEDGE,True,,0,1,True,True,EXACT_CORRECT,False,False,False,False,False,False,True,True,True,True,False,[],,"[{""categoryId"":""LEARNING_KNOWLEDGE"",""categoryName"":""학습·지식"",""score"":1.0}]","[{""categoryId"":""LEARNING_KNOWLEDGE"",""categoryName"":""학습·지식"",""score"":1.0}]",True,,,False,2286.7647
17,TEXT-017,integrated-with-description,integrated,True,1,텍스트-2026.07.20-1220,건강·운동/017-텍스트-2026.07.20-1220.txt,HEALTH_EXERCISE,건강·운동,HEALTH_EXERCISE,True,0.5,HEALTH_EXERCISE,HEALTH_EXERCISE,True,,0,1,True,True,EXACT_CORRECT,False,False,False,False,False,False,True,True,True,True,False,[],,"[{""categoryId"":""HEALTH_EXERCISE"",""categoryName"":""건강·운동"",""score"":1.0}]","[{""categoryId"":""HEALTH_EXERCISE"",""categoryName"":""건강·운동"",""score"":1.0}]",True,True,True,False,15945.9195
18,TEXT-018,integrated-with-description,integrated,True,1,주 3회 운동 계획,건강·운동/018-주 3회 운동 계획.txt,HEALTH_EXERCISE,건강·운동,HEALTH_EXERCISE,True,0.5,HEALTH_EXERCISE,HEALTH_EXERCISE,True,,0,1,True,True,EXACT_CORRECT,False,False,False,False,False,False,True,True,True,True,False,[],,"[{""categoryId"":""HEALTH_EXERCISE"",""categoryName"":""건강·운동"",""score"":1.0}]","[{""categoryId"":""HEALTH_EXERCISE"",""categoryName"":""건강·운동"",""score"":1.0}]",True,True,True,False,8073.646
54,TEXT-054,integrated-with-description,integrated,True,1,허리 부담을 줄이는 스쿼트 자세,건강·운동/054-허리 부담을 줄이는 스쿼트 자세.txt,HEALTH_EXERCISE,건강·운동,HEALTH_EXERCISE,True,0.5,HEALTH_EXERCISE,HEALTH_EXERCISE,True,,0,1,True,True,EXACT_CORRECT,False,False,False,False,False,False,True,True,True,True,False,[],,"[{""categoryId"":""HEALTH_EXERCISE"",""categoryName"":""건강·운동"",""score"":1.0}]","[{""categoryId"":""HEALTH_EXERCISE"",""categoryName"":""건강·운동"",""score"":1.0}]",True,True,True,False,8329.4864
55,TEXT-055,integrated-with-description,integrated,True,1,텍스트-2026-07-13,건강·운동/055-텍스트-2026-07-13.txt,HEALTH_EXERCISE,건강·운동,HEALTH_EXERCISE,True,0.5,HEALTH_EXERCISE,HEALTH_EXERCISE,True,,0,1,True,True,EXACT_CORRECT,False,False,False,False,False,False,True,True,True,True,False,[],,"[{""categoryId"":""HEALTH_EXERCISE"",""categoryName"":""건강·운동"",""score"":0.9}]","[{""categoryId"":""HEALTH_EXERCISE"",""categoryName"":""건강·운동"",""score"":0.9}]",True,True,True,False,7590.5508
56,TEXT-056,integrated-with-description,integrated,True,1,러닝 초보자 주간 계획,건강·운동/056-러닝 초보자 주간 계획.txt,HEALTH_EXERCISE,건강·운동,HEALTH_EXERCISE,True,0.5,HEALTH_EXERCISE,HEALTH_EXERCISE,True,,0,1,True,True,EXACT_CORRECT,False,False,False,False,False,False,True,True,True,True,False,[],,"[{""categoryId"":""HEALTH_EXERCISE"",""categoryName"":""건강·운동"",""score"":1.0}]","[{""categoryId"":""HEALTH_EXERCISE"",""categoryName"":""건강·운동"",""score"":1.0}]",True,True,True,False,7697.085
57,TEXT-057,integrated-with-description,integrated,True,1,장시간 앉아 있을 때 스트레칭,건강·운동/057-장시간 앉아 있을 때 스트레칭.txt,HEALTH_EXERCISE,건강·운동,HEALTH_EXERCISE,True,0.5,HEALTH_EXERCISE,HEALTH_EXERCISE,True,,0,1,True,True,EXACT_CORRECT,False,False,False,False,False,False,True,True,True,True,False,[],,"[{""categoryId"":""HEALTH_EXERCISE"",""categoryName"":""건강·운동"",""score"":1.0}]","[{""categoryId"":""HEALTH_EXERCISE"",""categoryName"":""건강·운동"",""score"":1.0}]",True,True,True,False,8701.7719
58,TEXT-058,integrated-with-description,integrated,True,1,운동 후 식사 구성,건강·운동/058-운동 후 식사 구성.txt,HEALTH_EXERCISE,건강·운동,HEALTH_EXERCISE,True,0.5,HEALTH_EXERCISE|FOOD_RESTAURANT,HEALTH_EXERCISE|FOOD_RESTAURANT,True,FOOD_RESTAURANT,1,2,False,True,RELAXED_CORRECT,False,False,False,False,False,False,True,True,False,True,False,[],,"[{""categoryId"":""HEALTH_EXERCISE"",""categoryName"":""건강·운동"",""score"":0.8},{""categoryId"":""FOOD_RESTAURANT"",""categoryName"":""음식·맛집"",""score"":0.6}]","[{""categoryId"":""HEALTH_EXERCISE"",""categoryName"":""건강·운동"",""score"":0.8},{""categoryId"":""FOOD_RESTAURANT"",""categoryName"":""음식·맛집"",""score"":0.6}]",True,True,True,False,11155.781
21,TEXT-021,integrated-with-description,integrated,True,1,텍스트-2026.07.20-1310,기타/021-텍스트-2026.07.20-1310.txt,OTHER,기타,IDEA_INSPIRATION,False,0.5,IDEA_INSPIRATION|LIFE_TASK,IDEA_INSPIRATION|LIFE_TASK,False,IDEA_INSPIRATION|LIFE_TASK,2,2,False,False,WRONG_MISSING_GOLD,False,True,False,False,False,False,False,False,False,False,False,[],MISSING_GOLD_CATEGORY,"[{""categoryId"":""IDEA_INSPIRATION"",""categoryName"":""아이디어·영감"",""score"":0.8},{""categoryId"":""LIFE_TASK"",""categoryName"":""생활·할 일"",""score"":0.6}]","[{""categoryId"":""IDEA_INSPIRATION"",""categoryName"":""아이디어·영감"",""score"":0.8},{""categoryId"":""LIFE_TASK"",""categoryName"":""생활·할 일"",""score"":0.6}]",True,True,False,False,8987.4788
22,TEXT-022,integrated-with-description,integrated,True,1,텍스트-2026.07.20-1325,기타/022-텍스트-2026.07.20-1325.txt,OTHER,기타,IDEA_INSPIRATION,False,0.5,IDEA_INSPIRATION,IDEA_INSPIRATION,False,IDEA_INSPIRATION,1,1,False,False,WRONG_MISSING_GOLD,False,True,False,False,False,False,False,False,False,False,False,[],MISSING_GOLD_CATEGORY,"[{""categoryId"":""IDEA_INSPIRATION"",""categoryName"":""아이디어·영감"",""score"":1.0}]","[{""categoryId"":""IDEA_INSPIRATION"",""categoryName"":""아이디어·영감"",""score"":1.0}]",True,True,True,False,8400.6814
74,TEXT-074,integrated-with-description,integrated,True,1,텍스트-2026-07-21,기타/074-텍스트-2026-07-21.txt,OTHER,기타,OTHER,True,0.5,OTHER,OTHER,True,,0,1,True,True,EXACT_CORRECT,False,False,False,False,False,False,True,True,True,True,False,[],,"[{""categoryId"":""OTHER"",""categoryName"":""기타"",""score"":1.0}]","[{""categoryId"":""OTHER"",""categoryName"":""기타"",""score"":1.0}]",True,True,True,False,5390.4815
75,TEXT-075,integrated-with-description,integrated,True,1,확인할 문자열,기타/075-확인할 문자열.txt,OTHER,기타,SHOPPING_PRODUCT,False,0.5,SHOPPING_PRODUCT,SHOPPING_PRODUCT,False,SHOPPING_PRODUCT,1,1,False,False,WRONG_MISSING_GOLD,False,True,False,False,False,False,False,False,False,False,False,[],MISSING_GOLD_CATEGORY,"[{""categoryId"":""SHOPPING_PRODUCT"",""categoryName"":""쇼핑·제품"",""score"":1.0}]","[{""categoryId"":""SHOPPING_PRODUCT"",""categoryName"":""쇼핑·제품"",""score"":1.0}]",True,True,True,False,5197.2347
76,TEXT-076,integrated-with-description,integrated,True,1,텍스트-2026-07-22,기타/076-텍스트-2026-07-22.txt,OTHER,기타,,False,0.5,,OTHER,False,,0,0,False,False,EMPTY_PREDICTION,False,True,False,True,False,False,False,True,True,True,False,[],MISSING_GOLD_CATEGORY|EMPTY_PREDICTION|FALLBACK_USED,[],[],True,True,True,False,3814.7951
77,TEXT-077,integrated-with-description,integrated,True,1,내용을 확인할 수 없는 링크,기타/077-내용을 확인할 수 없는 링크.txt,OTHER,기타,,False,0.5,,OTHER,False,,0,0,False,False,EMPTY_PREDICTION,False,True,False,True,False,False,False,True,True,True,False,[],MISSING_GOLD_CATEGORY|EMPTY_PREDICTION|FALLBACK_USED,[],[],True,True,True,False,6057.4799
78,TEXT-078,integrated-with-description,integrated,True,1,이미지 추출 실패,기타/078-이미지 추출 실패.txt,OTHER,기타,OTHER,True,0.5,OTHER,OTHER,True,,0,1,True,True,EXACT_CORRECT,False,False,False,False,False,False,True,True,True,True,False,[],,"[{""categoryId"":""OTHER"",""categoryName"":""기타"",""score"":0.8}]","[{""categoryId"":""OTHER"",""categoryName"":""기타"",""score"":0.8}]",True,True,True,False,6620.9966
64,TEXT-064,integrated-with-description,integrated,True,1,월급 통장 나누는 방법,돈·재테크/064-월급 통장 나누는 방법.txt,MONEY_FINANCE,돈·재테크,MONEY_FINANCE,True,0.5,MONEY_FINANCE,MONEY_FINANCE,True,,0,1,True,True,EXACT_CORRECT,False,False,False,False,False,False,True,True,True,True,False,[],,"[{""categoryId"":""MONEY_FINANCE"",""categoryName"":""돈·재테크"",""score"":1.0}]","[{""categoryId"":""MONEY_FINANCE"",""categoryName"":""돈·재테크"",""score"":1.0}]",True,True,True,False,7873.0257
65,TEXT-065,integrated-with-description,integrated,True,1,텍스트-2026-07-17,돈·재테크/065-텍스트-2026-07-17.txt,MONEY_FINANCE,돈·재테크,MONEY_FINANCE,True,0.5,MONEY_FINANCE,MONEY_FINANCE,True,,0,1,True,True,EXACT_CORRECT,False,False,False,False,False,False,True,True,True,True,False,[],,"[{""categoryId"":""MONEY_FINANCE"",""categoryName"":""돈·재테크"",""score"":1.0}]","[{""categoryId"":""MONEY_FINANCE"",""categoryName"":""돈·재테크"",""score"":1.0}]",True,True,True,False,20251.2072
66,TEXT-066,integrated-with-description,integrated,True,1,카드 혜택 비교,돈·재테크/066-카드 혜택 비교.txt,MONEY_FINANCE,돈·재테크,MONEY_FINANCE,True,0.5,MONEY_FINANCE,MONEY_FINANCE,True,,0,1,True,True,EXACT_CORRECT,False,False,False,False,False,False,True,True,True,True,False,[],,"[{""categoryId"":""MONEY_FINANCE"",""categoryName"":""돈·재테크"",""score"":0.95}]","[{""categoryId"":""MONEY_FINANCE"",""categoryName"":""돈·재테크"",""score"":0.95}]",True,True,True,False,24086.1371
67,TEXT-067,integrated-with-description,integrated,True,1,비상금 규모 정하기,돈·재테크/067-비상금 규모 정하기.txt,MONEY_FINANCE,돈·재테크,MONEY_FINANCE,True,0.5,MONEY_FINANCE,MONEY_FINANCE,True,,0,1,True,True,EXACT_CORRECT,False,False,False,False,False,False,True,True,True,True,False,[],,"[{""categoryId"":""MONEY_FINANCE"",""categoryName"":""돈·재테크"",""score"":1.0}]","[{""categoryId"":""MONEY_FINANCE"",""categoryName"":""돈·재테크"",""score"":1.0}]",True,True,True,False,16565.6871
68,TEXT-068,integrated-with-description,integrated,True,1,보험 가입 전에 확인할 내용,돈·재테크/068-보험 가입 전에 확인할 내용.txt,MONEY_FINANCE,돈·재테크,MONEY_FINANCE,True,0.5,MONEY_FINANCE,MONEY_FINANCE,True,,0,1,True,True,EXACT_CORRECT,False,False,False,False,False,False,True,True,True,True,False,[],,"[{""categoryId"":""MONEY_FINANCE"",""categoryName"":""돈·재테크"",""score"":1.0}]","[{""categoryId"":""MONEY_FINANCE"",""categoryName"":""돈·재테크"",""score"":1.0}]",True,True,True,False,18321.7286
19,TEXT-019,integrated-with-description,integrated,True,1,텍스트-2026.07.20-1245,문화·콘텐츠/019-텍스트-2026.07.20-1245.txt,CULTURE_CONTENT,문화·콘텐츠,CULTURE_CONTENT,True,0.5,CULTURE_CONTENT|IDEA_INSPIRATION,CULTURE_CONTENT|IDEA_INSPIRATION,True,IDEA_INSPIRATION,1,2,False,True,RELAXED_CORRECT,False,False,False,False,False,False,True,True,False,True,False,[],,"[{""categoryId"":""CULTURE_CONTENT"",""categoryName"":""문화·콘텐츠"",""score"":0.9},{""categoryId"":""IDEA_INSPIRATION"",""categoryName"":""아이디어·영감"",""score"":0.6}]","[{""categoryId"":""CULTURE_CONTENT"",""categoryName"":""문화·콘텐츠"",""score"":0.9},{""categoryId"":""IDEA_INSPIRATION"",""categoryName"":""아이디어·영감"",""score"":0.6}]",True,True,True,False,25664.959
20,TEXT-020,integrated-with-description,integrated,True,1,읽어볼 개발 에세이,문화·콘텐츠/020-읽어볼 개발 에세이.txt,CULTURE_CONTENT,문화·콘텐츠,CULTURE_CONTENT,True,0.5,CULTURE_CONTENT,CULTURE_CONTENT,True,,0,1,True,True,EXACT_CORRECT,False,False,False,False,False,False,True,True,True,True,False,[],,"[{""categoryId"":""CULTURE_CONTENT"",""categoryName"":""문화·콘텐츠"",""score"":0.9}]","[{""categoryId"":""CULTURE_CONTENT"",""categoryName"":""문화·콘텐츠"",""score"":0.9}]",True,True,True,False,19802.2267
59,TEXT-059,integrated-with-description,integrated,True,1,주말에 볼 영화 후보,문화·콘텐츠/059-주말에 볼 영화 후보.txt,CULTURE_CONTENT,문화·콘텐츠,CULTURE_CONTENT,True,0.5,CULTURE_CONTENT,CULTURE_CONTENT,True,,0,1,True,True,EXACT_CORRECT,False,False,False,False,False,False,True,True,True,True,False,[],,"[{""categoryId"":""CULTURE_CONTENT"",""categoryName"":""문화·콘텐츠"",""score"":0.9}]","[{""categoryId"":""CULTURE_CONTENT"",""categoryName"":""문화·콘텐츠"",""score"":0.9}]",True,True,True,False,15446.0732
60,TEXT-060,integrated-with-description,integrated,True,1,텍스트-2026-07-15,문화·콘텐츠/060-텍스트-2026-07-15.txt,CULTURE_CONTENT,문화·콘텐츠,LEARNING_KNOWLEDGE,False,0.5,LEARNING_KNOWLEDGE,LEARNING_KNOWLEDGE,False,LEARNING_KNOWLEDGE,1,1,False,False,WRONG_MISSING_GOLD,False,True,False,False,False,False,False,False,False,False,False,[],MISSING_GOLD_CATEGORY,"[{""categoryId"":""LEARNING_KNOWLEDGE"",""categoryName"":""학습·지식"",""score"":1.0}]","[{""categoryId"":""LEARNING_KNOWLEDGE"",""categoryName"":""학습·지식"",""score"":1.0}]",True,True,True,False,17443.9045
61,TEXT-061,integrated-with-description,integrated,True,1,서울 사진전 정보,문화·콘텐츠/061-서울 사진전 정보.txt,CULTURE_CONTENT,문화·콘텐츠,CULTURE_CONTENT,True,0.5,CULTURE_CONTENT,CULTURE_CONTENT,True,,0,1,True,True,EXACT_CORRECT,False,False,False,False,False,False,True,True,True,True,False,[],,"[{""categoryId"":""CULTURE_CONTENT"",""categoryName"":""문화·콘텐츠"",""score"":1.0}]","[{""categoryId"":""CULTURE_CONTENT"",""categoryName"":""문화·콘텐츠"",""score"":1.0}]",True,True,True,False,14606.1215
62,TEXT-062,integrated-with-description,integrated,True,1,출근할 때 들을 음악,문화·콘텐츠/062-출근할 때 들을 음악.txt,CULTURE_CONTENT,문화·콘텐츠,CULTURE_CONTENT,True,0.5,CULTURE_CONTENT,CULTURE_CONTENT,True,,0,1,True,True,EXACT_CORRECT,False,False,False,False,False,False,True,True,True,True,False,[],,"[{""categoryId"":""FOOD_RESTAURANT"",""categoryName"":""음식·맛집"",""score"":0.3},{""categoryId"":""CULTURE_CONTENT"",""categoryName"":""문화·콘텐츠"",""score"":0.7}]","[{""categoryId"":""CULTURE_CONTENT"",""categoryName"":""문화·콘텐츠"",""score"":0.7},{""categoryId"":""FOOD_RESTAURANT"",""categoryName"":""음식·맛집"",""score"":0.3}]",True,True,True,False,22192.175
63,TEXT-063,integrated-with-description,integrated,True,1,웹툰 추천 목록,문화·콘텐츠/063-웹툰 추천 목록.txt,CULTURE_CONTENT,문화·콘텐츠,CULTURE_CONTENT,True,0.5,CULTURE_CONTENT,CULTURE_CONTENT,True,,0,1,True,True,EXACT_CORRECT,False,False,False,False,False,False,True,True,True,True,False,[],,"[{""categoryId"":""CULTURE_CONTENT"",""categoryName"":""문화·콘텐츠"",""score"":0.9}]","[{""categoryId"":""CULTURE_CONTENT"",""categoryName"":""문화·콘텐츠"",""score"":0.9}]",True,True,True,False,15412.0534
6,TEXT-006,integrated-with-description,integrated,True,1,1주차 백로그 정리,생활·할 일/006-1주차 백로그 정리.txt,LIFE_TASK,생활·할 일,LEARNING_KNOWLEDGE,False,0.5,LEARNING_KNOWLEDGE|CAREER,LEARNING_KNOWLEDGE|CAREER,False,CAREER|LEARNING_KNOWLEDGE,2,2,False,False,WRONG_MISSING_GOLD,False,True,False,False,False,False,False,False,False,False,False,[],MISSING_GOLD_CATEGORY,"[{""categoryId"":""LEARNING_KNOWLEDGE"",""categoryName"":""학습·지식"",""score"":0.85},{""categoryId"":""CAREER"",""categoryName"":""취업·커리어"",""score"":0.65}]","[{""categoryId"":""LEARNING_KNOWLEDGE"",""categoryName"":""학습·지식"",""score"":0.85},{""categoryId"":""CAREER"",""categoryName"":""취업·커리어"",""score"":0.65}]",True,True,True,False,24864.7217
9,TEXT-009,integrated-with-description,integrated,True,1,텍스트-2026.07.20-1035,생활·할 일/009-텍스트-2026.07.20-1035.txt,LIFE_TASK,생활·할 일,LIFE_TASK,True,0.5,LIFE_TASK,LIFE_TASK,True,,0,1,True,True,EXACT_CORRECT,False,False,False,False,False,False,True,True,True,True,False,[],,"[{""categoryId"":""LIFE_TASK"",""categoryName"":""생활·할 일"",""score"":1.0}]","[{""categoryId"":""LIFE_TASK"",""categoryName"":""생활·할 일"",""score"":1.0}]",True,True,True,False,17160.0338
10,TEXT-010,integrated-with-description,integrated,True,1,주말 방 정리 계획,생활·할 일/010-주말 방 정리 계획.txt,LIFE_TASK,생활·할 일,LIFE_TASK,True,0.5,LIFE_TASK,LIFE_TASK,True,,0,1,True,True,EXACT_CORRECT,False,False,False,False,False,False,True,True,True,True,False,[],,"[{""categoryId"":""LIFE_TASK"",""categoryName"":""생활·할 일"",""score"":1.0}]","[{""categoryId"":""LIFE_TASK"",""categoryName"":""생활·할 일"",""score"":1.0}]",True,True,True,False,22840.0336
24,TEXT-024,integrated-with-description,integrated,True,1,이사 전날 확인할 목록,생활·할 일/024-이사 전날 확인할 목록.txt,LIFE_TASK,생활·할 일,LIFE_TASK,True,0.5,LIFE_TASK,LIFE_TASK,True,,0,1,True,True,EXACT_CORRECT,False,False,False,False,False,False,True,True,True,True,False,[],,"[{""categoryId"":""LIFE_TASK"",""categoryName"":""생활·할 일"",""score"":1.0}]","[{""categoryId"":""LIFE_TASK"",""categoryName"":""생활·할 일"",""score"":1.0}]",True,True,True,False,21142.3408
25,TEXT-025,integrated-with-description,integrated,True,1,텍스트-2026-07-01,생활·할 일/025-텍스트-2026-07-01.txt,LIFE_TASK,생활·할 일,LIFE_TASK,True,0.5,LIFE_TASK,LIFE_TASK,True,,0,1,True,True,EXACT_CORRECT,False,False,False,False,False,False,True,True,True,True,False,[],,"[{""categoryId"":""LIFE_TASK"",""categoryName"":""생활·할 일"",""score"":1.0}]","[{""categoryId"":""LIFE_TASK"",""categoryName"":""생활·할 일"",""score"":1.0}]",True,True,True,False,18084.3556
26,TEXT-026,integrated-with-description,integrated,True,1,장마철 빨래 냄새 줄이는 방법,생활·할 일/026-장마철 빨래 냄새 줄이는 방법.txt,LIFE_TASK,생활·할 일,LIFE_TASK,True,0.5,LIFE_TASK,LIFE_TASK,True,,0,1,True,True,EXACT_CORRECT,False,False,False,False,False,False,True,True,True,True,False,[],,"[{""categoryId"":""LIFE_TASK"",""categoryName"":""생활·할 일"",""score"":1.0}]","[{""categoryId"":""LIFE_TASK"",""categoryName"":""생활·할 일"",""score"":1.0}]",True,True,True,False,19704.6552
27,TEXT-027,integrated-with-description,integrated,True,1,다음 주 일정 메모,생활·할 일/027-다음 주 일정 메모.txt,LIFE_TASK,생활·할 일,LIFE_TASK,True,0.5,LIFE_TASK,LIFE_TASK,True,,0,1,True,True,EXACT_CORRECT,False,False,False,False,False,False,True,True,True,True,False,[],,"[{""categoryId"":""LIFE_TASK"",""categoryName"":""생활·할 일"",""score"":1.0}]","[{""categoryId"":""LIFE_TASK"",""categoryName"":""생활·할 일"",""score"":1.0}]",True,True,True,False,15990.7621
28,TEXT-028,integrated-with-description,integrated,True,1,공과금 자동이체 변경 순서,생활·할 일/028-공과금 자동이체 변경 순서.txt,LIFE_TASK,생활·할 일,LIFE_TASK,True,0.5,LIFE_TASK,LIFE_TASK,True,,0,1,True,True,EXACT_CORRECT,False,False,False,False,False,False,True,True,True,True,False,[],,"[{""categoryId"":""LIFE_TASK"",""categoryName"":""생활·할 일"",""score"":1.0}]","[{""categoryId"":""LIFE_TASK"",""categoryName"":""생활·할 일"",""score"":1.0}]",True,True,True,False,18024.3585
23,TEXT-023,integrated-with-description,integrated,True,1,기숙사 준비물,생활·할 일/기숙사 준비물.txt,LIFE_TASK,생활·할 일,LIFE_TASK,True,0.5,LIFE_TASK,LIFE_TASK,True,,0,1,True,True,EXACT_CORRECT,False,False,False,False,False,False,True,True,True,True,False,[],,"[{""categoryId"":""LIFE_TASK"",""categoryName"":""생활·할 일"",""score"":1.0}]","[{""categoryId"":""LIFE_TASK"",""categoryName"":""생활·할 일"",""score"":1.0}]",True,True,True,False,18739.4164
11,TEXT-011,integrated-with-description,integrated,True,1,텍스트-2026.07.20-1100,쇼핑·제품/011-텍스트-2026.07.20-1100.txt,SHOPPING_PRODUCT,쇼핑·제품,SHOPPING_PRODUCT,True,0.5,SHOPPING_PRODUCT,SHOPPING_PRODUCT,True,,0,1,True,True,EXACT_CORRECT,False,False,False,False,False,False,True,True,True,True,False,[],,"[{""categoryId"":""SHOPPING_PRODUCT"",""categoryName"":""쇼핑·제품"",""score"":0.95}]","[{""categoryId"":""SHOPPING_PRODUCT"",""categoryName"":""쇼핑·제품"",""score"":0.95}]",True,True,True,False,21606.0907
12,TEXT-012,integrated-with-description,integrated,True,1,무선 키보드 구매 후보,쇼핑·제품/012-무선 키보드 구매 후보.txt,SHOPPING_PRODUCT,쇼핑·제품,SHOPPING_PRODUCT,True,0.5,SHOPPING_PRODUCT,SHOPPING_PRODUCT,True,,0,1,True,True,EXACT_CORRECT,False,False,False,False,False,False,True,True,True,True,False,[],,"[{""categoryId"":""SHOPPING_PRODUCT"",""categoryName"":""쇼핑·제품"",""score"":1.0}]","[{""categoryId"":""SHOPPING_PRODUCT"",""categoryName"":""쇼핑·제품"",""score"":1.0}]",True,True,True,False,23715.852
49,TEXT-049,integrated-with-description,integrated,True,1,무선 키보드 비교,쇼핑·제품/049-무선 키보드 비교.txt,SHOPPING_PRODUCT,쇼핑·제품,SHOPPING_PRODUCT,True,0.5,SHOPPING_PRODUCT,SHOPPING_PRODUCT,True,,0,1,True,True,EXACT_CORRECT,False,False,False,False,False,False,True,True,True,True,False,[],,"[{""categoryId"":""SHOPPING_PRODUCT"",""categoryName"":""쇼핑·제품"",""score"":0.95}]","[{""categoryId"":""SHOPPING_PRODUCT"",""categoryName"":""쇼핑·제품"",""score"":0.95}]",True,True,True,False,18953.6181
50,TEXT-050,integrated-with-description,integrated,True,1,텍스트-2026-07-11,쇼핑·제품/050-텍스트-2026-07-11.txt,SHOPPING_PRODUCT,쇼핑·제품,SHOPPING_PRODUCT,True,0.5,SHOPPING_PRODUCT,SHOPPING_PRODUCT,True,,0,1,True,True,EXACT_CORRECT,False,False,False,False,False,False,True,True,True,True,False,[],,"[{""categoryId"":""SHOPPING_PRODUCT"",""categoryName"":""쇼핑·제품"",""score"":0.9}]","[{""categoryId"":""SHOPPING_PRODUCT"",""categoryName"":""쇼핑·제품"",""score"":0.9}]",True,True,True,False,14954.5343
51,TEXT-051,integrated-with-description,integrated,True,1,로봇청소기 구매 후보,쇼핑·제품/051-로봇청소기 구매 후보.txt,SHOPPING_PRODUCT,쇼핑·제품,SHOPPING_PRODUCT,True,0.5,SHOPPING_PRODUCT,SHOPPING_PRODUCT,True,,0,1,True,True,EXACT_CORRECT,False,False,False,False,False,False,True,True,True,True,False,[],,"[{""categoryId"":""SHOPPING_PRODUCT"",""categoryName"":""쇼핑·제품"",""score"":0.95}]","[{""categoryId"":""SHOPPING_PRODUCT"",""categoryName"":""쇼핑·제품"",""score"":0.95}]",True,True,True,False,22308.4929
52,TEXT-052,integrated-with-description,integrated,True,1,여행용 보조배터리 확인 사항,쇼핑·제품/052-여행용 보조배터리 확인 사항.txt,SHOPPING_PRODUCT,쇼핑·제품,SHOPPING_PRODUCT,True,0.5,SHOPPING_PRODUCT|TRAVEL_PLACE,SHOPPING_PRODUCT|TRAVEL_PLACE,True,TRAVEL_PLACE,1,2,False,True,RELAXED_CORRECT,False,False,False,False,False,False,True,True,False,True,False,[],,"[{""categoryId"":""SHOPPING_PRODUCT"",""categoryName"":""쇼핑·제품"",""score"":0.95},{""categoryId"":""TRAVEL_PLACE"",""categoryName"":""여행·장소"",""score"":0.75}]","[{""categoryId"":""SHOPPING_PRODUCT"",""categoryName"":""쇼핑·제품"",""score"":0.95},{""categoryId"":""TRAVEL_PLACE"",""categoryName"":""여행·장소"",""score"":0.75}]",True,True,True,False,21293.8447
53,TEXT-053,integrated-with-description,integrated,True,1,부모님 선물용 마사지기 후기,쇼핑·제품/053-부모님 선물용 마사지기 후기.txt,SHOPPING_PRODUCT,쇼핑·제품,SHOPPING_PRODUCT,True,0.5,SHOPPING_PRODUCT,SHOPPING_PRODUCT,True,,0,1,True,True,EXACT_CORRECT,False,False,False,False,False,False,True,True,True,True,False,[],,"[{""categoryId"":""SHOPPING_PRODUCT"",""categoryName"":""쇼핑·제품"",""score"":0.95}]","[{""categoryId"":""SHOPPING_PRODUCT"",""categoryName"":""쇼핑·제품"",""score"":0.95}]",True,True,True,False,20693.9206
5,TEXT-005,integrated-with-description,integrated,True,1,텍스트-2026.07.20-0940,아이디어·영감/005-텍스트-2026.07.20-0940.txt,IDEA_INSPIRATION,아이디어·영감,IDEA_INSPIRATION,True,0.5,IDEA_INSPIRATION,IDEA_INSPIRATION,True,,0,1,True,True,EXACT_CORRECT,False,False,False,False,False,False,True,True,True,True,False,[],,"[{""categoryId"":""IDEA_INSPIRATION"",""categoryName"":""아이디어·영감"",""score"":0.95}]","[{""categoryId"":""IDEA_INSPIRATION"",""categoryName"":""아이디어·영감"",""score"":0.95}]",True,True,True,False,23848.6465
69,TEXT-069,integrated-with-description,integrated,True,1,앱 첫 화면 디자인 참고,아이디어·영감/069-앱 첫 화면 디자인 참고.txt,IDEA_INSPIRATION,아이디어·영감,IDEA_INSPIRATION,True,0.5,IDEA_INSPIRATION,IDEA_INSPIRATION,True,,0,1,True,True,EXACT_CORRECT,False,False,False,False,False,False,True,True,True,True,False,[],,"[{""categoryId"":""IDEA_INSPIRATION"",""categoryName"":""아이디어·영감"",""score"":0.8}]","[{""categoryId"":""IDEA_INSPIRATION"",""categoryName"":""아이디어·영감"",""score"":0.8}]",True,True,True,False,18021.6009
70,TEXT-070,integrated-with-description,integrated,True,1,텍스트-2026-07-19,아이디어·영감/070-텍스트-2026-07-19.txt,IDEA_INSPIRATION,아이디어·영감,IDEA_INSPIRATION,True,0.5,IDEA_INSPIRATION,IDEA_INSPIRATION,True,,0,1,True,True,EXACT_CORRECT,False,False,False,False,False,False,True,True,True,True,False,[],,"[{""categoryId"":""IDEA_INSPIRATION"",""categoryName"":""아이디어·영감"",""score"":0.9}]","[{""categoryId"":""IDEA_INSPIRATION"",""categoryName"":""아이디어·영감"",""score"":0.9}]",True,True,True,False,21129.8397
71,TEXT-071,integrated-with-description,integrated,True,1,방 꾸미기 참고 이미지,아이디어·영감/071-방 꾸미기 참고 이미지.txt,IDEA_INSPIRATION,아이디어·영감,LIFE_TASK,False,0.5,LIFE_TASK|CULTURE_CONTENT,LIFE_TASK|CULTURE_CONTENT,False,CULTURE_CONTENT|LIFE_TASK,2,2,False,False,WRONG_MISSING_GOLD,False,True,False,False,False,False,False,False,False,False,False,[],MISSING_GOLD_CATEGORY,"[{""categoryId"":""LIFE_TASK"",""categoryName"":""생활·할 일"",""score"":0.85},{""categoryId"":""CULTURE_CONTENT"",""categoryName"":""문화·콘텐츠"",""score"":0.65}]","[{""categoryId"":""LIFE_TASK"",""categoryName"":""생활·할 일"",""score"":0.85},{""categoryId"":""CULTURE_CONTENT"",""categoryName"":""문화·콘텐츠"",""score"":0.65}]",True,True,True,False,28494.1277
72,TEXT-072,integrated-with-description,integrated,True,1,숏폼 콘텐츠 구성 방식,아이디어·영감/072-숏폼 콘텐츠 구성 방식.txt,IDEA_INSPIRATION,아이디어·영감,IDEA_INSPIRATION,True,0.5,IDEA_INSPIRATION,IDEA_INSPIRATION,True,,0,1,True,True,EXACT_CORRECT,False,False,False,False,False,False,True,True,True,True,False,[],,"[{""categoryId"":""IDEA_INSPIRATION"",""categoryName"":""아이디어·영감"",""score"":0.95}]","[{""categoryId"":""IDEA_INSPIRATION"",""categoryName"":""아이디어·영감"",""score"":0.95}]",True,True,True,False,23549.4712
73,TEXT-073,integrated-with-description,integrated,True,1,사진 구도 참고,아이디어·영감/073-사진 구도 참고.txt,IDEA_INSPIRATION,아이디어·영감,IDEA_INSPIRATION,True,0.5,IDEA_INSPIRATION|CULTURE_CONTENT,IDEA_INSPIRATION|CULTURE_CONTENT,True,CULTURE_CONTENT,1,2,False,True,RELAXED_CORRECT,False,False,False,False,False,False,True,True,False,True,False,[],,"[{""categoryId"":""IDEA_INSPIRATION"",""categoryName"":""아이디어·영감"",""score"":0.8},{""categoryId"":""CULTURE_CONTENT"",""categoryName"":""문화·콘텐츠"",""score"":0.6}]","[{""categoryId"":""IDEA_INSPIRATION"",""categoryName"":""아이디어·영감"",""score"":0.8},{""categoryId"":""CULTURE_CONTENT"",""categoryName"":""문화·콘텐츠"",""score"":0.6}]",True,True,True,False,23704.2874
15,TEXT-015,integrated-with-description,integrated,True,1,텍스트-2026.07.20-1150,여행·장소/015-텍스트-2026.07.20-1150.txt,TRAVEL_PLACE,여행·장소,TRAVEL_PLACE,True,0.5,TRAVEL_PLACE,TRAVEL_PLACE,True,,0,1,True,True,EXACT_CORRECT,False,False,False,False,False,False,True,True,True,True,False,[],,"[{""categoryId"":""TRAVEL_PLACE"",""categoryName"":""여행·장소"",""score"":0.95}]","[{""categoryId"":""TRAVEL_PLACE"",""categoryName"":""여행·장소"",""score"":0.95}]",True,True,True,False,29127.2137
16,TEXT-016,integrated-with-description,integrated,True,1,서울 전시회 방문 후보,여행·장소/016-서울 전시회 방문 후보.txt,TRAVEL_PLACE,여행·장소,TRAVEL_PLACE,True,0.5,TRAVEL_PLACE,TRAVEL_PLACE,True,,0,1,True,True,EXACT_CORRECT,False,False,False,False,False,False,True,True,True,True,False,[],,"[{""categoryId"":""TRAVEL_PLACE"",""categoryName"":""여행·장소"",""score"":0.95}]","[{""categoryId"":""TRAVEL_PLACE"",""categoryName"":""여행·장소"",""score"":0.95}]",True,True,True,False,25111.9641
39,TEXT-039,integrated-with-description,integrated,True,1,부산에서 일몰 보기 좋은 곳,여행·장소/039-부산에서 일몰 보기 좋은 곳.txt,TRAVEL_PLACE,여행·장소,TRAVEL_PLACE,True,0.5,TRAVEL_PLACE,TRAVEL_PLACE,True,,0,1,True,True,EXACT_CORRECT,False,False,False,False,False,False,True,True,True,True,False,[],,"[{""categoryId"":""TRAVEL_PLACE"",""categoryName"":""여행·장소"",""score"":0.95}]","[{""categoryId"":""TRAVEL_PLACE"",""categoryName"":""여행·장소"",""score"":0.95}]",True,True,True,False,19069.1963
40,TEXT-040,integrated-with-description,integrated,True,1,텍스트-2026-07-07,여행·장소/040-텍스트-2026-07-07.txt,TRAVEL_PLACE,여행·장소,TRAVEL_PLACE,True,0.5,TRAVEL_PLACE,TRAVEL_PLACE,True,,0,1,True,True,EXACT_CORRECT,False,False,False,False,False,False,True,True,True,True,False,[],,"[{""categoryId"":""TRAVEL_PLACE"",""categoryName"":""여행·장소"",""score"":0.95}]","[{""categoryId"":""TRAVEL_PLACE"",""categoryName"":""여행·장소"",""score"":0.95}]",True,True,True,False,18582.3418
41,TEXT-041,integrated-with-description,integrated,True,1,교토 버스 이용 팁,여행·장소/041-교토 버스 이용 팁.txt,TRAVEL_PLACE,여행·장소,TRAVEL_PLACE,True,0.5,TRAVEL_PLACE,TRAVEL_PLACE,True,,0,1,True,True,EXACT_CORRECT,False,False,False,False,False,False,True,True,True,True,False,[],,"[{""categoryId"":""TRAVEL_PLACE"",""categoryName"":""여행·장소"",""score"":0.8}]","[{""categoryId"":""TRAVEL_PLACE"",""categoryName"":""여행·장소"",""score"":0.8}]",True,True,True,False,15898.7691
42,TEXT-042,integrated-with-description,integrated,True,1,비 오는 날 서울에서 갈 곳,여행·장소/042-비 오는 날 서울에서 갈 곳.txt,TRAVEL_PLACE,여행·장소,TRAVEL_PLACE,True,0.5,TRAVEL_PLACE,TRAVEL_PLACE,True,,0,1,True,True,EXACT_CORRECT,False,False,False,False,False,False,True,True,True,True,False,[],,"[{""categoryId"":""TRAVEL_PLACE"",""categoryName"":""여행·장소"",""score"":0.95}]","[{""categoryId"":""TRAVEL_PLACE"",""categoryName"":""여행·장소"",""score"":0.95}]",True,True,True,False,7337.6064
43,TEXT-043,integrated-with-description,integrated,True,1,숙소 예약 전에 확인할 내용,여행·장소/043-숙소 예약 전에 확인할 내용.txt,TRAVEL_PLACE,여행·장소,TRAVEL_PLACE,True,0.5,TRAVEL_PLACE,TRAVEL_PLACE,True,,0,1,True,True,EXACT_CORRECT,False,False,False,False,False,False,True,True,True,True,False,[],,"[{""categoryId"":""TRAVEL_PLACE"",""categoryName"":""여행·장소"",""score"":0.85},{""categoryId"":""SHOPPING_PRODUCT"",""categoryName"":""쇼핑·제품"",""score"":0.15}]","[{""categoryId"":""TRAVEL_PLACE"",""categoryName"":""여행·장소"",""score"":0.85},{""categoryId"":""SHOPPING_PRODUCT"",""categoryName"":""쇼핑·제품"",""score"":0.15}]",True,True,True,False,7472.9638
13,TEXT-013,integrated-with-description,integrated,True,1,텍스트-2026.07.20-1125,음식·맛집/013-텍스트-2026.07.20-1125.txt,FOOD_RESTAURANT,음식·맛집,FOOD_RESTAURANT,True,0.5,FOOD_RESTAURANT,FOOD_RESTAURANT,True,,0,1,True,True,EXACT_CORRECT,False,False,False,False,False,False,True,True,True,True,False,[],,"[{""categoryId"":""FOOD_RESTAURANT"",""categoryName"":""음식·맛집"",""score"":1.0}]","[{""categoryId"":""FOOD_RESTAURANT"",""categoryName"":""음식·맛집"",""score"":1.0}]",True,True,True,False,8667.9025
14,TEXT-014,integrated-with-description,integrated,True,1,닭가슴살 볶음밥 레시피,음식·맛집/014-닭가슴살 볶음밥 레시피.txt,FOOD_RESTAURANT,음식·맛집,FOOD_RESTAURANT,True,0.5,FOOD_RESTAURANT,FOOD_RESTAURANT,True,,0,1,True,True,EXACT_CORRECT,False,False,False,False,False,False,True,True,True,True,False,[],,"[{""categoryId"":""FOOD_RESTAURANT"",""categoryName"":""음식·맛집"",""score"":1.0}]","[{""categoryId"":""FOOD_RESTAURANT"",""categoryName"":""음식·맛집"",""score"":1.0}]",True,True,True,False,8915.0049
44,TEXT-044,integrated-with-description,integrated,True,1,성수동 파스타 식당,음식·맛집/044-성수동 파스타 식당.txt,FOOD_RESTAURANT,음식·맛집,FOOD_RESTAURANT,True,0.5,FOOD_RESTAURANT,FOOD_RESTAURANT,True,,0,1,True,True,EXACT_CORRECT,False,False,False,False,False,False,True,True,True,True,False,[],,"[{""categoryId"":""FOOD_RESTAURANT"",""categoryName"":""음식·맛집"",""score"":1.0}]","[{""categoryId"":""FOOD_RESTAURANT"",""categoryName"":""음식·맛집"",""score"":1.0}]",True,True,True,False,8988.3501
45,TEXT-045,integrated-with-description,integrated,True,1,텍스트-2026-07-09,음식·맛집/045-텍스트-2026-07-09.txt,FOOD_RESTAURANT,음식·맛집,FOOD_RESTAURANT,True,0.5,FOOD_RESTAURANT,FOOD_RESTAURANT,True,,0,1,True,True,EXACT_CORRECT,False,False,False,False,False,False,True,True,True,True,False,[],,"[{""categoryId"":""FOOD_RESTAURANT"",""categoryName"":""음식·맛집"",""score"":1.0}]","[{""categoryId"":""FOOD_RESTAURANT"",""categoryName"":""음식·맛집"",""score"":1.0}]",True,True,True,False,6402.2489
46,TEXT-046,integrated-with-description,integrated,True,1,광주에서 늦게까지 하는 카페,음식·맛집/046-광주에서 늦게까지 하는 카페.txt,FOOD_RESTAURANT,음식·맛집,FOOD_RESTAURANT,True,0.5,FOOD_RESTAURANT,FOOD_RESTAURANT,True,,0,1,True,True,EXACT_CORRECT,False,False,False,False,False,False,True,True,True,True,False,[],,"[{""categoryId"":""FOOD_RESTAURANT"",""categoryName"":""음식·맛집"",""score"":0.85}]","[{""categoryId"":""FOOD_RESTAURANT"",""categoryName"":""음식·맛집"",""score"":0.85}]",True,True,True,False,8395.4464
47,TEXT-047,integrated-with-description,integrated,True,1,냉동 만두를 바삭하게 굽는 방법,음식·맛집/047-냉동 만두를 바삭하게 굽는 방법.txt,FOOD_RESTAURANT,음식·맛집,FOOD_RESTAURANT,True,0.5,FOOD_RESTAURANT,FOOD_RESTAURANT,True,,0,1,True,True,EXACT_CORRECT,False,False,False,False,False,False,True,True,True,True,False,[],,"[{""categoryId"":""FOOD_RESTAURANT"",""categoryName"":""음식·맛집"",""score"":1.0}]","[{""categoryId"":""FOOD_RESTAURANT"",""categoryName"":""음식·맛집"",""score"":1.0}]",True,True,True,False,10163.8485
48,TEXT-048,integrated-with-description,integrated,True,1,제주 고기국수 후보,음식·맛집/048-제주 고기국수 후보.txt,FOOD_RESTAURANT,음식·맛집,FOOD_RESTAURANT,True,0.5,FOOD_RESTAURANT,FOOD_RESTAURANT,True,,0,1,True,True,EXACT_CORRECT,False,False,False,False,False,False,True,True,True,True,False,[],,"[{""categoryId"":""FOOD_RESTAURANT"",""categoryName"":""음식·맛집"",""score"":1.0}]","[{""categoryId"":""FOOD_RESTAURANT"",""categoryName"":""음식·맛집"",""score"":1.0}]",True,True,True,False,8813.1078
7,TEXT-007,integrated-with-description,integrated,True,1,텍스트-2026.07.20-1010,취업·커리어/007-텍스트-2026.07.20-1010.txt,CAREER,취업·커리어,LEARNING_KNOWLEDGE,False,0.5,LEARNING_KNOWLEDGE,LEARNING_KNOWLEDGE,False,LEARNING_KNOWLEDGE,1,1,False,False,WRONG_MISSING_GOLD,False,True,False,False,False,False,False,False,False,False,False,[],MISSING_GOLD_CATEGORY,"[{""categoryId"":""LEARNING_KNOWLEDGE"",""categoryName"":""학습·지식"",""score"":1.0}]","[{""categoryId"":""LEARNING_KNOWLEDGE"",""categoryName"":""학습·지식"",""score"":1.0}]",True,True,True,False,8576.4614
8,TEXT-008,integrated-with-description,integrated,True,1,공기업 채용 공고 확인,취업·커리어/008-공기업 채용 공고 확인.txt,CAREER,취업·커리어,CAREER,True,0.5,CAREER,CAREER,True,,0,1,True,True,EXACT_CORRECT,False,False,False,False,False,False,True,True,True,True,False,[],,"[{""categoryId"":""CAREER"",""categoryName"":""취업·커리어"",""score"":1.0}]","[{""categoryId"":""CAREER"",""categoryName"":""취업·커리어"",""score"":1.0}]",True,True,True,False,7699.2333
34,TEXT-034,integrated-with-description,integrated,True,1,백엔드 개발자 채용 공고 확인,취업·커리어/034-백엔드 개발자 채용 공고 확인.txt,CAREER,취업·커리어,CAREER,True,0.5,CAREER,CAREER,True,,0,1,True,True,EXACT_CORRECT,False,False,False,False,False,False,True,True,True,True,False,[],,"[{""categoryId"":""CAREER"",""categoryName"":""취업·커리어"",""score"":1.0}]","[{""categoryId"":""CAREER"",""categoryName"":""취업·커리어"",""score"":1.0}]",True,True,True,False,7958.3918
35,TEXT-035,integrated-with-description,integrated,True,1,텍스트-2026-07-05,취업·커리어/035-텍스트-2026-07-05.txt,CAREER,취업·커리어,CAREER,True,0.5,CAREER,CAREER,True,,0,1,True,True,EXACT_CORRECT,False,False,False,False,False,False,True,True,True,True,False,[],,"[{""categoryId"":""CAREER"",""categoryName"":""취업·커리어"",""score"":1.0}]","[{""categoryId"":""CAREER"",""categoryName"":""취업·커리어"",""score"":1.0}]",True,True,True,False,8063.4949
36,TEXT-036,integrated-with-description,integrated,True,1,자기소개서 수정할 부분,취업·커리어/036-자기소개서 수정할 부분.txt,CAREER,취업·커리어,CAREER,True,0.5,CAREER,CAREER,True,,0,1,True,True,EXACT_CORRECT,False,False,False,False,False,False,True,True,True,True,False,[],,"[{""categoryId"":""CAREER"",""categoryName"":""취업·커리어"",""score"":1.0}]","[{""categoryId"":""CAREER"",""categoryName"":""취업·커리어"",""score"":1.0}]",True,True,True,False,7183.3427
37,TEXT-037,integrated-with-description,integrated,True,1,이직 전 확인할 조건,취업·커리어/037-이직 전 확인할 조건.txt,CAREER,취업·커리어,CAREER,True,0.5,CAREER,CAREER,True,,0,1,True,True,EXACT_CORRECT,False,False,False,False,False,False,True,True,True,True,False,[],,"[{""categoryId"":""CAREER"",""categoryName"":""취업·커리어"",""score"":0.9}]","[{""categoryId"":""CAREER"",""categoryName"":""취업·커리어"",""score"":0.9}]",True,True,True,False,8829.0809
38,TEXT-038,integrated-with-description,integrated,True,1,포트폴리오 프로젝트 설명 방식,취업·커리어/038-포트폴리오 프로젝트 설명 방식.txt,CAREER,취업·커리어,LEARNING_KNOWLEDGE,False,0.5,LEARNING_KNOWLEDGE,LEARNING_KNOWLEDGE,False,LEARNING_KNOWLEDGE,1,1,False,False,WRONG_MISSING_GOLD,False,True,False,False,False,False,False,False,False,False,False,[],MISSING_GOLD_CATEGORY,"[{""categoryId"":""LEARNING_KNOWLEDGE"",""categoryName"":""학습·지식"",""score"":0.95}]","[{""categoryId"":""LEARNING_KNOWLEDGE"",""categoryName"":""학습·지식"",""score"":0.95}]",True,True,True,False,8615.9915
1,TEXT-001,integrated-with-description,integrated,True,1,텍스트-2026.07.20-0905,학습·지식/001-텍스트-2026.07.20-0905.txt,LEARNING_KNOWLEDGE,학습·지식,LEARNING_KNOWLEDGE,True,0.5,LEARNING_KNOWLEDGE,LEARNING_KNOWLEDGE,True,,0,1,True,True,EXACT_CORRECT,False,False,False,False,False,False,True,True,True,True,False,[],,"[{""categoryId"":""LEARNING_KNOWLEDGE"",""categoryName"":""학습·지식"",""score"":0.95}]","[{""categoryId"":""LEARNING_KNOWLEDGE"",""categoryName"":""학습·지식"",""score"":0.95}]",True,True,True,False,10377.1466
2,TEXT-002,integrated-with-description,integrated,True,1,JWT 재발급 구조 정리,학습·지식/002-JWT 재발급 구조 정리.txt,LEARNING_KNOWLEDGE,학습·지식,LEARNING_KNOWLEDGE,True,0.5,LEARNING_KNOWLEDGE,LEARNING_KNOWLEDGE,True,,0,1,True,True,EXACT_CORRECT,False,False,False,False,False,False,True,True,True,True,False,[],,"[{""categoryId"":""LEARNING_KNOWLEDGE"",""categoryName"":""학습·지식"",""score"":1.0}]","[{""categoryId"":""LEARNING_KNOWLEDGE"",""categoryName"":""학습·지식"",""score"":1.0}]",True,True,True,False,10445.1791
3,TEXT-003,integrated-with-description,integrated,True,1,텍스트-2026.07.20-0920,학습·지식/003-텍스트-2026.07.20-0920.txt,LEARNING_KNOWLEDGE,학습·지식,LEARNING_KNOWLEDGE,True,0.5,LEARNING_KNOWLEDGE,LEARNING_KNOWLEDGE,True,,0,1,True,True,EXACT_CORRECT,False,False,False,False,False,False,True,True,True,True,False,[],,"[{""categoryId"":""LEARNING_KNOWLEDGE"",""categoryName"":""학습·지식"",""score"":1.0}]","[{""categoryId"":""LEARNING_KNOWLEDGE"",""categoryName"":""학습·지식"",""score"":1.0}]",True,True,True,False,7246.3632
4,TEXT-004,integrated-with-description,integrated,True,1,SQLD 시험 공부 계획,학습·지식/004-SQLD 시험 공부 계획.txt,LEARNING_KNOWLEDGE,학습·지식,LEARNING_KNOWLEDGE,True,0.5,LEARNING_KNOWLEDGE,LEARNING_KNOWLEDGE,True,,0,1,True,True,EXACT_CORRECT,False,False,False,False,False,False,True,True,True,True,False,[],,"[{""categoryId"":""LEARNING_KNOWLEDGE"",""categoryName"":""학습·지식"",""score"":1.0}]","[{""categoryId"":""LEARNING_KNOWLEDGE"",""categoryName"":""학습·지식"",""score"":1.0}]",True,True,True,False,9108.7504
29,TEXT-029,integrated-with-description,integrated,True,1,Redis 큐에서 작업이 중복될 수 있는 이유,학습·지식/029-Redis 큐에서 작업이 중복될 수 있는 이유.txt,LEARNING_KNOWLEDGE,학습·지식,LEARNING_KNOWLEDGE,True,0.5,LEARNING_KNOWLEDGE,LEARNING_KNOWLEDGE,True,,0,1,True,True,EXACT_CORRECT,False,False,False,False,False,False,True,True,True,True,False,[],,"[{""categoryId"":""LEARNING_KNOWLEDGE"",""categoryName"":""학습·지식"",""score"":1.0}]","[{""categoryId"":""LEARNING_KNOWLEDGE"",""categoryName"":""학습·지식"",""score"":1.0}]",True,True,True,False,8324.2683
30,TEXT-030,integrated-with-description,integrated,True,1,텍스트-2026-07-03,학습·지식/030-텍스트-2026-07-03.txt,LEARNING_KNOWLEDGE,학습·지식,LEARNING_KNOWLEDGE,True,0.5,LEARNING_KNOWLEDGE,LEARNING_KNOWLEDGE,True,,0,1,True,True,EXACT_CORRECT,False,False,False,False,False,False,True,True,True,True,False,[],,"[{""categoryId"":""LEARNING_KNOWLEDGE"",""categoryName"":""학습·지식"",""score"":1.0}]","[{""categoryId"":""LEARNING_KNOWLEDGE"",""categoryName"":""학습·지식"",""score"":1.0}]",True,True,True,False,7496.5391
31,TEXT-031,integrated-with-description,integrated,True,1,사진 촬영에서 조리개의 역할,학습·지식/031-사진 촬영에서 조리개의 역할.txt,LEARNING_KNOWLEDGE,학습·지식,LEARNING_KNOWLEDGE,True,0.5,LEARNING_KNOWLEDGE,LEARNING_KNOWLEDGE,True,,0,1,True,True,EXACT_CORRECT,False,False,False,False,False,False,True,True,True,True,False,[],,"[{""categoryId"":""LEARNING_KNOWLEDGE"",""categoryName"":""학습·지식"",""score"":0.95}]","[{""categoryId"":""LEARNING_KNOWLEDGE"",""categoryName"":""학습·지식"",""score"":0.95}]",True,True,True,False,9669.4028
32,TEXT-032,integrated-with-description,integrated,True,1,전세와 월세의 차이 정리,학습·지식/032-전세와 월세의 차이 정리.txt,LEARNING_KNOWLEDGE,학습·지식,LEARNING_KNOWLEDGE,True,0.5,LEARNING_KNOWLEDGE,LEARNING_KNOWLEDGE,True,,0,1,True,True,EXACT_CORRECT,False,False,False,False,False,False,True,True,True,True,False,[],,"[{""categoryId"":""LEARNING_KNOWLEDGE"",""categoryName"":""학습·지식"",""score"":1.0}]","[{""categoryId"":""LEARNING_KNOWLEDGE"",""categoryName"":""학습·지식"",""score"":1.0}]",True,True,True,False,8587.0524
33,TEXT-033,integrated-with-description,integrated,True,1,좋은 발표 자료의 정보 구조,학습·지식/033-좋은 발표 자료의 정보 구조.txt,LEARNING_KNOWLEDGE,학습·지식,IDEA_INSPIRATION,False,0.5,IDEA_INSPIRATION,IDEA_INSPIRATION,False,IDEA_INSPIRATION,1,1,False,False,WRONG_MISSING_GOLD,False,True,False,False,False,False,False,False,False,False,False,[],MISSING_GOLD_CATEGORY,"[{""categoryId"":""IDEA_INSPIRATION"",""categoryName"":""아이디어·영감"",""score"":0.95}]","[{""categoryId"":""IDEA_INSPIRATION"",""categoryName"":""아이디어·영감"",""score"":0.95}]",True,True,True,False,7827.9791
17,TEXT-017,integrated-with-description,integrated,True,1,텍스트-2026.07.20-1220,건강·운동/017-텍스트-2026.07.20-1220.txt,HEALTH_EXERCISE,건강·운동,HEALTH_EXERCISE,True,0.6,HEALTH_EXERCISE,HEALTH_EXERCISE,True,,0,1,True,True,EXACT_CORRECT,False,False,False,False,False,False,True,True,True,True,False,[],,"[{""categoryId"":""HEALTH_EXERCISE"",""categoryName"":""건강·운동"",""score"":1.0}]","[{""categoryId"":""HEALTH_EXERCISE"",""categoryName"":""건강·운동"",""score"":1.0}]",True,True,True,False,15945.9195
18,TEXT-018,integrated-with-description,integrated,True,1,주 3회 운동 계획,건강·운동/018-주 3회 운동 계획.txt,HEALTH_EXERCISE,건강·운동,HEALTH_EXERCISE,True,0.6,HEALTH_EXERCISE,HEALTH_EXERCISE,True,,0,1,True,True,EXACT_CORRECT,False,False,False,False,False,False,True,True,True,True,False,[],,"[{""categoryId"":""HEALTH_EXERCISE"",""categoryName"":""건강·운동"",""score"":1.0}]","[{""categoryId"":""HEALTH_EXERCISE"",""categoryName"":""건강·운동"",""score"":1.0}]",True,True,True,False,8073.646
54,TEXT-054,integrated-with-description,integrated,True,1,허리 부담을 줄이는 스쿼트 자세,건강·운동/054-허리 부담을 줄이는 스쿼트 자세.txt,HEALTH_EXERCISE,건강·운동,HEALTH_EXERCISE,True,0.6,HEALTH_EXERCISE,HEALTH_EXERCISE,True,,0,1,True,True,EXACT_CORRECT,False,False,False,False,False,False,True,True,True,True,False,[],,"[{""categoryId"":""HEALTH_EXERCISE"",""categoryName"":""건강·운동"",""score"":1.0}]","[{""categoryId"":""HEALTH_EXERCISE"",""categoryName"":""건강·운동"",""score"":1.0}]",True,True,True,False,8329.4864
55,TEXT-055,integrated-with-description,integrated,True,1,텍스트-2026-07-13,건강·운동/055-텍스트-2026-07-13.txt,HEALTH_EXERCISE,건강·운동,HEALTH_EXERCISE,True,0.6,HEALTH_EXERCISE,HEALTH_EXERCISE,True,,0,1,True,True,EXACT_CORRECT,False,False,False,False,False,False,True,True,True,True,False,[],,"[{""categoryId"":""HEALTH_EXERCISE"",""categoryName"":""건강·운동"",""score"":0.9}]","[{""categoryId"":""HEALTH_EXERCISE"",""categoryName"":""건강·운동"",""score"":0.9}]",True,True,True,False,7590.5508
56,TEXT-056,integrated-with-description,integrated,True,1,러닝 초보자 주간 계획,건강·운동/056-러닝 초보자 주간 계획.txt,HEALTH_EXERCISE,건강·운동,HEALTH_EXERCISE,True,0.6,HEALTH_EXERCISE,HEALTH_EXERCISE,True,,0,1,True,True,EXACT_CORRECT,False,False,False,False,False,False,True,True,True,True,False,[],,"[{""categoryId"":""HEALTH_EXERCISE"",""categoryName"":""건강·운동"",""score"":1.0}]","[{""categoryId"":""HEALTH_EXERCISE"",""categoryName"":""건강·운동"",""score"":1.0}]",True,True,True,False,7697.085
57,TEXT-057,integrated-with-description,integrated,True,1,장시간 앉아 있을 때 스트레칭,건강·운동/057-장시간 앉아 있을 때 스트레칭.txt,HEALTH_EXERCISE,건강·운동,HEALTH_EXERCISE,True,0.6,HEALTH_EXERCISE,HEALTH_EXERCISE,True,,0,1,True,True,EXACT_CORRECT,False,False,False,False,False,False,True,True,True,True,False,[],,"[{""categoryId"":""HEALTH_EXERCISE"",""categoryName"":""건강·운동"",""score"":1.0}]","[{""categoryId"":""HEALTH_EXERCISE"",""categoryName"":""건강·운동"",""score"":1.0}]",True,True,True,False,8701.7719
58,TEXT-058,integrated-with-description,integrated,True,1,운동 후 식사 구성,건강·운동/058-운동 후 식사 구성.txt,HEALTH_EXERCISE,건강·운동,HEALTH_EXERCISE,True,0.6,HEALTH_EXERCISE|FOOD_RESTAURANT,HEALTH_EXERCISE|FOOD_RESTAURANT,True,FOOD_RESTAURANT,1,2,False,True,RELAXED_CORRECT,False,False,False,False,False,False,True,True,False,True,False,[],,"[{""categoryId"":""HEALTH_EXERCISE"",""categoryName"":""건강·운동"",""score"":0.8},{""categoryId"":""FOOD_RESTAURANT"",""categoryName"":""음식·맛집"",""score"":0.6}]","[{""categoryId"":""HEALTH_EXERCISE"",""categoryName"":""건강·운동"",""score"":0.8},{""categoryId"":""FOOD_RESTAURANT"",""categoryName"":""음식·맛집"",""score"":0.6}]",True,True,True,False,11155.781
21,TEXT-021,integrated-with-description,integrated,True,1,텍스트-2026.07.20-1310,기타/021-텍스트-2026.07.20-1310.txt,OTHER,기타,IDEA_INSPIRATION,False,0.6,IDEA_INSPIRATION|LIFE_TASK,IDEA_INSPIRATION|LIFE_TASK,False,IDEA_INSPIRATION|LIFE_TASK,2,2,False,False,WRONG_MISSING_GOLD,False,True,False,False,False,False,False,False,False,False,False,[],MISSING_GOLD_CATEGORY,"[{""categoryId"":""IDEA_INSPIRATION"",""categoryName"":""아이디어·영감"",""score"":0.8},{""categoryId"":""LIFE_TASK"",""categoryName"":""생활·할 일"",""score"":0.6}]","[{""categoryId"":""IDEA_INSPIRATION"",""categoryName"":""아이디어·영감"",""score"":0.8},{""categoryId"":""LIFE_TASK"",""categoryName"":""생활·할 일"",""score"":0.6}]",True,True,False,False,8987.4788
22,TEXT-022,integrated-with-description,integrated,True,1,텍스트-2026.07.20-1325,기타/022-텍스트-2026.07.20-1325.txt,OTHER,기타,IDEA_INSPIRATION,False,0.6,IDEA_INSPIRATION,IDEA_INSPIRATION,False,IDEA_INSPIRATION,1,1,False,False,WRONG_MISSING_GOLD,False,True,False,False,False,False,False,False,False,False,False,[],MISSING_GOLD_CATEGORY,"[{""categoryId"":""IDEA_INSPIRATION"",""categoryName"":""아이디어·영감"",""score"":1.0}]","[{""categoryId"":""IDEA_INSPIRATION"",""categoryName"":""아이디어·영감"",""score"":1.0}]",True,True,True,False,8400.6814
74,TEXT-074,integrated-with-description,integrated,True,1,텍스트-2026-07-21,기타/074-텍스트-2026-07-21.txt,OTHER,기타,OTHER,True,0.6,OTHER,OTHER,True,,0,1,True,True,EXACT_CORRECT,False,False,False,False,False,False,True,True,True,True,False,[],,"[{""categoryId"":""OTHER"",""categoryName"":""기타"",""score"":1.0}]","[{""categoryId"":""OTHER"",""categoryName"":""기타"",""score"":1.0}]",True,True,True,False,5390.4815
75,TEXT-075,integrated-with-description,integrated,True,1,확인할 문자열,기타/075-확인할 문자열.txt,OTHER,기타,SHOPPING_PRODUCT,False,0.6,SHOPPING_PRODUCT,SHOPPING_PRODUCT,False,SHOPPING_PRODUCT,1,1,False,False,WRONG_MISSING_GOLD,False,True,False,False,False,False,False,False,False,False,False,[],MISSING_GOLD_CATEGORY,"[{""categoryId"":""SHOPPING_PRODUCT"",""categoryName"":""쇼핑·제품"",""score"":1.0}]","[{""categoryId"":""SHOPPING_PRODUCT"",""categoryName"":""쇼핑·제품"",""score"":1.0}]",True,True,True,False,5197.2347
76,TEXT-076,integrated-with-description,integrated,True,1,텍스트-2026-07-22,기타/076-텍스트-2026-07-22.txt,OTHER,기타,,False,0.6,,OTHER,False,,0,0,False,False,EMPTY_PREDICTION,False,True,False,True,False,False,False,True,True,True,False,[],MISSING_GOLD_CATEGORY|EMPTY_PREDICTION|FALLBACK_USED,[],[],True,True,True,False,3814.7951
77,TEXT-077,integrated-with-description,integrated,True,1,내용을 확인할 수 없는 링크,기타/077-내용을 확인할 수 없는 링크.txt,OTHER,기타,,False,0.6,,OTHER,False,,0,0,False,False,EMPTY_PREDICTION,False,True,False,True,False,False,False,True,True,True,False,[],MISSING_GOLD_CATEGORY|EMPTY_PREDICTION|FALLBACK_USED,[],[],True,True,True,False,6057.4799
78,TEXT-078,integrated-with-description,integrated,True,1,이미지 추출 실패,기타/078-이미지 추출 실패.txt,OTHER,기타,OTHER,True,0.6,OTHER,OTHER,True,,0,1,True,True,EXACT_CORRECT,False,False,False,False,False,False,True,True,True,True,False,[],,"[{""categoryId"":""OTHER"",""categoryName"":""기타"",""score"":0.8}]","[{""categoryId"":""OTHER"",""categoryName"":""기타"",""score"":0.8}]",True,True,True,False,6620.9966
64,TEXT-064,integrated-with-description,integrated,True,1,월급 통장 나누는 방법,돈·재테크/064-월급 통장 나누는 방법.txt,MONEY_FINANCE,돈·재테크,MONEY_FINANCE,True,0.6,MONEY_FINANCE,MONEY_FINANCE,True,,0,1,True,True,EXACT_CORRECT,False,False,False,False,False,False,True,True,True,True,False,[],,"[{""categoryId"":""MONEY_FINANCE"",""categoryName"":""돈·재테크"",""score"":1.0}]","[{""categoryId"":""MONEY_FINANCE"",""categoryName"":""돈·재테크"",""score"":1.0}]",True,True,True,False,7873.0257
65,TEXT-065,integrated-with-description,integrated,True,1,텍스트-2026-07-17,돈·재테크/065-텍스트-2026-07-17.txt,MONEY_FINANCE,돈·재테크,MONEY_FINANCE,True,0.6,MONEY_FINANCE,MONEY_FINANCE,True,,0,1,True,True,EXACT_CORRECT,False,False,False,False,False,False,True,True,True,True,False,[],,"[{""categoryId"":""MONEY_FINANCE"",""categoryName"":""돈·재테크"",""score"":1.0}]","[{""categoryId"":""MONEY_FINANCE"",""categoryName"":""돈·재테크"",""score"":1.0}]",True,True,True,False,20251.2072
66,TEXT-066,integrated-with-description,integrated,True,1,카드 혜택 비교,돈·재테크/066-카드 혜택 비교.txt,MONEY_FINANCE,돈·재테크,MONEY_FINANCE,True,0.6,MONEY_FINANCE,MONEY_FINANCE,True,,0,1,True,True,EXACT_CORRECT,False,False,False,False,False,False,True,True,True,True,False,[],,"[{""categoryId"":""MONEY_FINANCE"",""categoryName"":""돈·재테크"",""score"":0.95}]","[{""categoryId"":""MONEY_FINANCE"",""categoryName"":""돈·재테크"",""score"":0.95}]",True,True,True,False,24086.1371
67,TEXT-067,integrated-with-description,integrated,True,1,비상금 규모 정하기,돈·재테크/067-비상금 규모 정하기.txt,MONEY_FINANCE,돈·재테크,MONEY_FINANCE,True,0.6,MONEY_FINANCE,MONEY_FINANCE,True,,0,1,True,True,EXACT_CORRECT,False,False,False,False,False,False,True,True,True,True,False,[],,"[{""categoryId"":""MONEY_FINANCE"",""categoryName"":""돈·재테크"",""score"":1.0}]","[{""categoryId"":""MONEY_FINANCE"",""categoryName"":""돈·재테크"",""score"":1.0}]",True,True,True,False,16565.6871
68,TEXT-068,integrated-with-description,integrated,True,1,보험 가입 전에 확인할 내용,돈·재테크/068-보험 가입 전에 확인할 내용.txt,MONEY_FINANCE,돈·재테크,MONEY_FINANCE,True,0.6,MONEY_FINANCE,MONEY_FINANCE,True,,0,1,True,True,EXACT_CORRECT,False,False,False,False,False,False,True,True,True,True,False,[],,"[{""categoryId"":""MONEY_FINANCE"",""categoryName"":""돈·재테크"",""score"":1.0}]","[{""categoryId"":""MONEY_FINANCE"",""categoryName"":""돈·재테크"",""score"":1.0}]",True,True,True,False,18321.7286
19,TEXT-019,integrated-with-description,integrated,True,1,텍스트-2026.07.20-1245,문화·콘텐츠/019-텍스트-2026.07.20-1245.txt,CULTURE_CONTENT,문화·콘텐츠,CULTURE_CONTENT,True,0.6,CULTURE_CONTENT|IDEA_INSPIRATION,CULTURE_CONTENT|IDEA_INSPIRATION,True,IDEA_INSPIRATION,1,2,False,True,RELAXED_CORRECT,False,False,False,False,False,False,True,True,False,True,False,[],,"[{""categoryId"":""CULTURE_CONTENT"",""categoryName"":""문화·콘텐츠"",""score"":0.9},{""categoryId"":""IDEA_INSPIRATION"",""categoryName"":""아이디어·영감"",""score"":0.6}]","[{""categoryId"":""CULTURE_CONTENT"",""categoryName"":""문화·콘텐츠"",""score"":0.9},{""categoryId"":""IDEA_INSPIRATION"",""categoryName"":""아이디어·영감"",""score"":0.6}]",True,True,True,False,25664.959
20,TEXT-020,integrated-with-description,integrated,True,1,읽어볼 개발 에세이,문화·콘텐츠/020-읽어볼 개발 에세이.txt,CULTURE_CONTENT,문화·콘텐츠,CULTURE_CONTENT,True,0.6,CULTURE_CONTENT,CULTURE_CONTENT,True,,0,1,True,True,EXACT_CORRECT,False,False,False,False,False,False,True,True,True,True,False,[],,"[{""categoryId"":""CULTURE_CONTENT"",""categoryName"":""문화·콘텐츠"",""score"":0.9}]","[{""categoryId"":""CULTURE_CONTENT"",""categoryName"":""문화·콘텐츠"",""score"":0.9}]",True,True,True,False,19802.2267
59,TEXT-059,integrated-with-description,integrated,True,1,주말에 볼 영화 후보,문화·콘텐츠/059-주말에 볼 영화 후보.txt,CULTURE_CONTENT,문화·콘텐츠,CULTURE_CONTENT,True,0.6,CULTURE_CONTENT,CULTURE_CONTENT,True,,0,1,True,True,EXACT_CORRECT,False,False,False,False,False,False,True,True,True,True,False,[],,"[{""categoryId"":""CULTURE_CONTENT"",""categoryName"":""문화·콘텐츠"",""score"":0.9}]","[{""categoryId"":""CULTURE_CONTENT"",""categoryName"":""문화·콘텐츠"",""score"":0.9}]",True,True,True,False,15446.0732
60,TEXT-060,integrated-with-description,integrated,True,1,텍스트-2026-07-15,문화·콘텐츠/060-텍스트-2026-07-15.txt,CULTURE_CONTENT,문화·콘텐츠,LEARNING_KNOWLEDGE,False,0.6,LEARNING_KNOWLEDGE,LEARNING_KNOWLEDGE,False,LEARNING_KNOWLEDGE,1,1,False,False,WRONG_MISSING_GOLD,False,True,False,False,False,False,False,False,False,False,False,[],MISSING_GOLD_CATEGORY,"[{""categoryId"":""LEARNING_KNOWLEDGE"",""categoryName"":""학습·지식"",""score"":1.0}]","[{""categoryId"":""LEARNING_KNOWLEDGE"",""categoryName"":""학습·지식"",""score"":1.0}]",True,True,True,False,17443.9045
61,TEXT-061,integrated-with-description,integrated,True,1,서울 사진전 정보,문화·콘텐츠/061-서울 사진전 정보.txt,CULTURE_CONTENT,문화·콘텐츠,CULTURE_CONTENT,True,0.6,CULTURE_CONTENT,CULTURE_CONTENT,True,,0,1,True,True,EXACT_CORRECT,False,False,False,False,False,False,True,True,True,True,False,[],,"[{""categoryId"":""CULTURE_CONTENT"",""categoryName"":""문화·콘텐츠"",""score"":1.0}]","[{""categoryId"":""CULTURE_CONTENT"",""categoryName"":""문화·콘텐츠"",""score"":1.0}]",True,True,True,False,14606.1215
62,TEXT-062,integrated-with-description,integrated,True,1,출근할 때 들을 음악,문화·콘텐츠/062-출근할 때 들을 음악.txt,CULTURE_CONTENT,문화·콘텐츠,CULTURE_CONTENT,True,0.6,CULTURE_CONTENT,CULTURE_CONTENT,True,,0,1,True,True,EXACT_CORRECT,False,False,False,False,False,False,True,True,True,True,False,[],,"[{""categoryId"":""FOOD_RESTAURANT"",""categoryName"":""음식·맛집"",""score"":0.3},{""categoryId"":""CULTURE_CONTENT"",""categoryName"":""문화·콘텐츠"",""score"":0.7}]","[{""categoryId"":""CULTURE_CONTENT"",""categoryName"":""문화·콘텐츠"",""score"":0.7},{""categoryId"":""FOOD_RESTAURANT"",""categoryName"":""음식·맛집"",""score"":0.3}]",True,True,True,False,22192.175
63,TEXT-063,integrated-with-description,integrated,True,1,웹툰 추천 목록,문화·콘텐츠/063-웹툰 추천 목록.txt,CULTURE_CONTENT,문화·콘텐츠,CULTURE_CONTENT,True,0.6,CULTURE_CONTENT,CULTURE_CONTENT,True,,0,1,True,True,EXACT_CORRECT,False,False,False,False,False,False,True,True,True,True,False,[],,"[{""categoryId"":""CULTURE_CONTENT"",""categoryName"":""문화·콘텐츠"",""score"":0.9}]","[{""categoryId"":""CULTURE_CONTENT"",""categoryName"":""문화·콘텐츠"",""score"":0.9}]",True,True,True,False,15412.0534
6,TEXT-006,integrated-with-description,integrated,True,1,1주차 백로그 정리,생활·할 일/006-1주차 백로그 정리.txt,LIFE_TASK,생활·할 일,LEARNING_KNOWLEDGE,False,0.6,LEARNING_KNOWLEDGE|CAREER,LEARNING_KNOWLEDGE|CAREER,False,CAREER|LEARNING_KNOWLEDGE,2,2,False,False,WRONG_MISSING_GOLD,False,True,False,False,False,False,False,False,False,False,False,[],MISSING_GOLD_CATEGORY,"[{""categoryId"":""LEARNING_KNOWLEDGE"",""categoryName"":""학습·지식"",""score"":0.85},{""categoryId"":""CAREER"",""categoryName"":""취업·커리어"",""score"":0.65}]","[{""categoryId"":""LEARNING_KNOWLEDGE"",""categoryName"":""학습·지식"",""score"":0.85},{""categoryId"":""CAREER"",""categoryName"":""취업·커리어"",""score"":0.65}]",True,True,True,False,24864.7217
9,TEXT-009,integrated-with-description,integrated,True,1,텍스트-2026.07.20-1035,생활·할 일/009-텍스트-2026.07.20-1035.txt,LIFE_TASK,생활·할 일,LIFE_TASK,True,0.6,LIFE_TASK,LIFE_TASK,True,,0,1,True,True,EXACT_CORRECT,False,False,False,False,False,False,True,True,True,True,False,[],,"[{""categoryId"":""LIFE_TASK"",""categoryName"":""생활·할 일"",""score"":1.0}]","[{""categoryId"":""LIFE_TASK"",""categoryName"":""생활·할 일"",""score"":1.0}]",True,True,True,False,17160.0338
10,TEXT-010,integrated-with-description,integrated,True,1,주말 방 정리 계획,생활·할 일/010-주말 방 정리 계획.txt,LIFE_TASK,생활·할 일,LIFE_TASK,True,0.6,LIFE_TASK,LIFE_TASK,True,,0,1,True,True,EXACT_CORRECT,False,False,False,False,False,False,True,True,True,True,False,[],,"[{""categoryId"":""LIFE_TASK"",""categoryName"":""생활·할 일"",""score"":1.0}]","[{""categoryId"":""LIFE_TASK"",""categoryName"":""생활·할 일"",""score"":1.0}]",True,True,True,False,22840.0336
24,TEXT-024,integrated-with-description,integrated,True,1,이사 전날 확인할 목록,생활·할 일/024-이사 전날 확인할 목록.txt,LIFE_TASK,생활·할 일,LIFE_TASK,True,0.6,LIFE_TASK,LIFE_TASK,True,,0,1,True,True,EXACT_CORRECT,False,False,False,False,False,False,True,True,True,True,False,[],,"[{""categoryId"":""LIFE_TASK"",""categoryName"":""생활·할 일"",""score"":1.0}]","[{""categoryId"":""LIFE_TASK"",""categoryName"":""생활·할 일"",""score"":1.0}]",True,True,True,False,21142.3408
25,TEXT-025,integrated-with-description,integrated,True,1,텍스트-2026-07-01,생활·할 일/025-텍스트-2026-07-01.txt,LIFE_TASK,생활·할 일,LIFE_TASK,True,0.6,LIFE_TASK,LIFE_TASK,True,,0,1,True,True,EXACT_CORRECT,False,False,False,False,False,False,True,True,True,True,False,[],,"[{""categoryId"":""LIFE_TASK"",""categoryName"":""생활·할 일"",""score"":1.0}]","[{""categoryId"":""LIFE_TASK"",""categoryName"":""생활·할 일"",""score"":1.0}]",True,True,True,False,18084.3556
26,TEXT-026,integrated-with-description,integrated,True,1,장마철 빨래 냄새 줄이는 방법,생활·할 일/026-장마철 빨래 냄새 줄이는 방법.txt,LIFE_TASK,생활·할 일,LIFE_TASK,True,0.6,LIFE_TASK,LIFE_TASK,True,,0,1,True,True,EXACT_CORRECT,False,False,False,False,False,False,True,True,True,True,False,[],,"[{""categoryId"":""LIFE_TASK"",""categoryName"":""생활·할 일"",""score"":1.0}]","[{""categoryId"":""LIFE_TASK"",""categoryName"":""생활·할 일"",""score"":1.0}]",True,True,True,False,19704.6552
27,TEXT-027,integrated-with-description,integrated,True,1,다음 주 일정 메모,생활·할 일/027-다음 주 일정 메모.txt,LIFE_TASK,생활·할 일,LIFE_TASK,True,0.6,LIFE_TASK,LIFE_TASK,True,,0,1,True,True,EXACT_CORRECT,False,False,False,False,False,False,True,True,True,True,False,[],,"[{""categoryId"":""LIFE_TASK"",""categoryName"":""생활·할 일"",""score"":1.0}]","[{""categoryId"":""LIFE_TASK"",""categoryName"":""생활·할 일"",""score"":1.0}]",True,True,True,False,15990.7621
28,TEXT-028,integrated-with-description,integrated,True,1,공과금 자동이체 변경 순서,생활·할 일/028-공과금 자동이체 변경 순서.txt,LIFE_TASK,생활·할 일,LIFE_TASK,True,0.6,LIFE_TASK,LIFE_TASK,True,,0,1,True,True,EXACT_CORRECT,False,False,False,False,False,False,True,True,True,True,False,[],,"[{""categoryId"":""LIFE_TASK"",""categoryName"":""생활·할 일"",""score"":1.0}]","[{""categoryId"":""LIFE_TASK"",""categoryName"":""생활·할 일"",""score"":1.0}]",True,True,True,False,18024.3585
23,TEXT-023,integrated-with-description,integrated,True,1,기숙사 준비물,생활·할 일/기숙사 준비물.txt,LIFE_TASK,생활·할 일,LIFE_TASK,True,0.6,LIFE_TASK,LIFE_TASK,True,,0,1,True,True,EXACT_CORRECT,False,False,False,False,False,False,True,True,True,True,False,[],,"[{""categoryId"":""LIFE_TASK"",""categoryName"":""생활·할 일"",""score"":1.0}]","[{""categoryId"":""LIFE_TASK"",""categoryName"":""생활·할 일"",""score"":1.0}]",True,True,True,False,18739.4164
11,TEXT-011,integrated-with-description,integrated,True,1,텍스트-2026.07.20-1100,쇼핑·제품/011-텍스트-2026.07.20-1100.txt,SHOPPING_PRODUCT,쇼핑·제품,SHOPPING_PRODUCT,True,0.6,SHOPPING_PRODUCT,SHOPPING_PRODUCT,True,,0,1,True,True,EXACT_CORRECT,False,False,False,False,False,False,True,True,True,True,False,[],,"[{""categoryId"":""SHOPPING_PRODUCT"",""categoryName"":""쇼핑·제품"",""score"":0.95}]","[{""categoryId"":""SHOPPING_PRODUCT"",""categoryName"":""쇼핑·제품"",""score"":0.95}]",True,True,True,False,21606.0907
12,TEXT-012,integrated-with-description,integrated,True,1,무선 키보드 구매 후보,쇼핑·제품/012-무선 키보드 구매 후보.txt,SHOPPING_PRODUCT,쇼핑·제품,SHOPPING_PRODUCT,True,0.6,SHOPPING_PRODUCT,SHOPPING_PRODUCT,True,,0,1,True,True,EXACT_CORRECT,False,False,False,False,False,False,True,True,True,True,False,[],,"[{""categoryId"":""SHOPPING_PRODUCT"",""categoryName"":""쇼핑·제품"",""score"":1.0}]","[{""categoryId"":""SHOPPING_PRODUCT"",""categoryName"":""쇼핑·제품"",""score"":1.0}]",True,True,True,False,23715.852
49,TEXT-049,integrated-with-description,integrated,True,1,무선 키보드 비교,쇼핑·제품/049-무선 키보드 비교.txt,SHOPPING_PRODUCT,쇼핑·제품,SHOPPING_PRODUCT,True,0.6,SHOPPING_PRODUCT,SHOPPING_PRODUCT,True,,0,1,True,True,EXACT_CORRECT,False,False,False,False,False,False,True,True,True,True,False,[],,"[{""categoryId"":""SHOPPING_PRODUCT"",""categoryName"":""쇼핑·제품"",""score"":0.95}]","[{""categoryId"":""SHOPPING_PRODUCT"",""categoryName"":""쇼핑·제품"",""score"":0.95}]",True,True,True,False,18953.6181
50,TEXT-050,integrated-with-description,integrated,True,1,텍스트-2026-07-11,쇼핑·제품/050-텍스트-2026-07-11.txt,SHOPPING_PRODUCT,쇼핑·제품,SHOPPING_PRODUCT,True,0.6,SHOPPING_PRODUCT,SHOPPING_PRODUCT,True,,0,1,True,True,EXACT_CORRECT,False,False,False,False,False,False,True,True,True,True,False,[],,"[{""categoryId"":""SHOPPING_PRODUCT"",""categoryName"":""쇼핑·제품"",""score"":0.9}]","[{""categoryId"":""SHOPPING_PRODUCT"",""categoryName"":""쇼핑·제품"",""score"":0.9}]",True,True,True,False,14954.5343
51,TEXT-051,integrated-with-description,integrated,True,1,로봇청소기 구매 후보,쇼핑·제품/051-로봇청소기 구매 후보.txt,SHOPPING_PRODUCT,쇼핑·제품,SHOPPING_PRODUCT,True,0.6,SHOPPING_PRODUCT,SHOPPING_PRODUCT,True,,0,1,True,True,EXACT_CORRECT,False,False,False,False,False,False,True,True,True,True,False,[],,"[{""categoryId"":""SHOPPING_PRODUCT"",""categoryName"":""쇼핑·제품"",""score"":0.95}]","[{""categoryId"":""SHOPPING_PRODUCT"",""categoryName"":""쇼핑·제품"",""score"":0.95}]",True,True,True,False,22308.4929
52,TEXT-052,integrated-with-description,integrated,True,1,여행용 보조배터리 확인 사항,쇼핑·제품/052-여행용 보조배터리 확인 사항.txt,SHOPPING_PRODUCT,쇼핑·제품,SHOPPING_PRODUCT,True,0.6,SHOPPING_PRODUCT|TRAVEL_PLACE,SHOPPING_PRODUCT|TRAVEL_PLACE,True,TRAVEL_PLACE,1,2,False,True,RELAXED_CORRECT,False,False,False,False,False,False,True,True,False,True,False,[],,"[{""categoryId"":""SHOPPING_PRODUCT"",""categoryName"":""쇼핑·제품"",""score"":0.95},{""categoryId"":""TRAVEL_PLACE"",""categoryName"":""여행·장소"",""score"":0.75}]","[{""categoryId"":""SHOPPING_PRODUCT"",""categoryName"":""쇼핑·제품"",""score"":0.95},{""categoryId"":""TRAVEL_PLACE"",""categoryName"":""여행·장소"",""score"":0.75}]",True,True,True,False,21293.8447
53,TEXT-053,integrated-with-description,integrated,True,1,부모님 선물용 마사지기 후기,쇼핑·제품/053-부모님 선물용 마사지기 후기.txt,SHOPPING_PRODUCT,쇼핑·제품,SHOPPING_PRODUCT,True,0.6,SHOPPING_PRODUCT,SHOPPING_PRODUCT,True,,0,1,True,True,EXACT_CORRECT,False,False,False,False,False,False,True,True,True,True,False,[],,"[{""categoryId"":""SHOPPING_PRODUCT"",""categoryName"":""쇼핑·제품"",""score"":0.95}]","[{""categoryId"":""SHOPPING_PRODUCT"",""categoryName"":""쇼핑·제품"",""score"":0.95}]",True,True,True,False,20693.9206
5,TEXT-005,integrated-with-description,integrated,True,1,텍스트-2026.07.20-0940,아이디어·영감/005-텍스트-2026.07.20-0940.txt,IDEA_INSPIRATION,아이디어·영감,IDEA_INSPIRATION,True,0.6,IDEA_INSPIRATION,IDEA_INSPIRATION,True,,0,1,True,True,EXACT_CORRECT,False,False,False,False,False,False,True,True,True,True,False,[],,"[{""categoryId"":""IDEA_INSPIRATION"",""categoryName"":""아이디어·영감"",""score"":0.95}]","[{""categoryId"":""IDEA_INSPIRATION"",""categoryName"":""아이디어·영감"",""score"":0.95}]",True,True,True,False,23848.6465
69,TEXT-069,integrated-with-description,integrated,True,1,앱 첫 화면 디자인 참고,아이디어·영감/069-앱 첫 화면 디자인 참고.txt,IDEA_INSPIRATION,아이디어·영감,IDEA_INSPIRATION,True,0.6,IDEA_INSPIRATION,IDEA_INSPIRATION,True,,0,1,True,True,EXACT_CORRECT,False,False,False,False,False,False,True,True,True,True,False,[],,"[{""categoryId"":""IDEA_INSPIRATION"",""categoryName"":""아이디어·영감"",""score"":0.8}]","[{""categoryId"":""IDEA_INSPIRATION"",""categoryName"":""아이디어·영감"",""score"":0.8}]",True,True,True,False,18021.6009
70,TEXT-070,integrated-with-description,integrated,True,1,텍스트-2026-07-19,아이디어·영감/070-텍스트-2026-07-19.txt,IDEA_INSPIRATION,아이디어·영감,IDEA_INSPIRATION,True,0.6,IDEA_INSPIRATION,IDEA_INSPIRATION,True,,0,1,True,True,EXACT_CORRECT,False,False,False,False,False,False,True,True,True,True,False,[],,"[{""categoryId"":""IDEA_INSPIRATION"",""categoryName"":""아이디어·영감"",""score"":0.9}]","[{""categoryId"":""IDEA_INSPIRATION"",""categoryName"":""아이디어·영감"",""score"":0.9}]",True,True,True,False,21129.8397
71,TEXT-071,integrated-with-description,integrated,True,1,방 꾸미기 참고 이미지,아이디어·영감/071-방 꾸미기 참고 이미지.txt,IDEA_INSPIRATION,아이디어·영감,LIFE_TASK,False,0.6,LIFE_TASK|CULTURE_CONTENT,LIFE_TASK|CULTURE_CONTENT,False,CULTURE_CONTENT|LIFE_TASK,2,2,False,False,WRONG_MISSING_GOLD,False,True,False,False,False,False,False,False,False,False,False,[],MISSING_GOLD_CATEGORY,"[{""categoryId"":""LIFE_TASK"",""categoryName"":""생활·할 일"",""score"":0.85},{""categoryId"":""CULTURE_CONTENT"",""categoryName"":""문화·콘텐츠"",""score"":0.65}]","[{""categoryId"":""LIFE_TASK"",""categoryName"":""생활·할 일"",""score"":0.85},{""categoryId"":""CULTURE_CONTENT"",""categoryName"":""문화·콘텐츠"",""score"":0.65}]",True,True,True,False,28494.1277
72,TEXT-072,integrated-with-description,integrated,True,1,숏폼 콘텐츠 구성 방식,아이디어·영감/072-숏폼 콘텐츠 구성 방식.txt,IDEA_INSPIRATION,아이디어·영감,IDEA_INSPIRATION,True,0.6,IDEA_INSPIRATION,IDEA_INSPIRATION,True,,0,1,True,True,EXACT_CORRECT,False,False,False,False,False,False,True,True,True,True,False,[],,"[{""categoryId"":""IDEA_INSPIRATION"",""categoryName"":""아이디어·영감"",""score"":0.95}]","[{""categoryId"":""IDEA_INSPIRATION"",""categoryName"":""아이디어·영감"",""score"":0.95}]",True,True,True,False,23549.4712
73,TEXT-073,integrated-with-description,integrated,True,1,사진 구도 참고,아이디어·영감/073-사진 구도 참고.txt,IDEA_INSPIRATION,아이디어·영감,IDEA_INSPIRATION,True,0.6,IDEA_INSPIRATION|CULTURE_CONTENT,IDEA_INSPIRATION|CULTURE_CONTENT,True,CULTURE_CONTENT,1,2,False,True,RELAXED_CORRECT,False,False,False,False,False,False,True,True,False,True,False,[],,"[{""categoryId"":""IDEA_INSPIRATION"",""categoryName"":""아이디어·영감"",""score"":0.8},{""categoryId"":""CULTURE_CONTENT"",""categoryName"":""문화·콘텐츠"",""score"":0.6}]","[{""categoryId"":""IDEA_INSPIRATION"",""categoryName"":""아이디어·영감"",""score"":0.8},{""categoryId"":""CULTURE_CONTENT"",""categoryName"":""문화·콘텐츠"",""score"":0.6}]",True,True,True,False,23704.2874
15,TEXT-015,integrated-with-description,integrated,True,1,텍스트-2026.07.20-1150,여행·장소/015-텍스트-2026.07.20-1150.txt,TRAVEL_PLACE,여행·장소,TRAVEL_PLACE,True,0.6,TRAVEL_PLACE,TRAVEL_PLACE,True,,0,1,True,True,EXACT_CORRECT,False,False,False,False,False,False,True,True,True,True,False,[],,"[{""categoryId"":""TRAVEL_PLACE"",""categoryName"":""여행·장소"",""score"":0.95}]","[{""categoryId"":""TRAVEL_PLACE"",""categoryName"":""여행·장소"",""score"":0.95}]",True,True,True,False,29127.2137
16,TEXT-016,integrated-with-description,integrated,True,1,서울 전시회 방문 후보,여행·장소/016-서울 전시회 방문 후보.txt,TRAVEL_PLACE,여행·장소,TRAVEL_PLACE,True,0.6,TRAVEL_PLACE,TRAVEL_PLACE,True,,0,1,True,True,EXACT_CORRECT,False,False,False,False,False,False,True,True,True,True,False,[],,"[{""categoryId"":""TRAVEL_PLACE"",""categoryName"":""여행·장소"",""score"":0.95}]","[{""categoryId"":""TRAVEL_PLACE"",""categoryName"":""여행·장소"",""score"":0.95}]",True,True,True,False,25111.9641
39,TEXT-039,integrated-with-description,integrated,True,1,부산에서 일몰 보기 좋은 곳,여행·장소/039-부산에서 일몰 보기 좋은 곳.txt,TRAVEL_PLACE,여행·장소,TRAVEL_PLACE,True,0.6,TRAVEL_PLACE,TRAVEL_PLACE,True,,0,1,True,True,EXACT_CORRECT,False,False,False,False,False,False,True,True,True,True,False,[],,"[{""categoryId"":""TRAVEL_PLACE"",""categoryName"":""여행·장소"",""score"":0.95}]","[{""categoryId"":""TRAVEL_PLACE"",""categoryName"":""여행·장소"",""score"":0.95}]",True,True,True,False,19069.1963
40,TEXT-040,integrated-with-description,integrated,True,1,텍스트-2026-07-07,여행·장소/040-텍스트-2026-07-07.txt,TRAVEL_PLACE,여행·장소,TRAVEL_PLACE,True,0.6,TRAVEL_PLACE,TRAVEL_PLACE,True,,0,1,True,True,EXACT_CORRECT,False,False,False,False,False,False,True,True,True,True,False,[],,"[{""categoryId"":""TRAVEL_PLACE"",""categoryName"":""여행·장소"",""score"":0.95}]","[{""categoryId"":""TRAVEL_PLACE"",""categoryName"":""여행·장소"",""score"":0.95}]",True,True,True,False,18582.3418
41,TEXT-041,integrated-with-description,integrated,True,1,교토 버스 이용 팁,여행·장소/041-교토 버스 이용 팁.txt,TRAVEL_PLACE,여행·장소,TRAVEL_PLACE,True,0.6,TRAVEL_PLACE,TRAVEL_PLACE,True,,0,1,True,True,EXACT_CORRECT,False,False,False,False,False,False,True,True,True,True,False,[],,"[{""categoryId"":""TRAVEL_PLACE"",""categoryName"":""여행·장소"",""score"":0.8}]","[{""categoryId"":""TRAVEL_PLACE"",""categoryName"":""여행·장소"",""score"":0.8}]",True,True,True,False,15898.7691
42,TEXT-042,integrated-with-description,integrated,True,1,비 오는 날 서울에서 갈 곳,여행·장소/042-비 오는 날 서울에서 갈 곳.txt,TRAVEL_PLACE,여행·장소,TRAVEL_PLACE,True,0.6,TRAVEL_PLACE,TRAVEL_PLACE,True,,0,1,True,True,EXACT_CORRECT,False,False,False,False,False,False,True,True,True,True,False,[],,"[{""categoryId"":""TRAVEL_PLACE"",""categoryName"":""여행·장소"",""score"":0.95}]","[{""categoryId"":""TRAVEL_PLACE"",""categoryName"":""여행·장소"",""score"":0.95}]",True,True,True,False,7337.6064
43,TEXT-043,integrated-with-description,integrated,True,1,숙소 예약 전에 확인할 내용,여행·장소/043-숙소 예약 전에 확인할 내용.txt,TRAVEL_PLACE,여행·장소,TRAVEL_PLACE,True,0.6,TRAVEL_PLACE,TRAVEL_PLACE,True,,0,1,True,True,EXACT_CORRECT,False,False,False,False,False,False,True,True,True,True,False,[],,"[{""categoryId"":""TRAVEL_PLACE"",""categoryName"":""여행·장소"",""score"":0.85},{""categoryId"":""SHOPPING_PRODUCT"",""categoryName"":""쇼핑·제품"",""score"":0.15}]","[{""categoryId"":""TRAVEL_PLACE"",""categoryName"":""여행·장소"",""score"":0.85},{""categoryId"":""SHOPPING_PRODUCT"",""categoryName"":""쇼핑·제품"",""score"":0.15}]",True,True,True,False,7472.9638
13,TEXT-013,integrated-with-description,integrated,True,1,텍스트-2026.07.20-1125,음식·맛집/013-텍스트-2026.07.20-1125.txt,FOOD_RESTAURANT,음식·맛집,FOOD_RESTAURANT,True,0.6,FOOD_RESTAURANT,FOOD_RESTAURANT,True,,0,1,True,True,EXACT_CORRECT,False,False,False,False,False,False,True,True,True,True,False,[],,"[{""categoryId"":""FOOD_RESTAURANT"",""categoryName"":""음식·맛집"",""score"":1.0}]","[{""categoryId"":""FOOD_RESTAURANT"",""categoryName"":""음식·맛집"",""score"":1.0}]",True,True,True,False,8667.9025
14,TEXT-014,integrated-with-description,integrated,True,1,닭가슴살 볶음밥 레시피,음식·맛집/014-닭가슴살 볶음밥 레시피.txt,FOOD_RESTAURANT,음식·맛집,FOOD_RESTAURANT,True,0.6,FOOD_RESTAURANT,FOOD_RESTAURANT,True,,0,1,True,True,EXACT_CORRECT,False,False,False,False,False,False,True,True,True,True,False,[],,"[{""categoryId"":""FOOD_RESTAURANT"",""categoryName"":""음식·맛집"",""score"":1.0}]","[{""categoryId"":""FOOD_RESTAURANT"",""categoryName"":""음식·맛집"",""score"":1.0}]",True,True,True,False,8915.0049
44,TEXT-044,integrated-with-description,integrated,True,1,성수동 파스타 식당,음식·맛집/044-성수동 파스타 식당.txt,FOOD_RESTAURANT,음식·맛집,FOOD_RESTAURANT,True,0.6,FOOD_RESTAURANT,FOOD_RESTAURANT,True,,0,1,True,True,EXACT_CORRECT,False,False,False,False,False,False,True,True,True,True,False,[],,"[{""categoryId"":""FOOD_RESTAURANT"",""categoryName"":""음식·맛집"",""score"":1.0}]","[{""categoryId"":""FOOD_RESTAURANT"",""categoryName"":""음식·맛집"",""score"":1.0}]",True,True,True,False,8988.3501
45,TEXT-045,integrated-with-description,integrated,True,1,텍스트-2026-07-09,음식·맛집/045-텍스트-2026-07-09.txt,FOOD_RESTAURANT,음식·맛집,FOOD_RESTAURANT,True,0.6,FOOD_RESTAURANT,FOOD_RESTAURANT,True,,0,1,True,True,EXACT_CORRECT,False,False,False,False,False,False,True,True,True,True,False,[],,"[{""categoryId"":""FOOD_RESTAURANT"",""categoryName"":""음식·맛집"",""score"":1.0}]","[{""categoryId"":""FOOD_RESTAURANT"",""categoryName"":""음식·맛집"",""score"":1.0}]",True,True,True,False,6402.2489
46,TEXT-046,integrated-with-description,integrated,True,1,광주에서 늦게까지 하는 카페,음식·맛집/046-광주에서 늦게까지 하는 카페.txt,FOOD_RESTAURANT,음식·맛집,FOOD_RESTAURANT,True,0.6,FOOD_RESTAURANT,FOOD_RESTAURANT,True,,0,1,True,True,EXACT_CORRECT,False,False,False,False,False,False,True,True,True,True,False,[],,"[{""categoryId"":""FOOD_RESTAURANT"",""categoryName"":""음식·맛집"",""score"":0.85}]","[{""categoryId"":""FOOD_RESTAURANT"",""categoryName"":""음식·맛집"",""score"":0.85}]",True,True,True,False,8395.4464
47,TEXT-047,integrated-with-description,integrated,True,1,냉동 만두를 바삭하게 굽는 방법,음식·맛집/047-냉동 만두를 바삭하게 굽는 방법.txt,FOOD_RESTAURANT,음식·맛집,FOOD_RESTAURANT,True,0.6,FOOD_RESTAURANT,FOOD_RESTAURANT,True,,0,1,True,True,EXACT_CORRECT,False,False,False,False,False,False,True,True,True,True,False,[],,"[{""categoryId"":""FOOD_RESTAURANT"",""categoryName"":""음식·맛집"",""score"":1.0}]","[{""categoryId"":""FOOD_RESTAURANT"",""categoryName"":""음식·맛집"",""score"":1.0}]",True,True,True,False,10163.8485
48,TEXT-048,integrated-with-description,integrated,True,1,제주 고기국수 후보,음식·맛집/048-제주 고기국수 후보.txt,FOOD_RESTAURANT,음식·맛집,FOOD_RESTAURANT,True,0.6,FOOD_RESTAURANT,FOOD_RESTAURANT,True,,0,1,True,True,EXACT_CORRECT,False,False,False,False,False,False,True,True,True,True,False,[],,"[{""categoryId"":""FOOD_RESTAURANT"",""categoryName"":""음식·맛집"",""score"":1.0}]","[{""categoryId"":""FOOD_RESTAURANT"",""categoryName"":""음식·맛집"",""score"":1.0}]",True,True,True,False,8813.1078
7,TEXT-007,integrated-with-description,integrated,True,1,텍스트-2026.07.20-1010,취업·커리어/007-텍스트-2026.07.20-1010.txt,CAREER,취업·커리어,LEARNING_KNOWLEDGE,False,0.6,LEARNING_KNOWLEDGE,LEARNING_KNOWLEDGE,False,LEARNING_KNOWLEDGE,1,1,False,False,WRONG_MISSING_GOLD,False,True,False,False,False,False,False,False,False,False,False,[],MISSING_GOLD_CATEGORY,"[{""categoryId"":""LEARNING_KNOWLEDGE"",""categoryName"":""학습·지식"",""score"":1.0}]","[{""categoryId"":""LEARNING_KNOWLEDGE"",""categoryName"":""학습·지식"",""score"":1.0}]",True,True,True,False,8576.4614
8,TEXT-008,integrated-with-description,integrated,True,1,공기업 채용 공고 확인,취업·커리어/008-공기업 채용 공고 확인.txt,CAREER,취업·커리어,CAREER,True,0.6,CAREER,CAREER,True,,0,1,True,True,EXACT_CORRECT,False,False,False,False,False,False,True,True,True,True,False,[],,"[{""categoryId"":""CAREER"",""categoryName"":""취업·커리어"",""score"":1.0}]","[{""categoryId"":""CAREER"",""categoryName"":""취업·커리어"",""score"":1.0}]",True,True,True,False,7699.2333
34,TEXT-034,integrated-with-description,integrated,True,1,백엔드 개발자 채용 공고 확인,취업·커리어/034-백엔드 개발자 채용 공고 확인.txt,CAREER,취업·커리어,CAREER,True,0.6,CAREER,CAREER,True,,0,1,True,True,EXACT_CORRECT,False,False,False,False,False,False,True,True,True,True,False,[],,"[{""categoryId"":""CAREER"",""categoryName"":""취업·커리어"",""score"":1.0}]","[{""categoryId"":""CAREER"",""categoryName"":""취업·커리어"",""score"":1.0}]",True,True,True,False,7958.3918
35,TEXT-035,integrated-with-description,integrated,True,1,텍스트-2026-07-05,취업·커리어/035-텍스트-2026-07-05.txt,CAREER,취업·커리어,CAREER,True,0.6,CAREER,CAREER,True,,0,1,True,True,EXACT_CORRECT,False,False,False,False,False,False,True,True,True,True,False,[],,"[{""categoryId"":""CAREER"",""categoryName"":""취업·커리어"",""score"":1.0}]","[{""categoryId"":""CAREER"",""categoryName"":""취업·커리어"",""score"":1.0}]",True,True,True,False,8063.4949
36,TEXT-036,integrated-with-description,integrated,True,1,자기소개서 수정할 부분,취업·커리어/036-자기소개서 수정할 부분.txt,CAREER,취업·커리어,CAREER,True,0.6,CAREER,CAREER,True,,0,1,True,True,EXACT_CORRECT,False,False,False,False,False,False,True,True,True,True,False,[],,"[{""categoryId"":""CAREER"",""categoryName"":""취업·커리어"",""score"":1.0}]","[{""categoryId"":""CAREER"",""categoryName"":""취업·커리어"",""score"":1.0}]",True,True,True,False,7183.3427
37,TEXT-037,integrated-with-description,integrated,True,1,이직 전 확인할 조건,취업·커리어/037-이직 전 확인할 조건.txt,CAREER,취업·커리어,CAREER,True,0.6,CAREER,CAREER,True,,0,1,True,True,EXACT_CORRECT,False,False,False,False,False,False,True,True,True,True,False,[],,"[{""categoryId"":""CAREER"",""categoryName"":""취업·커리어"",""score"":0.9}]","[{""categoryId"":""CAREER"",""categoryName"":""취업·커리어"",""score"":0.9}]",True,True,True,False,8829.0809
38,TEXT-038,integrated-with-description,integrated,True,1,포트폴리오 프로젝트 설명 방식,취업·커리어/038-포트폴리오 프로젝트 설명 방식.txt,CAREER,취업·커리어,LEARNING_KNOWLEDGE,False,0.6,LEARNING_KNOWLEDGE,LEARNING_KNOWLEDGE,False,LEARNING_KNOWLEDGE,1,1,False,False,WRONG_MISSING_GOLD,False,True,False,False,False,False,False,False,False,False,False,[],MISSING_GOLD_CATEGORY,"[{""categoryId"":""LEARNING_KNOWLEDGE"",""categoryName"":""학습·지식"",""score"":0.95}]","[{""categoryId"":""LEARNING_KNOWLEDGE"",""categoryName"":""학습·지식"",""score"":0.95}]",True,True,True,False,8615.9915
1,TEXT-001,integrated-with-description,integrated,True,1,텍스트-2026.07.20-0905,학습·지식/001-텍스트-2026.07.20-0905.txt,LEARNING_KNOWLEDGE,학습·지식,LEARNING_KNOWLEDGE,True,0.6,LEARNING_KNOWLEDGE,LEARNING_KNOWLEDGE,True,,0,1,True,True,EXACT_CORRECT,False,False,False,False,False,False,True,True,True,True,False,[],,"[{""categoryId"":""LEARNING_KNOWLEDGE"",""categoryName"":""학습·지식"",""score"":0.95}]","[{""categoryId"":""LEARNING_KNOWLEDGE"",""categoryName"":""학습·지식"",""score"":0.95}]",True,True,True,False,10377.1466
2,TEXT-002,integrated-with-description,integrated,True,1,JWT 재발급 구조 정리,학습·지식/002-JWT 재발급 구조 정리.txt,LEARNING_KNOWLEDGE,학습·지식,LEARNING_KNOWLEDGE,True,0.6,LEARNING_KNOWLEDGE,LEARNING_KNOWLEDGE,True,,0,1,True,True,EXACT_CORRECT,False,False,False,False,False,False,True,True,True,True,False,[],,"[{""categoryId"":""LEARNING_KNOWLEDGE"",""categoryName"":""학습·지식"",""score"":1.0}]","[{""categoryId"":""LEARNING_KNOWLEDGE"",""categoryName"":""학습·지식"",""score"":1.0}]",True,True,True,False,10445.1791
3,TEXT-003,integrated-with-description,integrated,True,1,텍스트-2026.07.20-0920,학습·지식/003-텍스트-2026.07.20-0920.txt,LEARNING_KNOWLEDGE,학습·지식,LEARNING_KNOWLEDGE,True,0.6,LEARNING_KNOWLEDGE,LEARNING_KNOWLEDGE,True,,0,1,True,True,EXACT_CORRECT,False,False,False,False,False,False,True,True,True,True,False,[],,"[{""categoryId"":""LEARNING_KNOWLEDGE"",""categoryName"":""학습·지식"",""score"":1.0}]","[{""categoryId"":""LEARNING_KNOWLEDGE"",""categoryName"":""학습·지식"",""score"":1.0}]",True,True,True,False,7246.3632
4,TEXT-004,integrated-with-description,integrated,True,1,SQLD 시험 공부 계획,학습·지식/004-SQLD 시험 공부 계획.txt,LEARNING_KNOWLEDGE,학습·지식,LEARNING_KNOWLEDGE,True,0.6,LEARNING_KNOWLEDGE,LEARNING_KNOWLEDGE,True,,0,1,True,True,EXACT_CORRECT,False,False,False,False,False,False,True,True,True,True,False,[],,"[{""categoryId"":""LEARNING_KNOWLEDGE"",""categoryName"":""학습·지식"",""score"":1.0}]","[{""categoryId"":""LEARNING_KNOWLEDGE"",""categoryName"":""학습·지식"",""score"":1.0}]",True,True,True,False,9108.7504
29,TEXT-029,integrated-with-description,integrated,True,1,Redis 큐에서 작업이 중복될 수 있는 이유,학습·지식/029-Redis 큐에서 작업이 중복될 수 있는 이유.txt,LEARNING_KNOWLEDGE,학습·지식,LEARNING_KNOWLEDGE,True,0.6,LEARNING_KNOWLEDGE,LEARNING_KNOWLEDGE,True,,0,1,True,True,EXACT_CORRECT,False,False,False,False,False,False,True,True,True,True,False,[],,"[{""categoryId"":""LEARNING_KNOWLEDGE"",""categoryName"":""학습·지식"",""score"":1.0}]","[{""categoryId"":""LEARNING_KNOWLEDGE"",""categoryName"":""학습·지식"",""score"":1.0}]",True,True,True,False,8324.2683
30,TEXT-030,integrated-with-description,integrated,True,1,텍스트-2026-07-03,학습·지식/030-텍스트-2026-07-03.txt,LEARNING_KNOWLEDGE,학습·지식,LEARNING_KNOWLEDGE,True,0.6,LEARNING_KNOWLEDGE,LEARNING_KNOWLEDGE,True,,0,1,True,True,EXACT_CORRECT,False,False,False,False,False,False,True,True,True,True,False,[],,"[{""categoryId"":""LEARNING_KNOWLEDGE"",""categoryName"":""학습·지식"",""score"":1.0}]","[{""categoryId"":""LEARNING_KNOWLEDGE"",""categoryName"":""학습·지식"",""score"":1.0}]",True,True,True,False,7496.5391
31,TEXT-031,integrated-with-description,integrated,True,1,사진 촬영에서 조리개의 역할,학습·지식/031-사진 촬영에서 조리개의 역할.txt,LEARNING_KNOWLEDGE,학습·지식,LEARNING_KNOWLEDGE,True,0.6,LEARNING_KNOWLEDGE,LEARNING_KNOWLEDGE,True,,0,1,True,True,EXACT_CORRECT,False,False,False,False,False,False,True,True,True,True,False,[],,"[{""categoryId"":""LEARNING_KNOWLEDGE"",""categoryName"":""학습·지식"",""score"":0.95}]","[{""categoryId"":""LEARNING_KNOWLEDGE"",""categoryName"":""학습·지식"",""score"":0.95}]",True,True,True,False,9669.4028
32,TEXT-032,integrated-with-description,integrated,True,1,전세와 월세의 차이 정리,학습·지식/032-전세와 월세의 차이 정리.txt,LEARNING_KNOWLEDGE,학습·지식,LEARNING_KNOWLEDGE,True,0.6,LEARNING_KNOWLEDGE,LEARNING_KNOWLEDGE,True,,0,1,True,True,EXACT_CORRECT,False,False,False,False,False,False,True,True,True,True,False,[],,"[{""categoryId"":""LEARNING_KNOWLEDGE"",""categoryName"":""학습·지식"",""score"":1.0}]","[{""categoryId"":""LEARNING_KNOWLEDGE"",""categoryName"":""학습·지식"",""score"":1.0}]",True,True,True,False,8587.0524
33,TEXT-033,integrated-with-description,integrated,True,1,좋은 발표 자료의 정보 구조,학습·지식/033-좋은 발표 자료의 정보 구조.txt,LEARNING_KNOWLEDGE,학습·지식,IDEA_INSPIRATION,False,0.6,IDEA_INSPIRATION,IDEA_INSPIRATION,False,IDEA_INSPIRATION,1,1,False,False,WRONG_MISSING_GOLD,False,True,False,False,False,False,False,False,False,False,False,[],MISSING_GOLD_CATEGORY,"[{""categoryId"":""IDEA_INSPIRATION"",""categoryName"":""아이디어·영감"",""score"":0.95}]","[{""categoryId"":""IDEA_INSPIRATION"",""categoryName"":""아이디어·영감"",""score"":0.95}]",True,True,True,False,7827.9791
17,TEXT-017,integrated-with-description,integrated,True,1,텍스트-2026.07.20-1220,건강·운동/017-텍스트-2026.07.20-1220.txt,HEALTH_EXERCISE,건강·운동,HEALTH_EXERCISE,True,0.65,HEALTH_EXERCISE,HEALTH_EXERCISE,True,,0,1,True,True,EXACT_CORRECT,False,False,False,False,False,False,True,True,True,True,False,[],,"[{""categoryId"":""HEALTH_EXERCISE"",""categoryName"":""건강·운동"",""score"":1.0}]","[{""categoryId"":""HEALTH_EXERCISE"",""categoryName"":""건강·운동"",""score"":1.0}]",True,True,True,False,15945.9195
18,TEXT-018,integrated-with-description,integrated,True,1,주 3회 운동 계획,건강·운동/018-주 3회 운동 계획.txt,HEALTH_EXERCISE,건강·운동,HEALTH_EXERCISE,True,0.65,HEALTH_EXERCISE,HEALTH_EXERCISE,True,,0,1,True,True,EXACT_CORRECT,False,False,False,False,False,False,True,True,True,True,False,[],,"[{""categoryId"":""HEALTH_EXERCISE"",""categoryName"":""건강·운동"",""score"":1.0}]","[{""categoryId"":""HEALTH_EXERCISE"",""categoryName"":""건강·운동"",""score"":1.0}]",True,True,True,False,8073.646
54,TEXT-054,integrated-with-description,integrated,True,1,허리 부담을 줄이는 스쿼트 자세,건강·운동/054-허리 부담을 줄이는 스쿼트 자세.txt,HEALTH_EXERCISE,건강·운동,HEALTH_EXERCISE,True,0.65,HEALTH_EXERCISE,HEALTH_EXERCISE,True,,0,1,True,True,EXACT_CORRECT,False,False,False,False,False,False,True,True,True,True,False,[],,"[{""categoryId"":""HEALTH_EXERCISE"",""categoryName"":""건강·운동"",""score"":1.0}]","[{""categoryId"":""HEALTH_EXERCISE"",""categoryName"":""건강·운동"",""score"":1.0}]",True,True,True,False,8329.4864
55,TEXT-055,integrated-with-description,integrated,True,1,텍스트-2026-07-13,건강·운동/055-텍스트-2026-07-13.txt,HEALTH_EXERCISE,건강·운동,HEALTH_EXERCISE,True,0.65,HEALTH_EXERCISE,HEALTH_EXERCISE,True,,0,1,True,True,EXACT_CORRECT,False,False,False,False,False,False,True,True,True,True,False,[],,"[{""categoryId"":""HEALTH_EXERCISE"",""categoryName"":""건강·운동"",""score"":0.9}]","[{""categoryId"":""HEALTH_EXERCISE"",""categoryName"":""건강·운동"",""score"":0.9}]",True,True,True,False,7590.5508
56,TEXT-056,integrated-with-description,integrated,True,1,러닝 초보자 주간 계획,건강·운동/056-러닝 초보자 주간 계획.txt,HEALTH_EXERCISE,건강·운동,HEALTH_EXERCISE,True,0.65,HEALTH_EXERCISE,HEALTH_EXERCISE,True,,0,1,True,True,EXACT_CORRECT,False,False,False,False,False,False,True,True,True,True,False,[],,"[{""categoryId"":""HEALTH_EXERCISE"",""categoryName"":""건강·운동"",""score"":1.0}]","[{""categoryId"":""HEALTH_EXERCISE"",""categoryName"":""건강·운동"",""score"":1.0}]",True,True,True,False,7697.085
57,TEXT-057,integrated-with-description,integrated,True,1,장시간 앉아 있을 때 스트레칭,건강·운동/057-장시간 앉아 있을 때 스트레칭.txt,HEALTH_EXERCISE,건강·운동,HEALTH_EXERCISE,True,0.65,HEALTH_EXERCISE,HEALTH_EXERCISE,True,,0,1,True,True,EXACT_CORRECT,False,False,False,False,False,False,True,True,True,True,False,[],,"[{""categoryId"":""HEALTH_EXERCISE"",""categoryName"":""건강·운동"",""score"":1.0}]","[{""categoryId"":""HEALTH_EXERCISE"",""categoryName"":""건강·운동"",""score"":1.0}]",True,True,True,False,8701.7719
58,TEXT-058,integrated-with-description,integrated,True,1,운동 후 식사 구성,건강·운동/058-운동 후 식사 구성.txt,HEALTH_EXERCISE,건강·운동,HEALTH_EXERCISE,True,0.65,HEALTH_EXERCISE,HEALTH_EXERCISE,True,,0,1,True,True,EXACT_CORRECT,False,False,False,False,False,False,True,True,True,True,False,[],,"[{""categoryId"":""HEALTH_EXERCISE"",""categoryName"":""건강·운동"",""score"":0.8},{""categoryId"":""FOOD_RESTAURANT"",""categoryName"":""음식·맛집"",""score"":0.6}]","[{""categoryId"":""HEALTH_EXERCISE"",""categoryName"":""건강·운동"",""score"":0.8},{""categoryId"":""FOOD_RESTAURANT"",""categoryName"":""음식·맛집"",""score"":0.6}]",True,True,True,False,11155.781
21,TEXT-021,integrated-with-description,integrated,True,1,텍스트-2026.07.20-1310,기타/021-텍스트-2026.07.20-1310.txt,OTHER,기타,IDEA_INSPIRATION,False,0.65,IDEA_INSPIRATION,IDEA_INSPIRATION,False,IDEA_INSPIRATION,1,1,False,False,WRONG_MISSING_GOLD,False,True,False,False,False,False,False,False,False,False,False,[],MISSING_GOLD_CATEGORY,"[{""categoryId"":""IDEA_INSPIRATION"",""categoryName"":""아이디어·영감"",""score"":0.8},{""categoryId"":""LIFE_TASK"",""categoryName"":""생활·할 일"",""score"":0.6}]","[{""categoryId"":""IDEA_INSPIRATION"",""categoryName"":""아이디어·영감"",""score"":0.8},{""categoryId"":""LIFE_TASK"",""categoryName"":""생활·할 일"",""score"":0.6}]",True,True,False,False,8987.4788
22,TEXT-022,integrated-with-description,integrated,True,1,텍스트-2026.07.20-1325,기타/022-텍스트-2026.07.20-1325.txt,OTHER,기타,IDEA_INSPIRATION,False,0.65,IDEA_INSPIRATION,IDEA_INSPIRATION,False,IDEA_INSPIRATION,1,1,False,False,WRONG_MISSING_GOLD,False,True,False,False,False,False,False,False,False,False,False,[],MISSING_GOLD_CATEGORY,"[{""categoryId"":""IDEA_INSPIRATION"",""categoryName"":""아이디어·영감"",""score"":1.0}]","[{""categoryId"":""IDEA_INSPIRATION"",""categoryName"":""아이디어·영감"",""score"":1.0}]",True,True,True,False,8400.6814
74,TEXT-074,integrated-with-description,integrated,True,1,텍스트-2026-07-21,기타/074-텍스트-2026-07-21.txt,OTHER,기타,OTHER,True,0.65,OTHER,OTHER,True,,0,1,True,True,EXACT_CORRECT,False,False,False,False,False,False,True,True,True,True,False,[],,"[{""categoryId"":""OTHER"",""categoryName"":""기타"",""score"":1.0}]","[{""categoryId"":""OTHER"",""categoryName"":""기타"",""score"":1.0}]",True,True,True,False,5390.4815
75,TEXT-075,integrated-with-description,integrated,True,1,확인할 문자열,기타/075-확인할 문자열.txt,OTHER,기타,SHOPPING_PRODUCT,False,0.65,SHOPPING_PRODUCT,SHOPPING_PRODUCT,False,SHOPPING_PRODUCT,1,1,False,False,WRONG_MISSING_GOLD,False,True,False,False,False,False,False,False,False,False,False,[],MISSING_GOLD_CATEGORY,"[{""categoryId"":""SHOPPING_PRODUCT"",""categoryName"":""쇼핑·제품"",""score"":1.0}]","[{""categoryId"":""SHOPPING_PRODUCT"",""categoryName"":""쇼핑·제품"",""score"":1.0}]",True,True,True,False,5197.2347
76,TEXT-076,integrated-with-description,integrated,True,1,텍스트-2026-07-22,기타/076-텍스트-2026-07-22.txt,OTHER,기타,,False,0.65,,OTHER,False,,0,0,False,False,EMPTY_PREDICTION,False,True,False,True,False,False,False,True,True,True,False,[],MISSING_GOLD_CATEGORY|EMPTY_PREDICTION|FALLBACK_USED,[],[],True,True,True,False,3814.7951
77,TEXT-077,integrated-with-description,integrated,True,1,내용을 확인할 수 없는 링크,기타/077-내용을 확인할 수 없는 링크.txt,OTHER,기타,,False,0.65,,OTHER,False,,0,0,False,False,EMPTY_PREDICTION,False,True,False,True,False,False,False,True,True,True,False,[],MISSING_GOLD_CATEGORY|EMPTY_PREDICTION|FALLBACK_USED,[],[],True,True,True,False,6057.4799
78,TEXT-078,integrated-with-description,integrated,True,1,이미지 추출 실패,기타/078-이미지 추출 실패.txt,OTHER,기타,OTHER,True,0.65,OTHER,OTHER,True,,0,1,True,True,EXACT_CORRECT,False,False,False,False,False,False,True,True,True,True,False,[],,"[{""categoryId"":""OTHER"",""categoryName"":""기타"",""score"":0.8}]","[{""categoryId"":""OTHER"",""categoryName"":""기타"",""score"":0.8}]",True,True,True,False,6620.9966
64,TEXT-064,integrated-with-description,integrated,True,1,월급 통장 나누는 방법,돈·재테크/064-월급 통장 나누는 방법.txt,MONEY_FINANCE,돈·재테크,MONEY_FINANCE,True,0.65,MONEY_FINANCE,MONEY_FINANCE,True,,0,1,True,True,EXACT_CORRECT,False,False,False,False,False,False,True,True,True,True,False,[],,"[{""categoryId"":""MONEY_FINANCE"",""categoryName"":""돈·재테크"",""score"":1.0}]","[{""categoryId"":""MONEY_FINANCE"",""categoryName"":""돈·재테크"",""score"":1.0}]",True,True,True,False,7873.0257
65,TEXT-065,integrated-with-description,integrated,True,1,텍스트-2026-07-17,돈·재테크/065-텍스트-2026-07-17.txt,MONEY_FINANCE,돈·재테크,MONEY_FINANCE,True,0.65,MONEY_FINANCE,MONEY_FINANCE,True,,0,1,True,True,EXACT_CORRECT,False,False,False,False,False,False,True,True,True,True,False,[],,"[{""categoryId"":""MONEY_FINANCE"",""categoryName"":""돈·재테크"",""score"":1.0}]","[{""categoryId"":""MONEY_FINANCE"",""categoryName"":""돈·재테크"",""score"":1.0}]",True,True,True,False,20251.2072
66,TEXT-066,integrated-with-description,integrated,True,1,카드 혜택 비교,돈·재테크/066-카드 혜택 비교.txt,MONEY_FINANCE,돈·재테크,MONEY_FINANCE,True,0.65,MONEY_FINANCE,MONEY_FINANCE,True,,0,1,True,True,EXACT_CORRECT,False,False,False,False,False,False,True,True,True,True,False,[],,"[{""categoryId"":""MONEY_FINANCE"",""categoryName"":""돈·재테크"",""score"":0.95}]","[{""categoryId"":""MONEY_FINANCE"",""categoryName"":""돈·재테크"",""score"":0.95}]",True,True,True,False,24086.1371
67,TEXT-067,integrated-with-description,integrated,True,1,비상금 규모 정하기,돈·재테크/067-비상금 규모 정하기.txt,MONEY_FINANCE,돈·재테크,MONEY_FINANCE,True,0.65,MONEY_FINANCE,MONEY_FINANCE,True,,0,1,True,True,EXACT_CORRECT,False,False,False,False,False,False,True,True,True,True,False,[],,"[{""categoryId"":""MONEY_FINANCE"",""categoryName"":""돈·재테크"",""score"":1.0}]","[{""categoryId"":""MONEY_FINANCE"",""categoryName"":""돈·재테크"",""score"":1.0}]",True,True,True,False,16565.6871
68,TEXT-068,integrated-with-description,integrated,True,1,보험 가입 전에 확인할 내용,돈·재테크/068-보험 가입 전에 확인할 내용.txt,MONEY_FINANCE,돈·재테크,MONEY_FINANCE,True,0.65,MONEY_FINANCE,MONEY_FINANCE,True,,0,1,True,True,EXACT_CORRECT,False,False,False,False,False,False,True,True,True,True,False,[],,"[{""categoryId"":""MONEY_FINANCE"",""categoryName"":""돈·재테크"",""score"":1.0}]","[{""categoryId"":""MONEY_FINANCE"",""categoryName"":""돈·재테크"",""score"":1.0}]",True,True,True,False,18321.7286
19,TEXT-019,integrated-with-description,integrated,True,1,텍스트-2026.07.20-1245,문화·콘텐츠/019-텍스트-2026.07.20-1245.txt,CULTURE_CONTENT,문화·콘텐츠,CULTURE_CONTENT,True,0.65,CULTURE_CONTENT,CULTURE_CONTENT,True,,0,1,True,True,EXACT_CORRECT,False,False,False,False,False,False,True,True,True,True,False,[],,"[{""categoryId"":""CULTURE_CONTENT"",""categoryName"":""문화·콘텐츠"",""score"":0.9},{""categoryId"":""IDEA_INSPIRATION"",""categoryName"":""아이디어·영감"",""score"":0.6}]","[{""categoryId"":""CULTURE_CONTENT"",""categoryName"":""문화·콘텐츠"",""score"":0.9},{""categoryId"":""IDEA_INSPIRATION"",""categoryName"":""아이디어·영감"",""score"":0.6}]",True,True,True,False,25664.959
20,TEXT-020,integrated-with-description,integrated,True,1,읽어볼 개발 에세이,문화·콘텐츠/020-읽어볼 개발 에세이.txt,CULTURE_CONTENT,문화·콘텐츠,CULTURE_CONTENT,True,0.65,CULTURE_CONTENT,CULTURE_CONTENT,True,,0,1,True,True,EXACT_CORRECT,False,False,False,False,False,False,True,True,True,True,False,[],,"[{""categoryId"":""CULTURE_CONTENT"",""categoryName"":""문화·콘텐츠"",""score"":0.9}]","[{""categoryId"":""CULTURE_CONTENT"",""categoryName"":""문화·콘텐츠"",""score"":0.9}]",True,True,True,False,19802.2267
59,TEXT-059,integrated-with-description,integrated,True,1,주말에 볼 영화 후보,문화·콘텐츠/059-주말에 볼 영화 후보.txt,CULTURE_CONTENT,문화·콘텐츠,CULTURE_CONTENT,True,0.65,CULTURE_CONTENT,CULTURE_CONTENT,True,,0,1,True,True,EXACT_CORRECT,False,False,False,False,False,False,True,True,True,True,False,[],,"[{""categoryId"":""CULTURE_CONTENT"",""categoryName"":""문화·콘텐츠"",""score"":0.9}]","[{""categoryId"":""CULTURE_CONTENT"",""categoryName"":""문화·콘텐츠"",""score"":0.9}]",True,True,True,False,15446.0732
60,TEXT-060,integrated-with-description,integrated,True,1,텍스트-2026-07-15,문화·콘텐츠/060-텍스트-2026-07-15.txt,CULTURE_CONTENT,문화·콘텐츠,LEARNING_KNOWLEDGE,False,0.65,LEARNING_KNOWLEDGE,LEARNING_KNOWLEDGE,False,LEARNING_KNOWLEDGE,1,1,False,False,WRONG_MISSING_GOLD,False,True,False,False,False,False,False,False,False,False,False,[],MISSING_GOLD_CATEGORY,"[{""categoryId"":""LEARNING_KNOWLEDGE"",""categoryName"":""학습·지식"",""score"":1.0}]","[{""categoryId"":""LEARNING_KNOWLEDGE"",""categoryName"":""학습·지식"",""score"":1.0}]",True,True,True,False,17443.9045
61,TEXT-061,integrated-with-description,integrated,True,1,서울 사진전 정보,문화·콘텐츠/061-서울 사진전 정보.txt,CULTURE_CONTENT,문화·콘텐츠,CULTURE_CONTENT,True,0.65,CULTURE_CONTENT,CULTURE_CONTENT,True,,0,1,True,True,EXACT_CORRECT,False,False,False,False,False,False,True,True,True,True,False,[],,"[{""categoryId"":""CULTURE_CONTENT"",""categoryName"":""문화·콘텐츠"",""score"":1.0}]","[{""categoryId"":""CULTURE_CONTENT"",""categoryName"":""문화·콘텐츠"",""score"":1.0}]",True,True,True,False,14606.1215
62,TEXT-062,integrated-with-description,integrated,True,1,출근할 때 들을 음악,문화·콘텐츠/062-출근할 때 들을 음악.txt,CULTURE_CONTENT,문화·콘텐츠,CULTURE_CONTENT,True,0.65,CULTURE_CONTENT,CULTURE_CONTENT,True,,0,1,True,True,EXACT_CORRECT,False,False,False,False,False,False,True,True,True,True,False,[],,"[{""categoryId"":""FOOD_RESTAURANT"",""categoryName"":""음식·맛집"",""score"":0.3},{""categoryId"":""CULTURE_CONTENT"",""categoryName"":""문화·콘텐츠"",""score"":0.7}]","[{""categoryId"":""CULTURE_CONTENT"",""categoryName"":""문화·콘텐츠"",""score"":0.7},{""categoryId"":""FOOD_RESTAURANT"",""categoryName"":""음식·맛집"",""score"":0.3}]",True,True,True,False,22192.175
63,TEXT-063,integrated-with-description,integrated,True,1,웹툰 추천 목록,문화·콘텐츠/063-웹툰 추천 목록.txt,CULTURE_CONTENT,문화·콘텐츠,CULTURE_CONTENT,True,0.65,CULTURE_CONTENT,CULTURE_CONTENT,True,,0,1,True,True,EXACT_CORRECT,False,False,False,False,False,False,True,True,True,True,False,[],,"[{""categoryId"":""CULTURE_CONTENT"",""categoryName"":""문화·콘텐츠"",""score"":0.9}]","[{""categoryId"":""CULTURE_CONTENT"",""categoryName"":""문화·콘텐츠"",""score"":0.9}]",True,True,True,False,15412.0534
6,TEXT-006,integrated-with-description,integrated,True,1,1주차 백로그 정리,생활·할 일/006-1주차 백로그 정리.txt,LIFE_TASK,생활·할 일,LEARNING_KNOWLEDGE,False,0.65,LEARNING_KNOWLEDGE|CAREER,LEARNING_KNOWLEDGE|CAREER,False,CAREER|LEARNING_KNOWLEDGE,2,2,False,False,WRONG_MISSING_GOLD,False,True,False,False,False,False,False,False,False,False,False,[],MISSING_GOLD_CATEGORY,"[{""categoryId"":""LEARNING_KNOWLEDGE"",""categoryName"":""학습·지식"",""score"":0.85},{""categoryId"":""CAREER"",""categoryName"":""취업·커리어"",""score"":0.65}]","[{""categoryId"":""LEARNING_KNOWLEDGE"",""categoryName"":""학습·지식"",""score"":0.85},{""categoryId"":""CAREER"",""categoryName"":""취업·커리어"",""score"":0.65}]",True,True,True,False,24864.7217
9,TEXT-009,integrated-with-description,integrated,True,1,텍스트-2026.07.20-1035,생활·할 일/009-텍스트-2026.07.20-1035.txt,LIFE_TASK,생활·할 일,LIFE_TASK,True,0.65,LIFE_TASK,LIFE_TASK,True,,0,1,True,True,EXACT_CORRECT,False,False,False,False,False,False,True,True,True,True,False,[],,"[{""categoryId"":""LIFE_TASK"",""categoryName"":""생활·할 일"",""score"":1.0}]","[{""categoryId"":""LIFE_TASK"",""categoryName"":""생활·할 일"",""score"":1.0}]",True,True,True,False,17160.0338
10,TEXT-010,integrated-with-description,integrated,True,1,주말 방 정리 계획,생활·할 일/010-주말 방 정리 계획.txt,LIFE_TASK,생활·할 일,LIFE_TASK,True,0.65,LIFE_TASK,LIFE_TASK,True,,0,1,True,True,EXACT_CORRECT,False,False,False,False,False,False,True,True,True,True,False,[],,"[{""categoryId"":""LIFE_TASK"",""categoryName"":""생활·할 일"",""score"":1.0}]","[{""categoryId"":""LIFE_TASK"",""categoryName"":""생활·할 일"",""score"":1.0}]",True,True,True,False,22840.0336
24,TEXT-024,integrated-with-description,integrated,True,1,이사 전날 확인할 목록,생활·할 일/024-이사 전날 확인할 목록.txt,LIFE_TASK,생활·할 일,LIFE_TASK,True,0.65,LIFE_TASK,LIFE_TASK,True,,0,1,True,True,EXACT_CORRECT,False,False,False,False,False,False,True,True,True,True,False,[],,"[{""categoryId"":""LIFE_TASK"",""categoryName"":""생활·할 일"",""score"":1.0}]","[{""categoryId"":""LIFE_TASK"",""categoryName"":""생활·할 일"",""score"":1.0}]",True,True,True,False,21142.3408
25,TEXT-025,integrated-with-description,integrated,True,1,텍스트-2026-07-01,생활·할 일/025-텍스트-2026-07-01.txt,LIFE_TASK,생활·할 일,LIFE_TASK,True,0.65,LIFE_TASK,LIFE_TASK,True,,0,1,True,True,EXACT_CORRECT,False,False,False,False,False,False,True,True,True,True,False,[],,"[{""categoryId"":""LIFE_TASK"",""categoryName"":""생활·할 일"",""score"":1.0}]","[{""categoryId"":""LIFE_TASK"",""categoryName"":""생활·할 일"",""score"":1.0}]",True,True,True,False,18084.3556
26,TEXT-026,integrated-with-description,integrated,True,1,장마철 빨래 냄새 줄이는 방법,생활·할 일/026-장마철 빨래 냄새 줄이는 방법.txt,LIFE_TASK,생활·할 일,LIFE_TASK,True,0.65,LIFE_TASK,LIFE_TASK,True,,0,1,True,True,EXACT_CORRECT,False,False,False,False,False,False,True,True,True,True,False,[],,"[{""categoryId"":""LIFE_TASK"",""categoryName"":""생활·할 일"",""score"":1.0}]","[{""categoryId"":""LIFE_TASK"",""categoryName"":""생활·할 일"",""score"":1.0}]",True,True,True,False,19704.6552
27,TEXT-027,integrated-with-description,integrated,True,1,다음 주 일정 메모,생활·할 일/027-다음 주 일정 메모.txt,LIFE_TASK,생활·할 일,LIFE_TASK,True,0.65,LIFE_TASK,LIFE_TASK,True,,0,1,True,True,EXACT_CORRECT,False,False,False,False,False,False,True,True,True,True,False,[],,"[{""categoryId"":""LIFE_TASK"",""categoryName"":""생활·할 일"",""score"":1.0}]","[{""categoryId"":""LIFE_TASK"",""categoryName"":""생활·할 일"",""score"":1.0}]",True,True,True,False,15990.7621
28,TEXT-028,integrated-with-description,integrated,True,1,공과금 자동이체 변경 순서,생활·할 일/028-공과금 자동이체 변경 순서.txt,LIFE_TASK,생활·할 일,LIFE_TASK,True,0.65,LIFE_TASK,LIFE_TASK,True,,0,1,True,True,EXACT_CORRECT,False,False,False,False,False,False,True,True,True,True,False,[],,"[{""categoryId"":""LIFE_TASK"",""categoryName"":""생활·할 일"",""score"":1.0}]","[{""categoryId"":""LIFE_TASK"",""categoryName"":""생활·할 일"",""score"":1.0}]",True,True,True,False,18024.3585
23,TEXT-023,integrated-with-description,integrated,True,1,기숙사 준비물,생활·할 일/기숙사 준비물.txt,LIFE_TASK,생활·할 일,LIFE_TASK,True,0.65,LIFE_TASK,LIFE_TASK,True,,0,1,True,True,EXACT_CORRECT,False,False,False,False,False,False,True,True,True,True,False,[],,"[{""categoryId"":""LIFE_TASK"",""categoryName"":""생활·할 일"",""score"":1.0}]","[{""categoryId"":""LIFE_TASK"",""categoryName"":""생활·할 일"",""score"":1.0}]",True,True,True,False,18739.4164
11,TEXT-011,integrated-with-description,integrated,True,1,텍스트-2026.07.20-1100,쇼핑·제품/011-텍스트-2026.07.20-1100.txt,SHOPPING_PRODUCT,쇼핑·제품,SHOPPING_PRODUCT,True,0.65,SHOPPING_PRODUCT,SHOPPING_PRODUCT,True,,0,1,True,True,EXACT_CORRECT,False,False,False,False,False,False,True,True,True,True,False,[],,"[{""categoryId"":""SHOPPING_PRODUCT"",""categoryName"":""쇼핑·제품"",""score"":0.95}]","[{""categoryId"":""SHOPPING_PRODUCT"",""categoryName"":""쇼핑·제품"",""score"":0.95}]",True,True,True,False,21606.0907
12,TEXT-012,integrated-with-description,integrated,True,1,무선 키보드 구매 후보,쇼핑·제품/012-무선 키보드 구매 후보.txt,SHOPPING_PRODUCT,쇼핑·제품,SHOPPING_PRODUCT,True,0.65,SHOPPING_PRODUCT,SHOPPING_PRODUCT,True,,0,1,True,True,EXACT_CORRECT,False,False,False,False,False,False,True,True,True,True,False,[],,"[{""categoryId"":""SHOPPING_PRODUCT"",""categoryName"":""쇼핑·제품"",""score"":1.0}]","[{""categoryId"":""SHOPPING_PRODUCT"",""categoryName"":""쇼핑·제품"",""score"":1.0}]",True,True,True,False,23715.852
49,TEXT-049,integrated-with-description,integrated,True,1,무선 키보드 비교,쇼핑·제품/049-무선 키보드 비교.txt,SHOPPING_PRODUCT,쇼핑·제품,SHOPPING_PRODUCT,True,0.65,SHOPPING_PRODUCT,SHOPPING_PRODUCT,True,,0,1,True,True,EXACT_CORRECT,False,False,False,False,False,False,True,True,True,True,False,[],,"[{""categoryId"":""SHOPPING_PRODUCT"",""categoryName"":""쇼핑·제품"",""score"":0.95}]","[{""categoryId"":""SHOPPING_PRODUCT"",""categoryName"":""쇼핑·제품"",""score"":0.95}]",True,True,True,False,18953.6181
50,TEXT-050,integrated-with-description,integrated,True,1,텍스트-2026-07-11,쇼핑·제품/050-텍스트-2026-07-11.txt,SHOPPING_PRODUCT,쇼핑·제품,SHOPPING_PRODUCT,True,0.65,SHOPPING_PRODUCT,SHOPPING_PRODUCT,True,,0,1,True,True,EXACT_CORRECT,False,False,False,False,False,False,True,True,True,True,False,[],,"[{""categoryId"":""SHOPPING_PRODUCT"",""categoryName"":""쇼핑·제품"",""score"":0.9}]","[{""categoryId"":""SHOPPING_PRODUCT"",""categoryName"":""쇼핑·제품"",""score"":0.9}]",True,True,True,False,14954.5343
51,TEXT-051,integrated-with-description,integrated,True,1,로봇청소기 구매 후보,쇼핑·제품/051-로봇청소기 구매 후보.txt,SHOPPING_PRODUCT,쇼핑·제품,SHOPPING_PRODUCT,True,0.65,SHOPPING_PRODUCT,SHOPPING_PRODUCT,True,,0,1,True,True,EXACT_CORRECT,False,False,False,False,False,False,True,True,True,True,False,[],,"[{""categoryId"":""SHOPPING_PRODUCT"",""categoryName"":""쇼핑·제품"",""score"":0.95}]","[{""categoryId"":""SHOPPING_PRODUCT"",""categoryName"":""쇼핑·제품"",""score"":0.95}]",True,True,True,False,22308.4929
52,TEXT-052,integrated-with-description,integrated,True,1,여행용 보조배터리 확인 사항,쇼핑·제품/052-여행용 보조배터리 확인 사항.txt,SHOPPING_PRODUCT,쇼핑·제품,SHOPPING_PRODUCT,True,0.65,SHOPPING_PRODUCT|TRAVEL_PLACE,SHOPPING_PRODUCT|TRAVEL_PLACE,True,TRAVEL_PLACE,1,2,False,True,RELAXED_CORRECT,False,False,False,False,False,False,True,True,False,True,False,[],,"[{""categoryId"":""SHOPPING_PRODUCT"",""categoryName"":""쇼핑·제품"",""score"":0.95},{""categoryId"":""TRAVEL_PLACE"",""categoryName"":""여행·장소"",""score"":0.75}]","[{""categoryId"":""SHOPPING_PRODUCT"",""categoryName"":""쇼핑·제품"",""score"":0.95},{""categoryId"":""TRAVEL_PLACE"",""categoryName"":""여행·장소"",""score"":0.75}]",True,True,True,False,21293.8447
53,TEXT-053,integrated-with-description,integrated,True,1,부모님 선물용 마사지기 후기,쇼핑·제품/053-부모님 선물용 마사지기 후기.txt,SHOPPING_PRODUCT,쇼핑·제품,SHOPPING_PRODUCT,True,0.65,SHOPPING_PRODUCT,SHOPPING_PRODUCT,True,,0,1,True,True,EXACT_CORRECT,False,False,False,False,False,False,True,True,True,True,False,[],,"[{""categoryId"":""SHOPPING_PRODUCT"",""categoryName"":""쇼핑·제품"",""score"":0.95}]","[{""categoryId"":""SHOPPING_PRODUCT"",""categoryName"":""쇼핑·제품"",""score"":0.95}]",True,True,True,False,20693.9206
5,TEXT-005,integrated-with-description,integrated,True,1,텍스트-2026.07.20-0940,아이디어·영감/005-텍스트-2026.07.20-0940.txt,IDEA_INSPIRATION,아이디어·영감,IDEA_INSPIRATION,True,0.65,IDEA_INSPIRATION,IDEA_INSPIRATION,True,,0,1,True,True,EXACT_CORRECT,False,False,False,False,False,False,True,True,True,True,False,[],,"[{""categoryId"":""IDEA_INSPIRATION"",""categoryName"":""아이디어·영감"",""score"":0.95}]","[{""categoryId"":""IDEA_INSPIRATION"",""categoryName"":""아이디어·영감"",""score"":0.95}]",True,True,True,False,23848.6465
69,TEXT-069,integrated-with-description,integrated,True,1,앱 첫 화면 디자인 참고,아이디어·영감/069-앱 첫 화면 디자인 참고.txt,IDEA_INSPIRATION,아이디어·영감,IDEA_INSPIRATION,True,0.65,IDEA_INSPIRATION,IDEA_INSPIRATION,True,,0,1,True,True,EXACT_CORRECT,False,False,False,False,False,False,True,True,True,True,False,[],,"[{""categoryId"":""IDEA_INSPIRATION"",""categoryName"":""아이디어·영감"",""score"":0.8}]","[{""categoryId"":""IDEA_INSPIRATION"",""categoryName"":""아이디어·영감"",""score"":0.8}]",True,True,True,False,18021.6009
70,TEXT-070,integrated-with-description,integrated,True,1,텍스트-2026-07-19,아이디어·영감/070-텍스트-2026-07-19.txt,IDEA_INSPIRATION,아이디어·영감,IDEA_INSPIRATION,True,0.65,IDEA_INSPIRATION,IDEA_INSPIRATION,True,,0,1,True,True,EXACT_CORRECT,False,False,False,False,False,False,True,True,True,True,False,[],,"[{""categoryId"":""IDEA_INSPIRATION"",""categoryName"":""아이디어·영감"",""score"":0.9}]","[{""categoryId"":""IDEA_INSPIRATION"",""categoryName"":""아이디어·영감"",""score"":0.9}]",True,True,True,False,21129.8397
71,TEXT-071,integrated-with-description,integrated,True,1,방 꾸미기 참고 이미지,아이디어·영감/071-방 꾸미기 참고 이미지.txt,IDEA_INSPIRATION,아이디어·영감,LIFE_TASK,False,0.65,LIFE_TASK|CULTURE_CONTENT,LIFE_TASK|CULTURE_CONTENT,False,CULTURE_CONTENT|LIFE_TASK,2,2,False,False,WRONG_MISSING_GOLD,False,True,False,False,False,False,False,False,False,False,False,[],MISSING_GOLD_CATEGORY,"[{""categoryId"":""LIFE_TASK"",""categoryName"":""생활·할 일"",""score"":0.85},{""categoryId"":""CULTURE_CONTENT"",""categoryName"":""문화·콘텐츠"",""score"":0.65}]","[{""categoryId"":""LIFE_TASK"",""categoryName"":""생활·할 일"",""score"":0.85},{""categoryId"":""CULTURE_CONTENT"",""categoryName"":""문화·콘텐츠"",""score"":0.65}]",True,True,True,False,28494.1277
72,TEXT-072,integrated-with-description,integrated,True,1,숏폼 콘텐츠 구성 방식,아이디어·영감/072-숏폼 콘텐츠 구성 방식.txt,IDEA_INSPIRATION,아이디어·영감,IDEA_INSPIRATION,True,0.65,IDEA_INSPIRATION,IDEA_INSPIRATION,True,,0,1,True,True,EXACT_CORRECT,False,False,False,False,False,False,True,True,True,True,False,[],,"[{""categoryId"":""IDEA_INSPIRATION"",""categoryName"":""아이디어·영감"",""score"":0.95}]","[{""categoryId"":""IDEA_INSPIRATION"",""categoryName"":""아이디어·영감"",""score"":0.95}]",True,True,True,False,23549.4712
73,TEXT-073,integrated-with-description,integrated,True,1,사진 구도 참고,아이디어·영감/073-사진 구도 참고.txt,IDEA_INSPIRATION,아이디어·영감,IDEA_INSPIRATION,True,0.65,IDEA_INSPIRATION,IDEA_INSPIRATION,True,,0,1,True,True,EXACT_CORRECT,False,False,False,False,False,False,True,True,True,True,False,[],,"[{""categoryId"":""IDEA_INSPIRATION"",""categoryName"":""아이디어·영감"",""score"":0.8},{""categoryId"":""CULTURE_CONTENT"",""categoryName"":""문화·콘텐츠"",""score"":0.6}]","[{""categoryId"":""IDEA_INSPIRATION"",""categoryName"":""아이디어·영감"",""score"":0.8},{""categoryId"":""CULTURE_CONTENT"",""categoryName"":""문화·콘텐츠"",""score"":0.6}]",True,True,True,False,23704.2874
15,TEXT-015,integrated-with-description,integrated,True,1,텍스트-2026.07.20-1150,여행·장소/015-텍스트-2026.07.20-1150.txt,TRAVEL_PLACE,여행·장소,TRAVEL_PLACE,True,0.65,TRAVEL_PLACE,TRAVEL_PLACE,True,,0,1,True,True,EXACT_CORRECT,False,False,False,False,False,False,True,True,True,True,False,[],,"[{""categoryId"":""TRAVEL_PLACE"",""categoryName"":""여행·장소"",""score"":0.95}]","[{""categoryId"":""TRAVEL_PLACE"",""categoryName"":""여행·장소"",""score"":0.95}]",True,True,True,False,29127.2137
16,TEXT-016,integrated-with-description,integrated,True,1,서울 전시회 방문 후보,여행·장소/016-서울 전시회 방문 후보.txt,TRAVEL_PLACE,여행·장소,TRAVEL_PLACE,True,0.65,TRAVEL_PLACE,TRAVEL_PLACE,True,,0,1,True,True,EXACT_CORRECT,False,False,False,False,False,False,True,True,True,True,False,[],,"[{""categoryId"":""TRAVEL_PLACE"",""categoryName"":""여행·장소"",""score"":0.95}]","[{""categoryId"":""TRAVEL_PLACE"",""categoryName"":""여행·장소"",""score"":0.95}]",True,True,True,False,25111.9641
39,TEXT-039,integrated-with-description,integrated,True,1,부산에서 일몰 보기 좋은 곳,여행·장소/039-부산에서 일몰 보기 좋은 곳.txt,TRAVEL_PLACE,여행·장소,TRAVEL_PLACE,True,0.65,TRAVEL_PLACE,TRAVEL_PLACE,True,,0,1,True,True,EXACT_CORRECT,False,False,False,False,False,False,True,True,True,True,False,[],,"[{""categoryId"":""TRAVEL_PLACE"",""categoryName"":""여행·장소"",""score"":0.95}]","[{""categoryId"":""TRAVEL_PLACE"",""categoryName"":""여행·장소"",""score"":0.95}]",True,True,True,False,19069.1963
40,TEXT-040,integrated-with-description,integrated,True,1,텍스트-2026-07-07,여행·장소/040-텍스트-2026-07-07.txt,TRAVEL_PLACE,여행·장소,TRAVEL_PLACE,True,0.65,TRAVEL_PLACE,TRAVEL_PLACE,True,,0,1,True,True,EXACT_CORRECT,False,False,False,False,False,False,True,True,True,True,False,[],,"[{""categoryId"":""TRAVEL_PLACE"",""categoryName"":""여행·장소"",""score"":0.95}]","[{""categoryId"":""TRAVEL_PLACE"",""categoryName"":""여행·장소"",""score"":0.95}]",True,True,True,False,18582.3418
41,TEXT-041,integrated-with-description,integrated,True,1,교토 버스 이용 팁,여행·장소/041-교토 버스 이용 팁.txt,TRAVEL_PLACE,여행·장소,TRAVEL_PLACE,True,0.65,TRAVEL_PLACE,TRAVEL_PLACE,True,,0,1,True,True,EXACT_CORRECT,False,False,False,False,False,False,True,True,True,True,False,[],,"[{""categoryId"":""TRAVEL_PLACE"",""categoryName"":""여행·장소"",""score"":0.8}]","[{""categoryId"":""TRAVEL_PLACE"",""categoryName"":""여행·장소"",""score"":0.8}]",True,True,True,False,15898.7691
42,TEXT-042,integrated-with-description,integrated,True,1,비 오는 날 서울에서 갈 곳,여행·장소/042-비 오는 날 서울에서 갈 곳.txt,TRAVEL_PLACE,여행·장소,TRAVEL_PLACE,True,0.65,TRAVEL_PLACE,TRAVEL_PLACE,True,,0,1,True,True,EXACT_CORRECT,False,False,False,False,False,False,True,True,True,True,False,[],,"[{""categoryId"":""TRAVEL_PLACE"",""categoryName"":""여행·장소"",""score"":0.95}]","[{""categoryId"":""TRAVEL_PLACE"",""categoryName"":""여행·장소"",""score"":0.95}]",True,True,True,False,7337.6064
43,TEXT-043,integrated-with-description,integrated,True,1,숙소 예약 전에 확인할 내용,여행·장소/043-숙소 예약 전에 확인할 내용.txt,TRAVEL_PLACE,여행·장소,TRAVEL_PLACE,True,0.65,TRAVEL_PLACE,TRAVEL_PLACE,True,,0,1,True,True,EXACT_CORRECT,False,False,False,False,False,False,True,True,True,True,False,[],,"[{""categoryId"":""TRAVEL_PLACE"",""categoryName"":""여행·장소"",""score"":0.85},{""categoryId"":""SHOPPING_PRODUCT"",""categoryName"":""쇼핑·제품"",""score"":0.15}]","[{""categoryId"":""TRAVEL_PLACE"",""categoryName"":""여행·장소"",""score"":0.85},{""categoryId"":""SHOPPING_PRODUCT"",""categoryName"":""쇼핑·제품"",""score"":0.15}]",True,True,True,False,7472.9638
13,TEXT-013,integrated-with-description,integrated,True,1,텍스트-2026.07.20-1125,음식·맛집/013-텍스트-2026.07.20-1125.txt,FOOD_RESTAURANT,음식·맛집,FOOD_RESTAURANT,True,0.65,FOOD_RESTAURANT,FOOD_RESTAURANT,True,,0,1,True,True,EXACT_CORRECT,False,False,False,False,False,False,True,True,True,True,False,[],,"[{""categoryId"":""FOOD_RESTAURANT"",""categoryName"":""음식·맛집"",""score"":1.0}]","[{""categoryId"":""FOOD_RESTAURANT"",""categoryName"":""음식·맛집"",""score"":1.0}]",True,True,True,False,8667.9025
14,TEXT-014,integrated-with-description,integrated,True,1,닭가슴살 볶음밥 레시피,음식·맛집/014-닭가슴살 볶음밥 레시피.txt,FOOD_RESTAURANT,음식·맛집,FOOD_RESTAURANT,True,0.65,FOOD_RESTAURANT,FOOD_RESTAURANT,True,,0,1,True,True,EXACT_CORRECT,False,False,False,False,False,False,True,True,True,True,False,[],,"[{""categoryId"":""FOOD_RESTAURANT"",""categoryName"":""음식·맛집"",""score"":1.0}]","[{""categoryId"":""FOOD_RESTAURANT"",""categoryName"":""음식·맛집"",""score"":1.0}]",True,True,True,False,8915.0049
44,TEXT-044,integrated-with-description,integrated,True,1,성수동 파스타 식당,음식·맛집/044-성수동 파스타 식당.txt,FOOD_RESTAURANT,음식·맛집,FOOD_RESTAURANT,True,0.65,FOOD_RESTAURANT,FOOD_RESTAURANT,True,,0,1,True,True,EXACT_CORRECT,False,False,False,False,False,False,True,True,True,True,False,[],,"[{""categoryId"":""FOOD_RESTAURANT"",""categoryName"":""음식·맛집"",""score"":1.0}]","[{""categoryId"":""FOOD_RESTAURANT"",""categoryName"":""음식·맛집"",""score"":1.0}]",True,True,True,False,8988.3501
45,TEXT-045,integrated-with-description,integrated,True,1,텍스트-2026-07-09,음식·맛집/045-텍스트-2026-07-09.txt,FOOD_RESTAURANT,음식·맛집,FOOD_RESTAURANT,True,0.65,FOOD_RESTAURANT,FOOD_RESTAURANT,True,,0,1,True,True,EXACT_CORRECT,False,False,False,False,False,False,True,True,True,True,False,[],,"[{""categoryId"":""FOOD_RESTAURANT"",""categoryName"":""음식·맛집"",""score"":1.0}]","[{""categoryId"":""FOOD_RESTAURANT"",""categoryName"":""음식·맛집"",""score"":1.0}]",True,True,True,False,6402.2489
46,TEXT-046,integrated-with-description,integrated,True,1,광주에서 늦게까지 하는 카페,음식·맛집/046-광주에서 늦게까지 하는 카페.txt,FOOD_RESTAURANT,음식·맛집,FOOD_RESTAURANT,True,0.65,FOOD_RESTAURANT,FOOD_RESTAURANT,True,,0,1,True,True,EXACT_CORRECT,False,False,False,False,False,False,True,True,True,True,False,[],,"[{""categoryId"":""FOOD_RESTAURANT"",""categoryName"":""음식·맛집"",""score"":0.85}]","[{""categoryId"":""FOOD_RESTAURANT"",""categoryName"":""음식·맛집"",""score"":0.85}]",True,True,True,False,8395.4464
47,TEXT-047,integrated-with-description,integrated,True,1,냉동 만두를 바삭하게 굽는 방법,음식·맛집/047-냉동 만두를 바삭하게 굽는 방법.txt,FOOD_RESTAURANT,음식·맛집,FOOD_RESTAURANT,True,0.65,FOOD_RESTAURANT,FOOD_RESTAURANT,True,,0,1,True,True,EXACT_CORRECT,False,False,False,False,False,False,True,True,True,True,False,[],,"[{""categoryId"":""FOOD_RESTAURANT"",""categoryName"":""음식·맛집"",""score"":1.0}]","[{""categoryId"":""FOOD_RESTAURANT"",""categoryName"":""음식·맛집"",""score"":1.0}]",True,True,True,False,10163.8485
48,TEXT-048,integrated-with-description,integrated,True,1,제주 고기국수 후보,음식·맛집/048-제주 고기국수 후보.txt,FOOD_RESTAURANT,음식·맛집,FOOD_RESTAURANT,True,0.65,FOOD_RESTAURANT,FOOD_RESTAURANT,True,,0,1,True,True,EXACT_CORRECT,False,False,False,False,False,False,True,True,True,True,False,[],,"[{""categoryId"":""FOOD_RESTAURANT"",""categoryName"":""음식·맛집"",""score"":1.0}]","[{""categoryId"":""FOOD_RESTAURANT"",""categoryName"":""음식·맛집"",""score"":1.0}]",True,True,True,False,8813.1078
7,TEXT-007,integrated-with-description,integrated,True,1,텍스트-2026.07.20-1010,취업·커리어/007-텍스트-2026.07.20-1010.txt,CAREER,취업·커리어,LEARNING_KNOWLEDGE,False,0.65,LEARNING_KNOWLEDGE,LEARNING_KNOWLEDGE,False,LEARNING_KNOWLEDGE,1,1,False,False,WRONG_MISSING_GOLD,False,True,False,False,False,False,False,False,False,False,False,[],MISSING_GOLD_CATEGORY,"[{""categoryId"":""LEARNING_KNOWLEDGE"",""categoryName"":""학습·지식"",""score"":1.0}]","[{""categoryId"":""LEARNING_KNOWLEDGE"",""categoryName"":""학습·지식"",""score"":1.0}]",True,True,True,False,8576.4614
8,TEXT-008,integrated-with-description,integrated,True,1,공기업 채용 공고 확인,취업·커리어/008-공기업 채용 공고 확인.txt,CAREER,취업·커리어,CAREER,True,0.65,CAREER,CAREER,True,,0,1,True,True,EXACT_CORRECT,False,False,False,False,False,False,True,True,True,True,False,[],,"[{""categoryId"":""CAREER"",""categoryName"":""취업·커리어"",""score"":1.0}]","[{""categoryId"":""CAREER"",""categoryName"":""취업·커리어"",""score"":1.0}]",True,True,True,False,7699.2333
34,TEXT-034,integrated-with-description,integrated,True,1,백엔드 개발자 채용 공고 확인,취업·커리어/034-백엔드 개발자 채용 공고 확인.txt,CAREER,취업·커리어,CAREER,True,0.65,CAREER,CAREER,True,,0,1,True,True,EXACT_CORRECT,False,False,False,False,False,False,True,True,True,True,False,[],,"[{""categoryId"":""CAREER"",""categoryName"":""취업·커리어"",""score"":1.0}]","[{""categoryId"":""CAREER"",""categoryName"":""취업·커리어"",""score"":1.0}]",True,True,True,False,7958.3918
35,TEXT-035,integrated-with-description,integrated,True,1,텍스트-2026-07-05,취업·커리어/035-텍스트-2026-07-05.txt,CAREER,취업·커리어,CAREER,True,0.65,CAREER,CAREER,True,,0,1,True,True,EXACT_CORRECT,False,False,False,False,False,False,True,True,True,True,False,[],,"[{""categoryId"":""CAREER"",""categoryName"":""취업·커리어"",""score"":1.0}]","[{""categoryId"":""CAREER"",""categoryName"":""취업·커리어"",""score"":1.0}]",True,True,True,False,8063.4949
36,TEXT-036,integrated-with-description,integrated,True,1,자기소개서 수정할 부분,취업·커리어/036-자기소개서 수정할 부분.txt,CAREER,취업·커리어,CAREER,True,0.65,CAREER,CAREER,True,,0,1,True,True,EXACT_CORRECT,False,False,False,False,False,False,True,True,True,True,False,[],,"[{""categoryId"":""CAREER"",""categoryName"":""취업·커리어"",""score"":1.0}]","[{""categoryId"":""CAREER"",""categoryName"":""취업·커리어"",""score"":1.0}]",True,True,True,False,7183.3427
37,TEXT-037,integrated-with-description,integrated,True,1,이직 전 확인할 조건,취업·커리어/037-이직 전 확인할 조건.txt,CAREER,취업·커리어,CAREER,True,0.65,CAREER,CAREER,True,,0,1,True,True,EXACT_CORRECT,False,False,False,False,False,False,True,True,True,True,False,[],,"[{""categoryId"":""CAREER"",""categoryName"":""취업·커리어"",""score"":0.9}]","[{""categoryId"":""CAREER"",""categoryName"":""취업·커리어"",""score"":0.9}]",True,True,True,False,8829.0809
38,TEXT-038,integrated-with-description,integrated,True,1,포트폴리오 프로젝트 설명 방식,취업·커리어/038-포트폴리오 프로젝트 설명 방식.txt,CAREER,취업·커리어,LEARNING_KNOWLEDGE,False,0.65,LEARNING_KNOWLEDGE,LEARNING_KNOWLEDGE,False,LEARNING_KNOWLEDGE,1,1,False,False,WRONG_MISSING_GOLD,False,True,False,False,False,False,False,False,False,False,False,[],MISSING_GOLD_CATEGORY,"[{""categoryId"":""LEARNING_KNOWLEDGE"",""categoryName"":""학습·지식"",""score"":0.95}]","[{""categoryId"":""LEARNING_KNOWLEDGE"",""categoryName"":""학습·지식"",""score"":0.95}]",True,True,True,False,8615.9915
1,TEXT-001,integrated-with-description,integrated,True,1,텍스트-2026.07.20-0905,학습·지식/001-텍스트-2026.07.20-0905.txt,LEARNING_KNOWLEDGE,학습·지식,LEARNING_KNOWLEDGE,True,0.65,LEARNING_KNOWLEDGE,LEARNING_KNOWLEDGE,True,,0,1,True,True,EXACT_CORRECT,False,False,False,False,False,False,True,True,True,True,False,[],,"[{""categoryId"":""LEARNING_KNOWLEDGE"",""categoryName"":""학습·지식"",""score"":0.95}]","[{""categoryId"":""LEARNING_KNOWLEDGE"",""categoryName"":""학습·지식"",""score"":0.95}]",True,True,True,False,10377.1466
2,TEXT-002,integrated-with-description,integrated,True,1,JWT 재발급 구조 정리,학습·지식/002-JWT 재발급 구조 정리.txt,LEARNING_KNOWLEDGE,학습·지식,LEARNING_KNOWLEDGE,True,0.65,LEARNING_KNOWLEDGE,LEARNING_KNOWLEDGE,True,,0,1,True,True,EXACT_CORRECT,False,False,False,False,False,False,True,True,True,True,False,[],,"[{""categoryId"":""LEARNING_KNOWLEDGE"",""categoryName"":""학습·지식"",""score"":1.0}]","[{""categoryId"":""LEARNING_KNOWLEDGE"",""categoryName"":""학습·지식"",""score"":1.0}]",True,True,True,False,10445.1791
3,TEXT-003,integrated-with-description,integrated,True,1,텍스트-2026.07.20-0920,학습·지식/003-텍스트-2026.07.20-0920.txt,LEARNING_KNOWLEDGE,학습·지식,LEARNING_KNOWLEDGE,True,0.65,LEARNING_KNOWLEDGE,LEARNING_KNOWLEDGE,True,,0,1,True,True,EXACT_CORRECT,False,False,False,False,False,False,True,True,True,True,False,[],,"[{""categoryId"":""LEARNING_KNOWLEDGE"",""categoryName"":""학습·지식"",""score"":1.0}]","[{""categoryId"":""LEARNING_KNOWLEDGE"",""categoryName"":""학습·지식"",""score"":1.0}]",True,True,True,False,7246.3632
4,TEXT-004,integrated-with-description,integrated,True,1,SQLD 시험 공부 계획,학습·지식/004-SQLD 시험 공부 계획.txt,LEARNING_KNOWLEDGE,학습·지식,LEARNING_KNOWLEDGE,True,0.65,LEARNING_KNOWLEDGE,LEARNING_KNOWLEDGE,True,,0,1,True,True,EXACT_CORRECT,False,False,False,False,False,False,True,True,True,True,False,[],,"[{""categoryId"":""LEARNING_KNOWLEDGE"",""categoryName"":""학습·지식"",""score"":1.0}]","[{""categoryId"":""LEARNING_KNOWLEDGE"",""categoryName"":""학습·지식"",""score"":1.0}]",True,True,True,False,9108.7504
29,TEXT-029,integrated-with-description,integrated,True,1,Redis 큐에서 작업이 중복될 수 있는 이유,학습·지식/029-Redis 큐에서 작업이 중복될 수 있는 이유.txt,LEARNING_KNOWLEDGE,학습·지식,LEARNING_KNOWLEDGE,True,0.65,LEARNING_KNOWLEDGE,LEARNING_KNOWLEDGE,True,,0,1,True,True,EXACT_CORRECT,False,False,False,False,False,False,True,True,True,True,False,[],,"[{""categoryId"":""LEARNING_KNOWLEDGE"",""categoryName"":""학습·지식"",""score"":1.0}]","[{""categoryId"":""LEARNING_KNOWLEDGE"",""categoryName"":""학습·지식"",""score"":1.0}]",True,True,True,False,8324.2683
30,TEXT-030,integrated-with-description,integrated,True,1,텍스트-2026-07-03,학습·지식/030-텍스트-2026-07-03.txt,LEARNING_KNOWLEDGE,학습·지식,LEARNING_KNOWLEDGE,True,0.65,LEARNING_KNOWLEDGE,LEARNING_KNOWLEDGE,True,,0,1,True,True,EXACT_CORRECT,False,False,False,False,False,False,True,True,True,True,False,[],,"[{""categoryId"":""LEARNING_KNOWLEDGE"",""categoryName"":""학습·지식"",""score"":1.0}]","[{""categoryId"":""LEARNING_KNOWLEDGE"",""categoryName"":""학습·지식"",""score"":1.0}]",True,True,True,False,7496.5391
31,TEXT-031,integrated-with-description,integrated,True,1,사진 촬영에서 조리개의 역할,학습·지식/031-사진 촬영에서 조리개의 역할.txt,LEARNING_KNOWLEDGE,학습·지식,LEARNING_KNOWLEDGE,True,0.65,LEARNING_KNOWLEDGE,LEARNING_KNOWLEDGE,True,,0,1,True,True,EXACT_CORRECT,False,False,False,False,False,False,True,True,True,True,False,[],,"[{""categoryId"":""LEARNING_KNOWLEDGE"",""categoryName"":""학습·지식"",""score"":0.95}]","[{""categoryId"":""LEARNING_KNOWLEDGE"",""categoryName"":""학습·지식"",""score"":0.95}]",True,True,True,False,9669.4028
32,TEXT-032,integrated-with-description,integrated,True,1,전세와 월세의 차이 정리,학습·지식/032-전세와 월세의 차이 정리.txt,LEARNING_KNOWLEDGE,학습·지식,LEARNING_KNOWLEDGE,True,0.65,LEARNING_KNOWLEDGE,LEARNING_KNOWLEDGE,True,,0,1,True,True,EXACT_CORRECT,False,False,False,False,False,False,True,True,True,True,False,[],,"[{""categoryId"":""LEARNING_KNOWLEDGE"",""categoryName"":""학습·지식"",""score"":1.0}]","[{""categoryId"":""LEARNING_KNOWLEDGE"",""categoryName"":""학습·지식"",""score"":1.0}]",True,True,True,False,8587.0524
33,TEXT-033,integrated-with-description,integrated,True,1,좋은 발표 자료의 정보 구조,학습·지식/033-좋은 발표 자료의 정보 구조.txt,LEARNING_KNOWLEDGE,학습·지식,IDEA_INSPIRATION,False,0.65,IDEA_INSPIRATION,IDEA_INSPIRATION,False,IDEA_INSPIRATION,1,1,False,False,WRONG_MISSING_GOLD,False,True,False,False,False,False,False,False,False,False,False,[],MISSING_GOLD_CATEGORY,"[{""categoryId"":""IDEA_INSPIRATION"",""categoryName"":""아이디어·영감"",""score"":0.95}]","[{""categoryId"":""IDEA_INSPIRATION"",""categoryName"":""아이디어·영감"",""score"":0.95}]",True,True,True,False,7827.9791
17,TEXT-017,integrated-with-description,integrated,True,1,텍스트-2026.07.20-1220,건강·운동/017-텍스트-2026.07.20-1220.txt,HEALTH_EXERCISE,건강·운동,HEALTH_EXERCISE,True,0.7,HEALTH_EXERCISE,HEALTH_EXERCISE,True,,0,1,True,True,EXACT_CORRECT,False,False,False,False,False,False,True,True,True,True,False,[],,"[{""categoryId"":""HEALTH_EXERCISE"",""categoryName"":""건강·운동"",""score"":1.0}]","[{""categoryId"":""HEALTH_EXERCISE"",""categoryName"":""건강·운동"",""score"":1.0}]",True,True,True,False,15945.9195
18,TEXT-018,integrated-with-description,integrated,True,1,주 3회 운동 계획,건강·운동/018-주 3회 운동 계획.txt,HEALTH_EXERCISE,건강·운동,HEALTH_EXERCISE,True,0.7,HEALTH_EXERCISE,HEALTH_EXERCISE,True,,0,1,True,True,EXACT_CORRECT,False,False,False,False,False,False,True,True,True,True,False,[],,"[{""categoryId"":""HEALTH_EXERCISE"",""categoryName"":""건강·운동"",""score"":1.0}]","[{""categoryId"":""HEALTH_EXERCISE"",""categoryName"":""건강·운동"",""score"":1.0}]",True,True,True,False,8073.646
54,TEXT-054,integrated-with-description,integrated,True,1,허리 부담을 줄이는 스쿼트 자세,건강·운동/054-허리 부담을 줄이는 스쿼트 자세.txt,HEALTH_EXERCISE,건강·운동,HEALTH_EXERCISE,True,0.7,HEALTH_EXERCISE,HEALTH_EXERCISE,True,,0,1,True,True,EXACT_CORRECT,False,False,False,False,False,False,True,True,True,True,False,[],,"[{""categoryId"":""HEALTH_EXERCISE"",""categoryName"":""건강·운동"",""score"":1.0}]","[{""categoryId"":""HEALTH_EXERCISE"",""categoryName"":""건강·운동"",""score"":1.0}]",True,True,True,False,8329.4864
55,TEXT-055,integrated-with-description,integrated,True,1,텍스트-2026-07-13,건강·운동/055-텍스트-2026-07-13.txt,HEALTH_EXERCISE,건강·운동,HEALTH_EXERCISE,True,0.7,HEALTH_EXERCISE,HEALTH_EXERCISE,True,,0,1,True,True,EXACT_CORRECT,False,False,False,False,False,False,True,True,True,True,False,[],,"[{""categoryId"":""HEALTH_EXERCISE"",""categoryName"":""건강·운동"",""score"":0.9}]","[{""categoryId"":""HEALTH_EXERCISE"",""categoryName"":""건강·운동"",""score"":0.9}]",True,True,True,False,7590.5508
56,TEXT-056,integrated-with-description,integrated,True,1,러닝 초보자 주간 계획,건강·운동/056-러닝 초보자 주간 계획.txt,HEALTH_EXERCISE,건강·운동,HEALTH_EXERCISE,True,0.7,HEALTH_EXERCISE,HEALTH_EXERCISE,True,,0,1,True,True,EXACT_CORRECT,False,False,False,False,False,False,True,True,True,True,False,[],,"[{""categoryId"":""HEALTH_EXERCISE"",""categoryName"":""건강·운동"",""score"":1.0}]","[{""categoryId"":""HEALTH_EXERCISE"",""categoryName"":""건강·운동"",""score"":1.0}]",True,True,True,False,7697.085
57,TEXT-057,integrated-with-description,integrated,True,1,장시간 앉아 있을 때 스트레칭,건강·운동/057-장시간 앉아 있을 때 스트레칭.txt,HEALTH_EXERCISE,건강·운동,HEALTH_EXERCISE,True,0.7,HEALTH_EXERCISE,HEALTH_EXERCISE,True,,0,1,True,True,EXACT_CORRECT,False,False,False,False,False,False,True,True,True,True,False,[],,"[{""categoryId"":""HEALTH_EXERCISE"",""categoryName"":""건강·운동"",""score"":1.0}]","[{""categoryId"":""HEALTH_EXERCISE"",""categoryName"":""건강·운동"",""score"":1.0}]",True,True,True,False,8701.7719
58,TEXT-058,integrated-with-description,integrated,True,1,운동 후 식사 구성,건강·운동/058-운동 후 식사 구성.txt,HEALTH_EXERCISE,건강·운동,HEALTH_EXERCISE,True,0.7,HEALTH_EXERCISE,HEALTH_EXERCISE,True,,0,1,True,True,EXACT_CORRECT,False,False,False,False,False,False,True,True,True,True,False,[],,"[{""categoryId"":""HEALTH_EXERCISE"",""categoryName"":""건강·운동"",""score"":0.8},{""categoryId"":""FOOD_RESTAURANT"",""categoryName"":""음식·맛집"",""score"":0.6}]","[{""categoryId"":""HEALTH_EXERCISE"",""categoryName"":""건강·운동"",""score"":0.8},{""categoryId"":""FOOD_RESTAURANT"",""categoryName"":""음식·맛집"",""score"":0.6}]",True,True,True,False,11155.781
21,TEXT-021,integrated-with-description,integrated,True,1,텍스트-2026.07.20-1310,기타/021-텍스트-2026.07.20-1310.txt,OTHER,기타,IDEA_INSPIRATION,False,0.7,IDEA_INSPIRATION,IDEA_INSPIRATION,False,IDEA_INSPIRATION,1,1,False,False,WRONG_MISSING_GOLD,False,True,False,False,False,False,False,False,False,False,False,[],MISSING_GOLD_CATEGORY,"[{""categoryId"":""IDEA_INSPIRATION"",""categoryName"":""아이디어·영감"",""score"":0.8},{""categoryId"":""LIFE_TASK"",""categoryName"":""생활·할 일"",""score"":0.6}]","[{""categoryId"":""IDEA_INSPIRATION"",""categoryName"":""아이디어·영감"",""score"":0.8},{""categoryId"":""LIFE_TASK"",""categoryName"":""생활·할 일"",""score"":0.6}]",True,True,False,False,8987.4788
22,TEXT-022,integrated-with-description,integrated,True,1,텍스트-2026.07.20-1325,기타/022-텍스트-2026.07.20-1325.txt,OTHER,기타,IDEA_INSPIRATION,False,0.7,IDEA_INSPIRATION,IDEA_INSPIRATION,False,IDEA_INSPIRATION,1,1,False,False,WRONG_MISSING_GOLD,False,True,False,False,False,False,False,False,False,False,False,[],MISSING_GOLD_CATEGORY,"[{""categoryId"":""IDEA_INSPIRATION"",""categoryName"":""아이디어·영감"",""score"":1.0}]","[{""categoryId"":""IDEA_INSPIRATION"",""categoryName"":""아이디어·영감"",""score"":1.0}]",True,True,True,False,8400.6814
74,TEXT-074,integrated-with-description,integrated,True,1,텍스트-2026-07-21,기타/074-텍스트-2026-07-21.txt,OTHER,기타,OTHER,True,0.7,OTHER,OTHER,True,,0,1,True,True,EXACT_CORRECT,False,False,False,False,False,False,True,True,True,True,False,[],,"[{""categoryId"":""OTHER"",""categoryName"":""기타"",""score"":1.0}]","[{""categoryId"":""OTHER"",""categoryName"":""기타"",""score"":1.0}]",True,True,True,False,5390.4815
75,TEXT-075,integrated-with-description,integrated,True,1,확인할 문자열,기타/075-확인할 문자열.txt,OTHER,기타,SHOPPING_PRODUCT,False,0.7,SHOPPING_PRODUCT,SHOPPING_PRODUCT,False,SHOPPING_PRODUCT,1,1,False,False,WRONG_MISSING_GOLD,False,True,False,False,False,False,False,False,False,False,False,[],MISSING_GOLD_CATEGORY,"[{""categoryId"":""SHOPPING_PRODUCT"",""categoryName"":""쇼핑·제품"",""score"":1.0}]","[{""categoryId"":""SHOPPING_PRODUCT"",""categoryName"":""쇼핑·제품"",""score"":1.0}]",True,True,True,False,5197.2347
76,TEXT-076,integrated-with-description,integrated,True,1,텍스트-2026-07-22,기타/076-텍스트-2026-07-22.txt,OTHER,기타,,False,0.7,,OTHER,False,,0,0,False,False,EMPTY_PREDICTION,False,True,False,True,False,False,False,True,True,True,False,[],MISSING_GOLD_CATEGORY|EMPTY_PREDICTION|FALLBACK_USED,[],[],True,True,True,False,3814.7951
77,TEXT-077,integrated-with-description,integrated,True,1,내용을 확인할 수 없는 링크,기타/077-내용을 확인할 수 없는 링크.txt,OTHER,기타,,False,0.7,,OTHER,False,,0,0,False,False,EMPTY_PREDICTION,False,True,False,True,False,False,False,True,True,True,False,[],MISSING_GOLD_CATEGORY|EMPTY_PREDICTION|FALLBACK_USED,[],[],True,True,True,False,6057.4799
78,TEXT-078,integrated-with-description,integrated,True,1,이미지 추출 실패,기타/078-이미지 추출 실패.txt,OTHER,기타,OTHER,True,0.7,OTHER,OTHER,True,,0,1,True,True,EXACT_CORRECT,False,False,False,False,False,False,True,True,True,True,False,[],,"[{""categoryId"":""OTHER"",""categoryName"":""기타"",""score"":0.8}]","[{""categoryId"":""OTHER"",""categoryName"":""기타"",""score"":0.8}]",True,True,True,False,6620.9966
64,TEXT-064,integrated-with-description,integrated,True,1,월급 통장 나누는 방법,돈·재테크/064-월급 통장 나누는 방법.txt,MONEY_FINANCE,돈·재테크,MONEY_FINANCE,True,0.7,MONEY_FINANCE,MONEY_FINANCE,True,,0,1,True,True,EXACT_CORRECT,False,False,False,False,False,False,True,True,True,True,False,[],,"[{""categoryId"":""MONEY_FINANCE"",""categoryName"":""돈·재테크"",""score"":1.0}]","[{""categoryId"":""MONEY_FINANCE"",""categoryName"":""돈·재테크"",""score"":1.0}]",True,True,True,False,7873.0257
65,TEXT-065,integrated-with-description,integrated,True,1,텍스트-2026-07-17,돈·재테크/065-텍스트-2026-07-17.txt,MONEY_FINANCE,돈·재테크,MONEY_FINANCE,True,0.7,MONEY_FINANCE,MONEY_FINANCE,True,,0,1,True,True,EXACT_CORRECT,False,False,False,False,False,False,True,True,True,True,False,[],,"[{""categoryId"":""MONEY_FINANCE"",""categoryName"":""돈·재테크"",""score"":1.0}]","[{""categoryId"":""MONEY_FINANCE"",""categoryName"":""돈·재테크"",""score"":1.0}]",True,True,True,False,20251.2072
66,TEXT-066,integrated-with-description,integrated,True,1,카드 혜택 비교,돈·재테크/066-카드 혜택 비교.txt,MONEY_FINANCE,돈·재테크,MONEY_FINANCE,True,0.7,MONEY_FINANCE,MONEY_FINANCE,True,,0,1,True,True,EXACT_CORRECT,False,False,False,False,False,False,True,True,True,True,False,[],,"[{""categoryId"":""MONEY_FINANCE"",""categoryName"":""돈·재테크"",""score"":0.95}]","[{""categoryId"":""MONEY_FINANCE"",""categoryName"":""돈·재테크"",""score"":0.95}]",True,True,True,False,24086.1371
67,TEXT-067,integrated-with-description,integrated,True,1,비상금 규모 정하기,돈·재테크/067-비상금 규모 정하기.txt,MONEY_FINANCE,돈·재테크,MONEY_FINANCE,True,0.7,MONEY_FINANCE,MONEY_FINANCE,True,,0,1,True,True,EXACT_CORRECT,False,False,False,False,False,False,True,True,True,True,False,[],,"[{""categoryId"":""MONEY_FINANCE"",""categoryName"":""돈·재테크"",""score"":1.0}]","[{""categoryId"":""MONEY_FINANCE"",""categoryName"":""돈·재테크"",""score"":1.0}]",True,True,True,False,16565.6871
68,TEXT-068,integrated-with-description,integrated,True,1,보험 가입 전에 확인할 내용,돈·재테크/068-보험 가입 전에 확인할 내용.txt,MONEY_FINANCE,돈·재테크,MONEY_FINANCE,True,0.7,MONEY_FINANCE,MONEY_FINANCE,True,,0,1,True,True,EXACT_CORRECT,False,False,False,False,False,False,True,True,True,True,False,[],,"[{""categoryId"":""MONEY_FINANCE"",""categoryName"":""돈·재테크"",""score"":1.0}]","[{""categoryId"":""MONEY_FINANCE"",""categoryName"":""돈·재테크"",""score"":1.0}]",True,True,True,False,18321.7286
19,TEXT-019,integrated-with-description,integrated,True,1,텍스트-2026.07.20-1245,문화·콘텐츠/019-텍스트-2026.07.20-1245.txt,CULTURE_CONTENT,문화·콘텐츠,CULTURE_CONTENT,True,0.7,CULTURE_CONTENT,CULTURE_CONTENT,True,,0,1,True,True,EXACT_CORRECT,False,False,False,False,False,False,True,True,True,True,False,[],,"[{""categoryId"":""CULTURE_CONTENT"",""categoryName"":""문화·콘텐츠"",""score"":0.9},{""categoryId"":""IDEA_INSPIRATION"",""categoryName"":""아이디어·영감"",""score"":0.6}]","[{""categoryId"":""CULTURE_CONTENT"",""categoryName"":""문화·콘텐츠"",""score"":0.9},{""categoryId"":""IDEA_INSPIRATION"",""categoryName"":""아이디어·영감"",""score"":0.6}]",True,True,True,False,25664.959
20,TEXT-020,integrated-with-description,integrated,True,1,읽어볼 개발 에세이,문화·콘텐츠/020-읽어볼 개발 에세이.txt,CULTURE_CONTENT,문화·콘텐츠,CULTURE_CONTENT,True,0.7,CULTURE_CONTENT,CULTURE_CONTENT,True,,0,1,True,True,EXACT_CORRECT,False,False,False,False,False,False,True,True,True,True,False,[],,"[{""categoryId"":""CULTURE_CONTENT"",""categoryName"":""문화·콘텐츠"",""score"":0.9}]","[{""categoryId"":""CULTURE_CONTENT"",""categoryName"":""문화·콘텐츠"",""score"":0.9}]",True,True,True,False,19802.2267
59,TEXT-059,integrated-with-description,integrated,True,1,주말에 볼 영화 후보,문화·콘텐츠/059-주말에 볼 영화 후보.txt,CULTURE_CONTENT,문화·콘텐츠,CULTURE_CONTENT,True,0.7,CULTURE_CONTENT,CULTURE_CONTENT,True,,0,1,True,True,EXACT_CORRECT,False,False,False,False,False,False,True,True,True,True,False,[],,"[{""categoryId"":""CULTURE_CONTENT"",""categoryName"":""문화·콘텐츠"",""score"":0.9}]","[{""categoryId"":""CULTURE_CONTENT"",""categoryName"":""문화·콘텐츠"",""score"":0.9}]",True,True,True,False,15446.0732
60,TEXT-060,integrated-with-description,integrated,True,1,텍스트-2026-07-15,문화·콘텐츠/060-텍스트-2026-07-15.txt,CULTURE_CONTENT,문화·콘텐츠,LEARNING_KNOWLEDGE,False,0.7,LEARNING_KNOWLEDGE,LEARNING_KNOWLEDGE,False,LEARNING_KNOWLEDGE,1,1,False,False,WRONG_MISSING_GOLD,False,True,False,False,False,False,False,False,False,False,False,[],MISSING_GOLD_CATEGORY,"[{""categoryId"":""LEARNING_KNOWLEDGE"",""categoryName"":""학습·지식"",""score"":1.0}]","[{""categoryId"":""LEARNING_KNOWLEDGE"",""categoryName"":""학습·지식"",""score"":1.0}]",True,True,True,False,17443.9045
61,TEXT-061,integrated-with-description,integrated,True,1,서울 사진전 정보,문화·콘텐츠/061-서울 사진전 정보.txt,CULTURE_CONTENT,문화·콘텐츠,CULTURE_CONTENT,True,0.7,CULTURE_CONTENT,CULTURE_CONTENT,True,,0,1,True,True,EXACT_CORRECT,False,False,False,False,False,False,True,True,True,True,False,[],,"[{""categoryId"":""CULTURE_CONTENT"",""categoryName"":""문화·콘텐츠"",""score"":1.0}]","[{""categoryId"":""CULTURE_CONTENT"",""categoryName"":""문화·콘텐츠"",""score"":1.0}]",True,True,True,False,14606.1215
62,TEXT-062,integrated-with-description,integrated,True,1,출근할 때 들을 음악,문화·콘텐츠/062-출근할 때 들을 음악.txt,CULTURE_CONTENT,문화·콘텐츠,CULTURE_CONTENT,True,0.7,CULTURE_CONTENT,CULTURE_CONTENT,True,,0,1,True,True,EXACT_CORRECT,False,False,False,False,False,False,True,True,True,True,False,[],,"[{""categoryId"":""FOOD_RESTAURANT"",""categoryName"":""음식·맛집"",""score"":0.3},{""categoryId"":""CULTURE_CONTENT"",""categoryName"":""문화·콘텐츠"",""score"":0.7}]","[{""categoryId"":""CULTURE_CONTENT"",""categoryName"":""문화·콘텐츠"",""score"":0.7},{""categoryId"":""FOOD_RESTAURANT"",""categoryName"":""음식·맛집"",""score"":0.3}]",True,True,True,False,22192.175
63,TEXT-063,integrated-with-description,integrated,True,1,웹툰 추천 목록,문화·콘텐츠/063-웹툰 추천 목록.txt,CULTURE_CONTENT,문화·콘텐츠,CULTURE_CONTENT,True,0.7,CULTURE_CONTENT,CULTURE_CONTENT,True,,0,1,True,True,EXACT_CORRECT,False,False,False,False,False,False,True,True,True,True,False,[],,"[{""categoryId"":""CULTURE_CONTENT"",""categoryName"":""문화·콘텐츠"",""score"":0.9}]","[{""categoryId"":""CULTURE_CONTENT"",""categoryName"":""문화·콘텐츠"",""score"":0.9}]",True,True,True,False,15412.0534
6,TEXT-006,integrated-with-description,integrated,True,1,1주차 백로그 정리,생활·할 일/006-1주차 백로그 정리.txt,LIFE_TASK,생활·할 일,LEARNING_KNOWLEDGE,False,0.7,LEARNING_KNOWLEDGE,LEARNING_KNOWLEDGE,False,LEARNING_KNOWLEDGE,1,1,False,False,WRONG_MISSING_GOLD,False,True,False,False,False,False,False,False,False,False,False,[],MISSING_GOLD_CATEGORY,"[{""categoryId"":""LEARNING_KNOWLEDGE"",""categoryName"":""학습·지식"",""score"":0.85},{""categoryId"":""CAREER"",""categoryName"":""취업·커리어"",""score"":0.65}]","[{""categoryId"":""LEARNING_KNOWLEDGE"",""categoryName"":""학습·지식"",""score"":0.85},{""categoryId"":""CAREER"",""categoryName"":""취업·커리어"",""score"":0.65}]",True,True,True,False,24864.7217
9,TEXT-009,integrated-with-description,integrated,True,1,텍스트-2026.07.20-1035,생활·할 일/009-텍스트-2026.07.20-1035.txt,LIFE_TASK,생활·할 일,LIFE_TASK,True,0.7,LIFE_TASK,LIFE_TASK,True,,0,1,True,True,EXACT_CORRECT,False,False,False,False,False,False,True,True,True,True,False,[],,"[{""categoryId"":""LIFE_TASK"",""categoryName"":""생활·할 일"",""score"":1.0}]","[{""categoryId"":""LIFE_TASK"",""categoryName"":""생활·할 일"",""score"":1.0}]",True,True,True,False,17160.0338
10,TEXT-010,integrated-with-description,integrated,True,1,주말 방 정리 계획,생활·할 일/010-주말 방 정리 계획.txt,LIFE_TASK,생활·할 일,LIFE_TASK,True,0.7,LIFE_TASK,LIFE_TASK,True,,0,1,True,True,EXACT_CORRECT,False,False,False,False,False,False,True,True,True,True,False,[],,"[{""categoryId"":""LIFE_TASK"",""categoryName"":""생활·할 일"",""score"":1.0}]","[{""categoryId"":""LIFE_TASK"",""categoryName"":""생활·할 일"",""score"":1.0}]",True,True,True,False,22840.0336
24,TEXT-024,integrated-with-description,integrated,True,1,이사 전날 확인할 목록,생활·할 일/024-이사 전날 확인할 목록.txt,LIFE_TASK,생활·할 일,LIFE_TASK,True,0.7,LIFE_TASK,LIFE_TASK,True,,0,1,True,True,EXACT_CORRECT,False,False,False,False,False,False,True,True,True,True,False,[],,"[{""categoryId"":""LIFE_TASK"",""categoryName"":""생활·할 일"",""score"":1.0}]","[{""categoryId"":""LIFE_TASK"",""categoryName"":""생활·할 일"",""score"":1.0}]",True,True,True,False,21142.3408
25,TEXT-025,integrated-with-description,integrated,True,1,텍스트-2026-07-01,생활·할 일/025-텍스트-2026-07-01.txt,LIFE_TASK,생활·할 일,LIFE_TASK,True,0.7,LIFE_TASK,LIFE_TASK,True,,0,1,True,True,EXACT_CORRECT,False,False,False,False,False,False,True,True,True,True,False,[],,"[{""categoryId"":""LIFE_TASK"",""categoryName"":""생활·할 일"",""score"":1.0}]","[{""categoryId"":""LIFE_TASK"",""categoryName"":""생활·할 일"",""score"":1.0}]",True,True,True,False,18084.3556
26,TEXT-026,integrated-with-description,integrated,True,1,장마철 빨래 냄새 줄이는 방법,생활·할 일/026-장마철 빨래 냄새 줄이는 방법.txt,LIFE_TASK,생활·할 일,LIFE_TASK,True,0.7,LIFE_TASK,LIFE_TASK,True,,0,1,True,True,EXACT_CORRECT,False,False,False,False,False,False,True,True,True,True,False,[],,"[{""categoryId"":""LIFE_TASK"",""categoryName"":""생활·할 일"",""score"":1.0}]","[{""categoryId"":""LIFE_TASK"",""categoryName"":""생활·할 일"",""score"":1.0}]",True,True,True,False,19704.6552
27,TEXT-027,integrated-with-description,integrated,True,1,다음 주 일정 메모,생활·할 일/027-다음 주 일정 메모.txt,LIFE_TASK,생활·할 일,LIFE_TASK,True,0.7,LIFE_TASK,LIFE_TASK,True,,0,1,True,True,EXACT_CORRECT,False,False,False,False,False,False,True,True,True,True,False,[],,"[{""categoryId"":""LIFE_TASK"",""categoryName"":""생활·할 일"",""score"":1.0}]","[{""categoryId"":""LIFE_TASK"",""categoryName"":""생활·할 일"",""score"":1.0}]",True,True,True,False,15990.7621
28,TEXT-028,integrated-with-description,integrated,True,1,공과금 자동이체 변경 순서,생활·할 일/028-공과금 자동이체 변경 순서.txt,LIFE_TASK,생활·할 일,LIFE_TASK,True,0.7,LIFE_TASK,LIFE_TASK,True,,0,1,True,True,EXACT_CORRECT,False,False,False,False,False,False,True,True,True,True,False,[],,"[{""categoryId"":""LIFE_TASK"",""categoryName"":""생활·할 일"",""score"":1.0}]","[{""categoryId"":""LIFE_TASK"",""categoryName"":""생활·할 일"",""score"":1.0}]",True,True,True,False,18024.3585
23,TEXT-023,integrated-with-description,integrated,True,1,기숙사 준비물,생활·할 일/기숙사 준비물.txt,LIFE_TASK,생활·할 일,LIFE_TASK,True,0.7,LIFE_TASK,LIFE_TASK,True,,0,1,True,True,EXACT_CORRECT,False,False,False,False,False,False,True,True,True,True,False,[],,"[{""categoryId"":""LIFE_TASK"",""categoryName"":""생활·할 일"",""score"":1.0}]","[{""categoryId"":""LIFE_TASK"",""categoryName"":""생활·할 일"",""score"":1.0}]",True,True,True,False,18739.4164
11,TEXT-011,integrated-with-description,integrated,True,1,텍스트-2026.07.20-1100,쇼핑·제품/011-텍스트-2026.07.20-1100.txt,SHOPPING_PRODUCT,쇼핑·제품,SHOPPING_PRODUCT,True,0.7,SHOPPING_PRODUCT,SHOPPING_PRODUCT,True,,0,1,True,True,EXACT_CORRECT,False,False,False,False,False,False,True,True,True,True,False,[],,"[{""categoryId"":""SHOPPING_PRODUCT"",""categoryName"":""쇼핑·제품"",""score"":0.95}]","[{""categoryId"":""SHOPPING_PRODUCT"",""categoryName"":""쇼핑·제품"",""score"":0.95}]",True,True,True,False,21606.0907
12,TEXT-012,integrated-with-description,integrated,True,1,무선 키보드 구매 후보,쇼핑·제품/012-무선 키보드 구매 후보.txt,SHOPPING_PRODUCT,쇼핑·제품,SHOPPING_PRODUCT,True,0.7,SHOPPING_PRODUCT,SHOPPING_PRODUCT,True,,0,1,True,True,EXACT_CORRECT,False,False,False,False,False,False,True,True,True,True,False,[],,"[{""categoryId"":""SHOPPING_PRODUCT"",""categoryName"":""쇼핑·제품"",""score"":1.0}]","[{""categoryId"":""SHOPPING_PRODUCT"",""categoryName"":""쇼핑·제품"",""score"":1.0}]",True,True,True,False,23715.852
49,TEXT-049,integrated-with-description,integrated,True,1,무선 키보드 비교,쇼핑·제품/049-무선 키보드 비교.txt,SHOPPING_PRODUCT,쇼핑·제품,SHOPPING_PRODUCT,True,0.7,SHOPPING_PRODUCT,SHOPPING_PRODUCT,True,,0,1,True,True,EXACT_CORRECT,False,False,False,False,False,False,True,True,True,True,False,[],,"[{""categoryId"":""SHOPPING_PRODUCT"",""categoryName"":""쇼핑·제품"",""score"":0.95}]","[{""categoryId"":""SHOPPING_PRODUCT"",""categoryName"":""쇼핑·제품"",""score"":0.95}]",True,True,True,False,18953.6181
50,TEXT-050,integrated-with-description,integrated,True,1,텍스트-2026-07-11,쇼핑·제품/050-텍스트-2026-07-11.txt,SHOPPING_PRODUCT,쇼핑·제품,SHOPPING_PRODUCT,True,0.7,SHOPPING_PRODUCT,SHOPPING_PRODUCT,True,,0,1,True,True,EXACT_CORRECT,False,False,False,False,False,False,True,True,True,True,False,[],,"[{""categoryId"":""SHOPPING_PRODUCT"",""categoryName"":""쇼핑·제품"",""score"":0.9}]","[{""categoryId"":""SHOPPING_PRODUCT"",""categoryName"":""쇼핑·제품"",""score"":0.9}]",True,True,True,False,14954.5343
51,TEXT-051,integrated-with-description,integrated,True,1,로봇청소기 구매 후보,쇼핑·제품/051-로봇청소기 구매 후보.txt,SHOPPING_PRODUCT,쇼핑·제품,SHOPPING_PRODUCT,True,0.7,SHOPPING_PRODUCT,SHOPPING_PRODUCT,True,,0,1,True,True,EXACT_CORRECT,False,False,False,False,False,False,True,True,True,True,False,[],,"[{""categoryId"":""SHOPPING_PRODUCT"",""categoryName"":""쇼핑·제품"",""score"":0.95}]","[{""categoryId"":""SHOPPING_PRODUCT"",""categoryName"":""쇼핑·제품"",""score"":0.95}]",True,True,True,False,22308.4929
52,TEXT-052,integrated-with-description,integrated,True,1,여행용 보조배터리 확인 사항,쇼핑·제품/052-여행용 보조배터리 확인 사항.txt,SHOPPING_PRODUCT,쇼핑·제품,SHOPPING_PRODUCT,True,0.7,SHOPPING_PRODUCT|TRAVEL_PLACE,SHOPPING_PRODUCT|TRAVEL_PLACE,True,TRAVEL_PLACE,1,2,False,True,RELAXED_CORRECT,False,False,False,False,False,False,True,True,False,True,False,[],,"[{""categoryId"":""SHOPPING_PRODUCT"",""categoryName"":""쇼핑·제품"",""score"":0.95},{""categoryId"":""TRAVEL_PLACE"",""categoryName"":""여행·장소"",""score"":0.75}]","[{""categoryId"":""SHOPPING_PRODUCT"",""categoryName"":""쇼핑·제품"",""score"":0.95},{""categoryId"":""TRAVEL_PLACE"",""categoryName"":""여행·장소"",""score"":0.75}]",True,True,True,False,21293.8447
53,TEXT-053,integrated-with-description,integrated,True,1,부모님 선물용 마사지기 후기,쇼핑·제품/053-부모님 선물용 마사지기 후기.txt,SHOPPING_PRODUCT,쇼핑·제품,SHOPPING_PRODUCT,True,0.7,SHOPPING_PRODUCT,SHOPPING_PRODUCT,True,,0,1,True,True,EXACT_CORRECT,False,False,False,False,False,False,True,True,True,True,False,[],,"[{""categoryId"":""SHOPPING_PRODUCT"",""categoryName"":""쇼핑·제품"",""score"":0.95}]","[{""categoryId"":""SHOPPING_PRODUCT"",""categoryName"":""쇼핑·제품"",""score"":0.95}]",True,True,True,False,20693.9206
5,TEXT-005,integrated-with-description,integrated,True,1,텍스트-2026.07.20-0940,아이디어·영감/005-텍스트-2026.07.20-0940.txt,IDEA_INSPIRATION,아이디어·영감,IDEA_INSPIRATION,True,0.7,IDEA_INSPIRATION,IDEA_INSPIRATION,True,,0,1,True,True,EXACT_CORRECT,False,False,False,False,False,False,True,True,True,True,False,[],,"[{""categoryId"":""IDEA_INSPIRATION"",""categoryName"":""아이디어·영감"",""score"":0.95}]","[{""categoryId"":""IDEA_INSPIRATION"",""categoryName"":""아이디어·영감"",""score"":0.95}]",True,True,True,False,23848.6465
69,TEXT-069,integrated-with-description,integrated,True,1,앱 첫 화면 디자인 참고,아이디어·영감/069-앱 첫 화면 디자인 참고.txt,IDEA_INSPIRATION,아이디어·영감,IDEA_INSPIRATION,True,0.7,IDEA_INSPIRATION,IDEA_INSPIRATION,True,,0,1,True,True,EXACT_CORRECT,False,False,False,False,False,False,True,True,True,True,False,[],,"[{""categoryId"":""IDEA_INSPIRATION"",""categoryName"":""아이디어·영감"",""score"":0.8}]","[{""categoryId"":""IDEA_INSPIRATION"",""categoryName"":""아이디어·영감"",""score"":0.8}]",True,True,True,False,18021.6009
70,TEXT-070,integrated-with-description,integrated,True,1,텍스트-2026-07-19,아이디어·영감/070-텍스트-2026-07-19.txt,IDEA_INSPIRATION,아이디어·영감,IDEA_INSPIRATION,True,0.7,IDEA_INSPIRATION,IDEA_INSPIRATION,True,,0,1,True,True,EXACT_CORRECT,False,False,False,False,False,False,True,True,True,True,False,[],,"[{""categoryId"":""IDEA_INSPIRATION"",""categoryName"":""아이디어·영감"",""score"":0.9}]","[{""categoryId"":""IDEA_INSPIRATION"",""categoryName"":""아이디어·영감"",""score"":0.9}]",True,True,True,False,21129.8397
71,TEXT-071,integrated-with-description,integrated,True,1,방 꾸미기 참고 이미지,아이디어·영감/071-방 꾸미기 참고 이미지.txt,IDEA_INSPIRATION,아이디어·영감,LIFE_TASK,False,0.7,LIFE_TASK,LIFE_TASK,False,LIFE_TASK,1,1,False,False,WRONG_MISSING_GOLD,False,True,False,False,False,False,False,False,False,False,False,[],MISSING_GOLD_CATEGORY,"[{""categoryId"":""LIFE_TASK"",""categoryName"":""생활·할 일"",""score"":0.85},{""categoryId"":""CULTURE_CONTENT"",""categoryName"":""문화·콘텐츠"",""score"":0.65}]","[{""categoryId"":""LIFE_TASK"",""categoryName"":""생활·할 일"",""score"":0.85},{""categoryId"":""CULTURE_CONTENT"",""categoryName"":""문화·콘텐츠"",""score"":0.65}]",True,True,True,False,28494.1277
72,TEXT-072,integrated-with-description,integrated,True,1,숏폼 콘텐츠 구성 방식,아이디어·영감/072-숏폼 콘텐츠 구성 방식.txt,IDEA_INSPIRATION,아이디어·영감,IDEA_INSPIRATION,True,0.7,IDEA_INSPIRATION,IDEA_INSPIRATION,True,,0,1,True,True,EXACT_CORRECT,False,False,False,False,False,False,True,True,True,True,False,[],,"[{""categoryId"":""IDEA_INSPIRATION"",""categoryName"":""아이디어·영감"",""score"":0.95}]","[{""categoryId"":""IDEA_INSPIRATION"",""categoryName"":""아이디어·영감"",""score"":0.95}]",True,True,True,False,23549.4712
73,TEXT-073,integrated-with-description,integrated,True,1,사진 구도 참고,아이디어·영감/073-사진 구도 참고.txt,IDEA_INSPIRATION,아이디어·영감,IDEA_INSPIRATION,True,0.7,IDEA_INSPIRATION,IDEA_INSPIRATION,True,,0,1,True,True,EXACT_CORRECT,False,False,False,False,False,False,True,True,True,True,False,[],,"[{""categoryId"":""IDEA_INSPIRATION"",""categoryName"":""아이디어·영감"",""score"":0.8},{""categoryId"":""CULTURE_CONTENT"",""categoryName"":""문화·콘텐츠"",""score"":0.6}]","[{""categoryId"":""IDEA_INSPIRATION"",""categoryName"":""아이디어·영감"",""score"":0.8},{""categoryId"":""CULTURE_CONTENT"",""categoryName"":""문화·콘텐츠"",""score"":0.6}]",True,True,True,False,23704.2874
15,TEXT-015,integrated-with-description,integrated,True,1,텍스트-2026.07.20-1150,여행·장소/015-텍스트-2026.07.20-1150.txt,TRAVEL_PLACE,여행·장소,TRAVEL_PLACE,True,0.7,TRAVEL_PLACE,TRAVEL_PLACE,True,,0,1,True,True,EXACT_CORRECT,False,False,False,False,False,False,True,True,True,True,False,[],,"[{""categoryId"":""TRAVEL_PLACE"",""categoryName"":""여행·장소"",""score"":0.95}]","[{""categoryId"":""TRAVEL_PLACE"",""categoryName"":""여행·장소"",""score"":0.95}]",True,True,True,False,29127.2137
16,TEXT-016,integrated-with-description,integrated,True,1,서울 전시회 방문 후보,여행·장소/016-서울 전시회 방문 후보.txt,TRAVEL_PLACE,여행·장소,TRAVEL_PLACE,True,0.7,TRAVEL_PLACE,TRAVEL_PLACE,True,,0,1,True,True,EXACT_CORRECT,False,False,False,False,False,False,True,True,True,True,False,[],,"[{""categoryId"":""TRAVEL_PLACE"",""categoryName"":""여행·장소"",""score"":0.95}]","[{""categoryId"":""TRAVEL_PLACE"",""categoryName"":""여행·장소"",""score"":0.95}]",True,True,True,False,25111.9641
39,TEXT-039,integrated-with-description,integrated,True,1,부산에서 일몰 보기 좋은 곳,여행·장소/039-부산에서 일몰 보기 좋은 곳.txt,TRAVEL_PLACE,여행·장소,TRAVEL_PLACE,True,0.7,TRAVEL_PLACE,TRAVEL_PLACE,True,,0,1,True,True,EXACT_CORRECT,False,False,False,False,False,False,True,True,True,True,False,[],,"[{""categoryId"":""TRAVEL_PLACE"",""categoryName"":""여행·장소"",""score"":0.95}]","[{""categoryId"":""TRAVEL_PLACE"",""categoryName"":""여행·장소"",""score"":0.95}]",True,True,True,False,19069.1963
40,TEXT-040,integrated-with-description,integrated,True,1,텍스트-2026-07-07,여행·장소/040-텍스트-2026-07-07.txt,TRAVEL_PLACE,여행·장소,TRAVEL_PLACE,True,0.7,TRAVEL_PLACE,TRAVEL_PLACE,True,,0,1,True,True,EXACT_CORRECT,False,False,False,False,False,False,True,True,True,True,False,[],,"[{""categoryId"":""TRAVEL_PLACE"",""categoryName"":""여행·장소"",""score"":0.95}]","[{""categoryId"":""TRAVEL_PLACE"",""categoryName"":""여행·장소"",""score"":0.95}]",True,True,True,False,18582.3418
41,TEXT-041,integrated-with-description,integrated,True,1,교토 버스 이용 팁,여행·장소/041-교토 버스 이용 팁.txt,TRAVEL_PLACE,여행·장소,TRAVEL_PLACE,True,0.7,TRAVEL_PLACE,TRAVEL_PLACE,True,,0,1,True,True,EXACT_CORRECT,False,False,False,False,False,False,True,True,True,True,False,[],,"[{""categoryId"":""TRAVEL_PLACE"",""categoryName"":""여행·장소"",""score"":0.8}]","[{""categoryId"":""TRAVEL_PLACE"",""categoryName"":""여행·장소"",""score"":0.8}]",True,True,True,False,15898.7691
42,TEXT-042,integrated-with-description,integrated,True,1,비 오는 날 서울에서 갈 곳,여행·장소/042-비 오는 날 서울에서 갈 곳.txt,TRAVEL_PLACE,여행·장소,TRAVEL_PLACE,True,0.7,TRAVEL_PLACE,TRAVEL_PLACE,True,,0,1,True,True,EXACT_CORRECT,False,False,False,False,False,False,True,True,True,True,False,[],,"[{""categoryId"":""TRAVEL_PLACE"",""categoryName"":""여행·장소"",""score"":0.95}]","[{""categoryId"":""TRAVEL_PLACE"",""categoryName"":""여행·장소"",""score"":0.95}]",True,True,True,False,7337.6064
43,TEXT-043,integrated-with-description,integrated,True,1,숙소 예약 전에 확인할 내용,여행·장소/043-숙소 예약 전에 확인할 내용.txt,TRAVEL_PLACE,여행·장소,TRAVEL_PLACE,True,0.7,TRAVEL_PLACE,TRAVEL_PLACE,True,,0,1,True,True,EXACT_CORRECT,False,False,False,False,False,False,True,True,True,True,False,[],,"[{""categoryId"":""TRAVEL_PLACE"",""categoryName"":""여행·장소"",""score"":0.85},{""categoryId"":""SHOPPING_PRODUCT"",""categoryName"":""쇼핑·제품"",""score"":0.15}]","[{""categoryId"":""TRAVEL_PLACE"",""categoryName"":""여행·장소"",""score"":0.85},{""categoryId"":""SHOPPING_PRODUCT"",""categoryName"":""쇼핑·제품"",""score"":0.15}]",True,True,True,False,7472.9638
13,TEXT-013,integrated-with-description,integrated,True,1,텍스트-2026.07.20-1125,음식·맛집/013-텍스트-2026.07.20-1125.txt,FOOD_RESTAURANT,음식·맛집,FOOD_RESTAURANT,True,0.7,FOOD_RESTAURANT,FOOD_RESTAURANT,True,,0,1,True,True,EXACT_CORRECT,False,False,False,False,False,False,True,True,True,True,False,[],,"[{""categoryId"":""FOOD_RESTAURANT"",""categoryName"":""음식·맛집"",""score"":1.0}]","[{""categoryId"":""FOOD_RESTAURANT"",""categoryName"":""음식·맛집"",""score"":1.0}]",True,True,True,False,8667.9025
14,TEXT-014,integrated-with-description,integrated,True,1,닭가슴살 볶음밥 레시피,음식·맛집/014-닭가슴살 볶음밥 레시피.txt,FOOD_RESTAURANT,음식·맛집,FOOD_RESTAURANT,True,0.7,FOOD_RESTAURANT,FOOD_RESTAURANT,True,,0,1,True,True,EXACT_CORRECT,False,False,False,False,False,False,True,True,True,True,False,[],,"[{""categoryId"":""FOOD_RESTAURANT"",""categoryName"":""음식·맛집"",""score"":1.0}]","[{""categoryId"":""FOOD_RESTAURANT"",""categoryName"":""음식·맛집"",""score"":1.0}]",True,True,True,False,8915.0049
44,TEXT-044,integrated-with-description,integrated,True,1,성수동 파스타 식당,음식·맛집/044-성수동 파스타 식당.txt,FOOD_RESTAURANT,음식·맛집,FOOD_RESTAURANT,True,0.7,FOOD_RESTAURANT,FOOD_RESTAURANT,True,,0,1,True,True,EXACT_CORRECT,False,False,False,False,False,False,True,True,True,True,False,[],,"[{""categoryId"":""FOOD_RESTAURANT"",""categoryName"":""음식·맛집"",""score"":1.0}]","[{""categoryId"":""FOOD_RESTAURANT"",""categoryName"":""음식·맛집"",""score"":1.0}]",True,True,True,False,8988.3501
45,TEXT-045,integrated-with-description,integrated,True,1,텍스트-2026-07-09,음식·맛집/045-텍스트-2026-07-09.txt,FOOD_RESTAURANT,음식·맛집,FOOD_RESTAURANT,True,0.7,FOOD_RESTAURANT,FOOD_RESTAURANT,True,,0,1,True,True,EXACT_CORRECT,False,False,False,False,False,False,True,True,True,True,False,[],,"[{""categoryId"":""FOOD_RESTAURANT"",""categoryName"":""음식·맛집"",""score"":1.0}]","[{""categoryId"":""FOOD_RESTAURANT"",""categoryName"":""음식·맛집"",""score"":1.0}]",True,True,True,False,6402.2489
46,TEXT-046,integrated-with-description,integrated,True,1,광주에서 늦게까지 하는 카페,음식·맛집/046-광주에서 늦게까지 하는 카페.txt,FOOD_RESTAURANT,음식·맛집,FOOD_RESTAURANT,True,0.7,FOOD_RESTAURANT,FOOD_RESTAURANT,True,,0,1,True,True,EXACT_CORRECT,False,False,False,False,False,False,True,True,True,True,False,[],,"[{""categoryId"":""FOOD_RESTAURANT"",""categoryName"":""음식·맛집"",""score"":0.85}]","[{""categoryId"":""FOOD_RESTAURANT"",""categoryName"":""음식·맛집"",""score"":0.85}]",True,True,True,False,8395.4464
47,TEXT-047,integrated-with-description,integrated,True,1,냉동 만두를 바삭하게 굽는 방법,음식·맛집/047-냉동 만두를 바삭하게 굽는 방법.txt,FOOD_RESTAURANT,음식·맛집,FOOD_RESTAURANT,True,0.7,FOOD_RESTAURANT,FOOD_RESTAURANT,True,,0,1,True,True,EXACT_CORRECT,False,False,False,False,False,False,True,True,True,True,False,[],,"[{""categoryId"":""FOOD_RESTAURANT"",""categoryName"":""음식·맛집"",""score"":1.0}]","[{""categoryId"":""FOOD_RESTAURANT"",""categoryName"":""음식·맛집"",""score"":1.0}]",True,True,True,False,10163.8485
48,TEXT-048,integrated-with-description,integrated,True,1,제주 고기국수 후보,음식·맛집/048-제주 고기국수 후보.txt,FOOD_RESTAURANT,음식·맛집,FOOD_RESTAURANT,True,0.7,FOOD_RESTAURANT,FOOD_RESTAURANT,True,,0,1,True,True,EXACT_CORRECT,False,False,False,False,False,False,True,True,True,True,False,[],,"[{""categoryId"":""FOOD_RESTAURANT"",""categoryName"":""음식·맛집"",""score"":1.0}]","[{""categoryId"":""FOOD_RESTAURANT"",""categoryName"":""음식·맛집"",""score"":1.0}]",True,True,True,False,8813.1078
7,TEXT-007,integrated-with-description,integrated,True,1,텍스트-2026.07.20-1010,취업·커리어/007-텍스트-2026.07.20-1010.txt,CAREER,취업·커리어,LEARNING_KNOWLEDGE,False,0.7,LEARNING_KNOWLEDGE,LEARNING_KNOWLEDGE,False,LEARNING_KNOWLEDGE,1,1,False,False,WRONG_MISSING_GOLD,False,True,False,False,False,False,False,False,False,False,False,[],MISSING_GOLD_CATEGORY,"[{""categoryId"":""LEARNING_KNOWLEDGE"",""categoryName"":""학습·지식"",""score"":1.0}]","[{""categoryId"":""LEARNING_KNOWLEDGE"",""categoryName"":""학습·지식"",""score"":1.0}]",True,True,True,False,8576.4614
8,TEXT-008,integrated-with-description,integrated,True,1,공기업 채용 공고 확인,취업·커리어/008-공기업 채용 공고 확인.txt,CAREER,취업·커리어,CAREER,True,0.7,CAREER,CAREER,True,,0,1,True,True,EXACT_CORRECT,False,False,False,False,False,False,True,True,True,True,False,[],,"[{""categoryId"":""CAREER"",""categoryName"":""취업·커리어"",""score"":1.0}]","[{""categoryId"":""CAREER"",""categoryName"":""취업·커리어"",""score"":1.0}]",True,True,True,False,7699.2333
34,TEXT-034,integrated-with-description,integrated,True,1,백엔드 개발자 채용 공고 확인,취업·커리어/034-백엔드 개발자 채용 공고 확인.txt,CAREER,취업·커리어,CAREER,True,0.7,CAREER,CAREER,True,,0,1,True,True,EXACT_CORRECT,False,False,False,False,False,False,True,True,True,True,False,[],,"[{""categoryId"":""CAREER"",""categoryName"":""취업·커리어"",""score"":1.0}]","[{""categoryId"":""CAREER"",""categoryName"":""취업·커리어"",""score"":1.0}]",True,True,True,False,7958.3918
35,TEXT-035,integrated-with-description,integrated,True,1,텍스트-2026-07-05,취업·커리어/035-텍스트-2026-07-05.txt,CAREER,취업·커리어,CAREER,True,0.7,CAREER,CAREER,True,,0,1,True,True,EXACT_CORRECT,False,False,False,False,False,False,True,True,True,True,False,[],,"[{""categoryId"":""CAREER"",""categoryName"":""취업·커리어"",""score"":1.0}]","[{""categoryId"":""CAREER"",""categoryName"":""취업·커리어"",""score"":1.0}]",True,True,True,False,8063.4949
36,TEXT-036,integrated-with-description,integrated,True,1,자기소개서 수정할 부분,취업·커리어/036-자기소개서 수정할 부분.txt,CAREER,취업·커리어,CAREER,True,0.7,CAREER,CAREER,True,,0,1,True,True,EXACT_CORRECT,False,False,False,False,False,False,True,True,True,True,False,[],,"[{""categoryId"":""CAREER"",""categoryName"":""취업·커리어"",""score"":1.0}]","[{""categoryId"":""CAREER"",""categoryName"":""취업·커리어"",""score"":1.0}]",True,True,True,False,7183.3427
37,TEXT-037,integrated-with-description,integrated,True,1,이직 전 확인할 조건,취업·커리어/037-이직 전 확인할 조건.txt,CAREER,취업·커리어,CAREER,True,0.7,CAREER,CAREER,True,,0,1,True,True,EXACT_CORRECT,False,False,False,False,False,False,True,True,True,True,False,[],,"[{""categoryId"":""CAREER"",""categoryName"":""취업·커리어"",""score"":0.9}]","[{""categoryId"":""CAREER"",""categoryName"":""취업·커리어"",""score"":0.9}]",True,True,True,False,8829.0809
38,TEXT-038,integrated-with-description,integrated,True,1,포트폴리오 프로젝트 설명 방식,취업·커리어/038-포트폴리오 프로젝트 설명 방식.txt,CAREER,취업·커리어,LEARNING_KNOWLEDGE,False,0.7,LEARNING_KNOWLEDGE,LEARNING_KNOWLEDGE,False,LEARNING_KNOWLEDGE,1,1,False,False,WRONG_MISSING_GOLD,False,True,False,False,False,False,False,False,False,False,False,[],MISSING_GOLD_CATEGORY,"[{""categoryId"":""LEARNING_KNOWLEDGE"",""categoryName"":""학습·지식"",""score"":0.95}]","[{""categoryId"":""LEARNING_KNOWLEDGE"",""categoryName"":""학습·지식"",""score"":0.95}]",True,True,True,False,8615.9915
1,TEXT-001,integrated-with-description,integrated,True,1,텍스트-2026.07.20-0905,학습·지식/001-텍스트-2026.07.20-0905.txt,LEARNING_KNOWLEDGE,학습·지식,LEARNING_KNOWLEDGE,True,0.7,LEARNING_KNOWLEDGE,LEARNING_KNOWLEDGE,True,,0,1,True,True,EXACT_CORRECT,False,False,False,False,False,False,True,True,True,True,False,[],,"[{""categoryId"":""LEARNING_KNOWLEDGE"",""categoryName"":""학습·지식"",""score"":0.95}]","[{""categoryId"":""LEARNING_KNOWLEDGE"",""categoryName"":""학습·지식"",""score"":0.95}]",True,True,True,False,10377.1466
2,TEXT-002,integrated-with-description,integrated,True,1,JWT 재발급 구조 정리,학습·지식/002-JWT 재발급 구조 정리.txt,LEARNING_KNOWLEDGE,학습·지식,LEARNING_KNOWLEDGE,True,0.7,LEARNING_KNOWLEDGE,LEARNING_KNOWLEDGE,True,,0,1,True,True,EXACT_CORRECT,False,False,False,False,False,False,True,True,True,True,False,[],,"[{""categoryId"":""LEARNING_KNOWLEDGE"",""categoryName"":""학습·지식"",""score"":1.0}]","[{""categoryId"":""LEARNING_KNOWLEDGE"",""categoryName"":""학습·지식"",""score"":1.0}]",True,True,True,False,10445.1791
3,TEXT-003,integrated-with-description,integrated,True,1,텍스트-2026.07.20-0920,학습·지식/003-텍스트-2026.07.20-0920.txt,LEARNING_KNOWLEDGE,학습·지식,LEARNING_KNOWLEDGE,True,0.7,LEARNING_KNOWLEDGE,LEARNING_KNOWLEDGE,True,,0,1,True,True,EXACT_CORRECT,False,False,False,False,False,False,True,True,True,True,False,[],,"[{""categoryId"":""LEARNING_KNOWLEDGE"",""categoryName"":""학습·지식"",""score"":1.0}]","[{""categoryId"":""LEARNING_KNOWLEDGE"",""categoryName"":""학습·지식"",""score"":1.0}]",True,True,True,False,7246.3632
4,TEXT-004,integrated-with-description,integrated,True,1,SQLD 시험 공부 계획,학습·지식/004-SQLD 시험 공부 계획.txt,LEARNING_KNOWLEDGE,학습·지식,LEARNING_KNOWLEDGE,True,0.7,LEARNING_KNOWLEDGE,LEARNING_KNOWLEDGE,True,,0,1,True,True,EXACT_CORRECT,False,False,False,False,False,False,True,True,True,True,False,[],,"[{""categoryId"":""LEARNING_KNOWLEDGE"",""categoryName"":""학습·지식"",""score"":1.0}]","[{""categoryId"":""LEARNING_KNOWLEDGE"",""categoryName"":""학습·지식"",""score"":1.0}]",True,True,True,False,9108.7504
29,TEXT-029,integrated-with-description,integrated,True,1,Redis 큐에서 작업이 중복될 수 있는 이유,학습·지식/029-Redis 큐에서 작업이 중복될 수 있는 이유.txt,LEARNING_KNOWLEDGE,학습·지식,LEARNING_KNOWLEDGE,True,0.7,LEARNING_KNOWLEDGE,LEARNING_KNOWLEDGE,True,,0,1,True,True,EXACT_CORRECT,False,False,False,False,False,False,True,True,True,True,False,[],,"[{""categoryId"":""LEARNING_KNOWLEDGE"",""categoryName"":""학습·지식"",""score"":1.0}]","[{""categoryId"":""LEARNING_KNOWLEDGE"",""categoryName"":""학습·지식"",""score"":1.0}]",True,True,True,False,8324.2683
30,TEXT-030,integrated-with-description,integrated,True,1,텍스트-2026-07-03,학습·지식/030-텍스트-2026-07-03.txt,LEARNING_KNOWLEDGE,학습·지식,LEARNING_KNOWLEDGE,True,0.7,LEARNING_KNOWLEDGE,LEARNING_KNOWLEDGE,True,,0,1,True,True,EXACT_CORRECT,False,False,False,False,False,False,True,True,True,True,False,[],,"[{""categoryId"":""LEARNING_KNOWLEDGE"",""categoryName"":""학습·지식"",""score"":1.0}]","[{""categoryId"":""LEARNING_KNOWLEDGE"",""categoryName"":""학습·지식"",""score"":1.0}]",True,True,True,False,7496.5391
31,TEXT-031,integrated-with-description,integrated,True,1,사진 촬영에서 조리개의 역할,학습·지식/031-사진 촬영에서 조리개의 역할.txt,LEARNING_KNOWLEDGE,학습·지식,LEARNING_KNOWLEDGE,True,0.7,LEARNING_KNOWLEDGE,LEARNING_KNOWLEDGE,True,,0,1,True,True,EXACT_CORRECT,False,False,False,False,False,False,True,True,True,True,False,[],,"[{""categoryId"":""LEARNING_KNOWLEDGE"",""categoryName"":""학습·지식"",""score"":0.95}]","[{""categoryId"":""LEARNING_KNOWLEDGE"",""categoryName"":""학습·지식"",""score"":0.95}]",True,True,True,False,9669.4028
32,TEXT-032,integrated-with-description,integrated,True,1,전세와 월세의 차이 정리,학습·지식/032-전세와 월세의 차이 정리.txt,LEARNING_KNOWLEDGE,학습·지식,LEARNING_KNOWLEDGE,True,0.7,LEARNING_KNOWLEDGE,LEARNING_KNOWLEDGE,True,,0,1,True,True,EXACT_CORRECT,False,False,False,False,False,False,True,True,True,True,False,[],,"[{""categoryId"":""LEARNING_KNOWLEDGE"",""categoryName"":""학습·지식"",""score"":1.0}]","[{""categoryId"":""LEARNING_KNOWLEDGE"",""categoryName"":""학습·지식"",""score"":1.0}]",True,True,True,False,8587.0524
33,TEXT-033,integrated-with-description,integrated,True,1,좋은 발표 자료의 정보 구조,학습·지식/033-좋은 발표 자료의 정보 구조.txt,LEARNING_KNOWLEDGE,학습·지식,IDEA_INSPIRATION,False,0.7,IDEA_INSPIRATION,IDEA_INSPIRATION,False,IDEA_INSPIRATION,1,1,False,False,WRONG_MISSING_GOLD,False,True,False,False,False,False,False,False,False,False,False,[],MISSING_GOLD_CATEGORY,"[{""categoryId"":""IDEA_INSPIRATION"",""categoryName"":""아이디어·영감"",""score"":0.95}]","[{""categoryId"":""IDEA_INSPIRATION"",""categoryName"":""아이디어·영감"",""score"":0.95}]",True,True,True,False,7827.9791
17,TEXT-017,integrated-with-description,integrated,True,1,텍스트-2026.07.20-1220,건강·운동/017-텍스트-2026.07.20-1220.txt,HEALTH_EXERCISE,건강·운동,HEALTH_EXERCISE,True,0.8,HEALTH_EXERCISE,HEALTH_EXERCISE,True,,0,1,True,True,EXACT_CORRECT,False,False,False,False,False,False,True,True,True,True,False,[],,"[{""categoryId"":""HEALTH_EXERCISE"",""categoryName"":""건강·운동"",""score"":1.0}]","[{""categoryId"":""HEALTH_EXERCISE"",""categoryName"":""건강·운동"",""score"":1.0}]",True,True,True,False,15945.9195
18,TEXT-018,integrated-with-description,integrated,True,1,주 3회 운동 계획,건강·운동/018-주 3회 운동 계획.txt,HEALTH_EXERCISE,건강·운동,HEALTH_EXERCISE,True,0.8,HEALTH_EXERCISE,HEALTH_EXERCISE,True,,0,1,True,True,EXACT_CORRECT,False,False,False,False,False,False,True,True,True,True,False,[],,"[{""categoryId"":""HEALTH_EXERCISE"",""categoryName"":""건강·운동"",""score"":1.0}]","[{""categoryId"":""HEALTH_EXERCISE"",""categoryName"":""건강·운동"",""score"":1.0}]",True,True,True,False,8073.646
54,TEXT-054,integrated-with-description,integrated,True,1,허리 부담을 줄이는 스쿼트 자세,건강·운동/054-허리 부담을 줄이는 스쿼트 자세.txt,HEALTH_EXERCISE,건강·운동,HEALTH_EXERCISE,True,0.8,HEALTH_EXERCISE,HEALTH_EXERCISE,True,,0,1,True,True,EXACT_CORRECT,False,False,False,False,False,False,True,True,True,True,False,[],,"[{""categoryId"":""HEALTH_EXERCISE"",""categoryName"":""건강·운동"",""score"":1.0}]","[{""categoryId"":""HEALTH_EXERCISE"",""categoryName"":""건강·운동"",""score"":1.0}]",True,True,True,False,8329.4864
55,TEXT-055,integrated-with-description,integrated,True,1,텍스트-2026-07-13,건강·운동/055-텍스트-2026-07-13.txt,HEALTH_EXERCISE,건강·운동,HEALTH_EXERCISE,True,0.8,HEALTH_EXERCISE,HEALTH_EXERCISE,True,,0,1,True,True,EXACT_CORRECT,False,False,False,False,False,False,True,True,True,True,False,[],,"[{""categoryId"":""HEALTH_EXERCISE"",""categoryName"":""건강·운동"",""score"":0.9}]","[{""categoryId"":""HEALTH_EXERCISE"",""categoryName"":""건강·운동"",""score"":0.9}]",True,True,True,False,7590.5508
56,TEXT-056,integrated-with-description,integrated,True,1,러닝 초보자 주간 계획,건강·운동/056-러닝 초보자 주간 계획.txt,HEALTH_EXERCISE,건강·운동,HEALTH_EXERCISE,True,0.8,HEALTH_EXERCISE,HEALTH_EXERCISE,True,,0,1,True,True,EXACT_CORRECT,False,False,False,False,False,False,True,True,True,True,False,[],,"[{""categoryId"":""HEALTH_EXERCISE"",""categoryName"":""건강·운동"",""score"":1.0}]","[{""categoryId"":""HEALTH_EXERCISE"",""categoryName"":""건강·운동"",""score"":1.0}]",True,True,True,False,7697.085
57,TEXT-057,integrated-with-description,integrated,True,1,장시간 앉아 있을 때 스트레칭,건강·운동/057-장시간 앉아 있을 때 스트레칭.txt,HEALTH_EXERCISE,건강·운동,HEALTH_EXERCISE,True,0.8,HEALTH_EXERCISE,HEALTH_EXERCISE,True,,0,1,True,True,EXACT_CORRECT,False,False,False,False,False,False,True,True,True,True,False,[],,"[{""categoryId"":""HEALTH_EXERCISE"",""categoryName"":""건강·운동"",""score"":1.0}]","[{""categoryId"":""HEALTH_EXERCISE"",""categoryName"":""건강·운동"",""score"":1.0}]",True,True,True,False,8701.7719
58,TEXT-058,integrated-with-description,integrated,True,1,운동 후 식사 구성,건강·운동/058-운동 후 식사 구성.txt,HEALTH_EXERCISE,건강·운동,HEALTH_EXERCISE,True,0.8,HEALTH_EXERCISE,HEALTH_EXERCISE,True,,0,1,True,True,EXACT_CORRECT,False,False,False,False,False,False,True,True,True,True,False,[],,"[{""categoryId"":""HEALTH_EXERCISE"",""categoryName"":""건강·운동"",""score"":0.8},{""categoryId"":""FOOD_RESTAURANT"",""categoryName"":""음식·맛집"",""score"":0.6}]","[{""categoryId"":""HEALTH_EXERCISE"",""categoryName"":""건강·운동"",""score"":0.8},{""categoryId"":""FOOD_RESTAURANT"",""categoryName"":""음식·맛집"",""score"":0.6}]",True,True,True,False,11155.781
21,TEXT-021,integrated-with-description,integrated,True,1,텍스트-2026.07.20-1310,기타/021-텍스트-2026.07.20-1310.txt,OTHER,기타,IDEA_INSPIRATION,False,0.8,IDEA_INSPIRATION,IDEA_INSPIRATION,False,IDEA_INSPIRATION,1,1,False,False,WRONG_MISSING_GOLD,False,True,False,False,False,False,False,False,False,False,False,[],MISSING_GOLD_CATEGORY,"[{""categoryId"":""IDEA_INSPIRATION"",""categoryName"":""아이디어·영감"",""score"":0.8},{""categoryId"":""LIFE_TASK"",""categoryName"":""생활·할 일"",""score"":0.6}]","[{""categoryId"":""IDEA_INSPIRATION"",""categoryName"":""아이디어·영감"",""score"":0.8},{""categoryId"":""LIFE_TASK"",""categoryName"":""생활·할 일"",""score"":0.6}]",True,True,False,False,8987.4788
22,TEXT-022,integrated-with-description,integrated,True,1,텍스트-2026.07.20-1325,기타/022-텍스트-2026.07.20-1325.txt,OTHER,기타,IDEA_INSPIRATION,False,0.8,IDEA_INSPIRATION,IDEA_INSPIRATION,False,IDEA_INSPIRATION,1,1,False,False,WRONG_MISSING_GOLD,False,True,False,False,False,False,False,False,False,False,False,[],MISSING_GOLD_CATEGORY,"[{""categoryId"":""IDEA_INSPIRATION"",""categoryName"":""아이디어·영감"",""score"":1.0}]","[{""categoryId"":""IDEA_INSPIRATION"",""categoryName"":""아이디어·영감"",""score"":1.0}]",True,True,True,False,8400.6814
74,TEXT-074,integrated-with-description,integrated,True,1,텍스트-2026-07-21,기타/074-텍스트-2026-07-21.txt,OTHER,기타,OTHER,True,0.8,OTHER,OTHER,True,,0,1,True,True,EXACT_CORRECT,False,False,False,False,False,False,True,True,True,True,False,[],,"[{""categoryId"":""OTHER"",""categoryName"":""기타"",""score"":1.0}]","[{""categoryId"":""OTHER"",""categoryName"":""기타"",""score"":1.0}]",True,True,True,False,5390.4815
75,TEXT-075,integrated-with-description,integrated,True,1,확인할 문자열,기타/075-확인할 문자열.txt,OTHER,기타,SHOPPING_PRODUCT,False,0.8,SHOPPING_PRODUCT,SHOPPING_PRODUCT,False,SHOPPING_PRODUCT,1,1,False,False,WRONG_MISSING_GOLD,False,True,False,False,False,False,False,False,False,False,False,[],MISSING_GOLD_CATEGORY,"[{""categoryId"":""SHOPPING_PRODUCT"",""categoryName"":""쇼핑·제품"",""score"":1.0}]","[{""categoryId"":""SHOPPING_PRODUCT"",""categoryName"":""쇼핑·제품"",""score"":1.0}]",True,True,True,False,5197.2347
76,TEXT-076,integrated-with-description,integrated,True,1,텍스트-2026-07-22,기타/076-텍스트-2026-07-22.txt,OTHER,기타,,False,0.8,,OTHER,False,,0,0,False,False,EMPTY_PREDICTION,False,True,False,True,False,False,False,True,True,True,False,[],MISSING_GOLD_CATEGORY|EMPTY_PREDICTION|FALLBACK_USED,[],[],True,True,True,False,3814.7951
77,TEXT-077,integrated-with-description,integrated,True,1,내용을 확인할 수 없는 링크,기타/077-내용을 확인할 수 없는 링크.txt,OTHER,기타,,False,0.8,,OTHER,False,,0,0,False,False,EMPTY_PREDICTION,False,True,False,True,False,False,False,True,True,True,False,[],MISSING_GOLD_CATEGORY|EMPTY_PREDICTION|FALLBACK_USED,[],[],True,True,True,False,6057.4799
78,TEXT-078,integrated-with-description,integrated,True,1,이미지 추출 실패,기타/078-이미지 추출 실패.txt,OTHER,기타,OTHER,True,0.8,OTHER,OTHER,True,,0,1,True,True,EXACT_CORRECT,False,False,False,False,False,False,True,True,True,True,False,[],,"[{""categoryId"":""OTHER"",""categoryName"":""기타"",""score"":0.8}]","[{""categoryId"":""OTHER"",""categoryName"":""기타"",""score"":0.8}]",True,True,True,False,6620.9966
64,TEXT-064,integrated-with-description,integrated,True,1,월급 통장 나누는 방법,돈·재테크/064-월급 통장 나누는 방법.txt,MONEY_FINANCE,돈·재테크,MONEY_FINANCE,True,0.8,MONEY_FINANCE,MONEY_FINANCE,True,,0,1,True,True,EXACT_CORRECT,False,False,False,False,False,False,True,True,True,True,False,[],,"[{""categoryId"":""MONEY_FINANCE"",""categoryName"":""돈·재테크"",""score"":1.0}]","[{""categoryId"":""MONEY_FINANCE"",""categoryName"":""돈·재테크"",""score"":1.0}]",True,True,True,False,7873.0257
65,TEXT-065,integrated-with-description,integrated,True,1,텍스트-2026-07-17,돈·재테크/065-텍스트-2026-07-17.txt,MONEY_FINANCE,돈·재테크,MONEY_FINANCE,True,0.8,MONEY_FINANCE,MONEY_FINANCE,True,,0,1,True,True,EXACT_CORRECT,False,False,False,False,False,False,True,True,True,True,False,[],,"[{""categoryId"":""MONEY_FINANCE"",""categoryName"":""돈·재테크"",""score"":1.0}]","[{""categoryId"":""MONEY_FINANCE"",""categoryName"":""돈·재테크"",""score"":1.0}]",True,True,True,False,20251.2072
66,TEXT-066,integrated-with-description,integrated,True,1,카드 혜택 비교,돈·재테크/066-카드 혜택 비교.txt,MONEY_FINANCE,돈·재테크,MONEY_FINANCE,True,0.8,MONEY_FINANCE,MONEY_FINANCE,True,,0,1,True,True,EXACT_CORRECT,False,False,False,False,False,False,True,True,True,True,False,[],,"[{""categoryId"":""MONEY_FINANCE"",""categoryName"":""돈·재테크"",""score"":0.95}]","[{""categoryId"":""MONEY_FINANCE"",""categoryName"":""돈·재테크"",""score"":0.95}]",True,True,True,False,24086.1371
67,TEXT-067,integrated-with-description,integrated,True,1,비상금 규모 정하기,돈·재테크/067-비상금 규모 정하기.txt,MONEY_FINANCE,돈·재테크,MONEY_FINANCE,True,0.8,MONEY_FINANCE,MONEY_FINANCE,True,,0,1,True,True,EXACT_CORRECT,False,False,False,False,False,False,True,True,True,True,False,[],,"[{""categoryId"":""MONEY_FINANCE"",""categoryName"":""돈·재테크"",""score"":1.0}]","[{""categoryId"":""MONEY_FINANCE"",""categoryName"":""돈·재테크"",""score"":1.0}]",True,True,True,False,16565.6871
68,TEXT-068,integrated-with-description,integrated,True,1,보험 가입 전에 확인할 내용,돈·재테크/068-보험 가입 전에 확인할 내용.txt,MONEY_FINANCE,돈·재테크,MONEY_FINANCE,True,0.8,MONEY_FINANCE,MONEY_FINANCE,True,,0,1,True,True,EXACT_CORRECT,False,False,False,False,False,False,True,True,True,True,False,[],,"[{""categoryId"":""MONEY_FINANCE"",""categoryName"":""돈·재테크"",""score"":1.0}]","[{""categoryId"":""MONEY_FINANCE"",""categoryName"":""돈·재테크"",""score"":1.0}]",True,True,True,False,18321.7286
19,TEXT-019,integrated-with-description,integrated,True,1,텍스트-2026.07.20-1245,문화·콘텐츠/019-텍스트-2026.07.20-1245.txt,CULTURE_CONTENT,문화·콘텐츠,CULTURE_CONTENT,True,0.8,CULTURE_CONTENT,CULTURE_CONTENT,True,,0,1,True,True,EXACT_CORRECT,False,False,False,False,False,False,True,True,True,True,False,[],,"[{""categoryId"":""CULTURE_CONTENT"",""categoryName"":""문화·콘텐츠"",""score"":0.9},{""categoryId"":""IDEA_INSPIRATION"",""categoryName"":""아이디어·영감"",""score"":0.6}]","[{""categoryId"":""CULTURE_CONTENT"",""categoryName"":""문화·콘텐츠"",""score"":0.9},{""categoryId"":""IDEA_INSPIRATION"",""categoryName"":""아이디어·영감"",""score"":0.6}]",True,True,True,False,25664.959
20,TEXT-020,integrated-with-description,integrated,True,1,읽어볼 개발 에세이,문화·콘텐츠/020-읽어볼 개발 에세이.txt,CULTURE_CONTENT,문화·콘텐츠,CULTURE_CONTENT,True,0.8,CULTURE_CONTENT,CULTURE_CONTENT,True,,0,1,True,True,EXACT_CORRECT,False,False,False,False,False,False,True,True,True,True,False,[],,"[{""categoryId"":""CULTURE_CONTENT"",""categoryName"":""문화·콘텐츠"",""score"":0.9}]","[{""categoryId"":""CULTURE_CONTENT"",""categoryName"":""문화·콘텐츠"",""score"":0.9}]",True,True,True,False,19802.2267
59,TEXT-059,integrated-with-description,integrated,True,1,주말에 볼 영화 후보,문화·콘텐츠/059-주말에 볼 영화 후보.txt,CULTURE_CONTENT,문화·콘텐츠,CULTURE_CONTENT,True,0.8,CULTURE_CONTENT,CULTURE_CONTENT,True,,0,1,True,True,EXACT_CORRECT,False,False,False,False,False,False,True,True,True,True,False,[],,"[{""categoryId"":""CULTURE_CONTENT"",""categoryName"":""문화·콘텐츠"",""score"":0.9}]","[{""categoryId"":""CULTURE_CONTENT"",""categoryName"":""문화·콘텐츠"",""score"":0.9}]",True,True,True,False,15446.0732
60,TEXT-060,integrated-with-description,integrated,True,1,텍스트-2026-07-15,문화·콘텐츠/060-텍스트-2026-07-15.txt,CULTURE_CONTENT,문화·콘텐츠,LEARNING_KNOWLEDGE,False,0.8,LEARNING_KNOWLEDGE,LEARNING_KNOWLEDGE,False,LEARNING_KNOWLEDGE,1,1,False,False,WRONG_MISSING_GOLD,False,True,False,False,False,False,False,False,False,False,False,[],MISSING_GOLD_CATEGORY,"[{""categoryId"":""LEARNING_KNOWLEDGE"",""categoryName"":""학습·지식"",""score"":1.0}]","[{""categoryId"":""LEARNING_KNOWLEDGE"",""categoryName"":""학습·지식"",""score"":1.0}]",True,True,True,False,17443.9045
61,TEXT-061,integrated-with-description,integrated,True,1,서울 사진전 정보,문화·콘텐츠/061-서울 사진전 정보.txt,CULTURE_CONTENT,문화·콘텐츠,CULTURE_CONTENT,True,0.8,CULTURE_CONTENT,CULTURE_CONTENT,True,,0,1,True,True,EXACT_CORRECT,False,False,False,False,False,False,True,True,True,True,False,[],,"[{""categoryId"":""CULTURE_CONTENT"",""categoryName"":""문화·콘텐츠"",""score"":1.0}]","[{""categoryId"":""CULTURE_CONTENT"",""categoryName"":""문화·콘텐츠"",""score"":1.0}]",True,True,True,False,14606.1215
62,TEXT-062,integrated-with-description,integrated,True,1,출근할 때 들을 음악,문화·콘텐츠/062-출근할 때 들을 음악.txt,CULTURE_CONTENT,문화·콘텐츠,CULTURE_CONTENT,True,0.8,CULTURE_CONTENT,CULTURE_CONTENT,True,,0,1,True,True,EXACT_CORRECT,False,False,False,False,True,False,True,True,True,True,False,[],,"[{""categoryId"":""FOOD_RESTAURANT"",""categoryName"":""음식·맛집"",""score"":0.3},{""categoryId"":""CULTURE_CONTENT"",""categoryName"":""문화·콘텐츠"",""score"":0.7}]","[{""categoryId"":""CULTURE_CONTENT"",""categoryName"":""문화·콘텐츠"",""score"":0.7},{""categoryId"":""FOOD_RESTAURANT"",""categoryName"":""음식·맛집"",""score"":0.3}]",True,True,True,False,22192.175
63,TEXT-063,integrated-with-description,integrated,True,1,웹툰 추천 목록,문화·콘텐츠/063-웹툰 추천 목록.txt,CULTURE_CONTENT,문화·콘텐츠,CULTURE_CONTENT,True,0.8,CULTURE_CONTENT,CULTURE_CONTENT,True,,0,1,True,True,EXACT_CORRECT,False,False,False,False,False,False,True,True,True,True,False,[],,"[{""categoryId"":""CULTURE_CONTENT"",""categoryName"":""문화·콘텐츠"",""score"":0.9}]","[{""categoryId"":""CULTURE_CONTENT"",""categoryName"":""문화·콘텐츠"",""score"":0.9}]",True,True,True,False,15412.0534
6,TEXT-006,integrated-with-description,integrated,True,1,1주차 백로그 정리,생활·할 일/006-1주차 백로그 정리.txt,LIFE_TASK,생활·할 일,LEARNING_KNOWLEDGE,False,0.8,LEARNING_KNOWLEDGE,LEARNING_KNOWLEDGE,False,LEARNING_KNOWLEDGE,1,1,False,False,WRONG_MISSING_GOLD,False,True,False,False,False,False,False,False,False,False,False,[],MISSING_GOLD_CATEGORY,"[{""categoryId"":""LEARNING_KNOWLEDGE"",""categoryName"":""학습·지식"",""score"":0.85},{""categoryId"":""CAREER"",""categoryName"":""취업·커리어"",""score"":0.65}]","[{""categoryId"":""LEARNING_KNOWLEDGE"",""categoryName"":""학습·지식"",""score"":0.85},{""categoryId"":""CAREER"",""categoryName"":""취업·커리어"",""score"":0.65}]",True,True,True,False,24864.7217
9,TEXT-009,integrated-with-description,integrated,True,1,텍스트-2026.07.20-1035,생활·할 일/009-텍스트-2026.07.20-1035.txt,LIFE_TASK,생활·할 일,LIFE_TASK,True,0.8,LIFE_TASK,LIFE_TASK,True,,0,1,True,True,EXACT_CORRECT,False,False,False,False,False,False,True,True,True,True,False,[],,"[{""categoryId"":""LIFE_TASK"",""categoryName"":""생활·할 일"",""score"":1.0}]","[{""categoryId"":""LIFE_TASK"",""categoryName"":""생활·할 일"",""score"":1.0}]",True,True,True,False,17160.0338
10,TEXT-010,integrated-with-description,integrated,True,1,주말 방 정리 계획,생활·할 일/010-주말 방 정리 계획.txt,LIFE_TASK,생활·할 일,LIFE_TASK,True,0.8,LIFE_TASK,LIFE_TASK,True,,0,1,True,True,EXACT_CORRECT,False,False,False,False,False,False,True,True,True,True,False,[],,"[{""categoryId"":""LIFE_TASK"",""categoryName"":""생활·할 일"",""score"":1.0}]","[{""categoryId"":""LIFE_TASK"",""categoryName"":""생활·할 일"",""score"":1.0}]",True,True,True,False,22840.0336
24,TEXT-024,integrated-with-description,integrated,True,1,이사 전날 확인할 목록,생활·할 일/024-이사 전날 확인할 목록.txt,LIFE_TASK,생활·할 일,LIFE_TASK,True,0.8,LIFE_TASK,LIFE_TASK,True,,0,1,True,True,EXACT_CORRECT,False,False,False,False,False,False,True,True,True,True,False,[],,"[{""categoryId"":""LIFE_TASK"",""categoryName"":""생활·할 일"",""score"":1.0}]","[{""categoryId"":""LIFE_TASK"",""categoryName"":""생활·할 일"",""score"":1.0}]",True,True,True,False,21142.3408
25,TEXT-025,integrated-with-description,integrated,True,1,텍스트-2026-07-01,생활·할 일/025-텍스트-2026-07-01.txt,LIFE_TASK,생활·할 일,LIFE_TASK,True,0.8,LIFE_TASK,LIFE_TASK,True,,0,1,True,True,EXACT_CORRECT,False,False,False,False,False,False,True,True,True,True,False,[],,"[{""categoryId"":""LIFE_TASK"",""categoryName"":""생활·할 일"",""score"":1.0}]","[{""categoryId"":""LIFE_TASK"",""categoryName"":""생활·할 일"",""score"":1.0}]",True,True,True,False,18084.3556
26,TEXT-026,integrated-with-description,integrated,True,1,장마철 빨래 냄새 줄이는 방법,생활·할 일/026-장마철 빨래 냄새 줄이는 방법.txt,LIFE_TASK,생활·할 일,LIFE_TASK,True,0.8,LIFE_TASK,LIFE_TASK,True,,0,1,True,True,EXACT_CORRECT,False,False,False,False,False,False,True,True,True,True,False,[],,"[{""categoryId"":""LIFE_TASK"",""categoryName"":""생활·할 일"",""score"":1.0}]","[{""categoryId"":""LIFE_TASK"",""categoryName"":""생활·할 일"",""score"":1.0}]",True,True,True,False,19704.6552
27,TEXT-027,integrated-with-description,integrated,True,1,다음 주 일정 메모,생활·할 일/027-다음 주 일정 메모.txt,LIFE_TASK,생활·할 일,LIFE_TASK,True,0.8,LIFE_TASK,LIFE_TASK,True,,0,1,True,True,EXACT_CORRECT,False,False,False,False,False,False,True,True,True,True,False,[],,"[{""categoryId"":""LIFE_TASK"",""categoryName"":""생활·할 일"",""score"":1.0}]","[{""categoryId"":""LIFE_TASK"",""categoryName"":""생활·할 일"",""score"":1.0}]",True,True,True,False,15990.7621
28,TEXT-028,integrated-with-description,integrated,True,1,공과금 자동이체 변경 순서,생활·할 일/028-공과금 자동이체 변경 순서.txt,LIFE_TASK,생활·할 일,LIFE_TASK,True,0.8,LIFE_TASK,LIFE_TASK,True,,0,1,True,True,EXACT_CORRECT,False,False,False,False,False,False,True,True,True,True,False,[],,"[{""categoryId"":""LIFE_TASK"",""categoryName"":""생활·할 일"",""score"":1.0}]","[{""categoryId"":""LIFE_TASK"",""categoryName"":""생활·할 일"",""score"":1.0}]",True,True,True,False,18024.3585
23,TEXT-023,integrated-with-description,integrated,True,1,기숙사 준비물,생활·할 일/기숙사 준비물.txt,LIFE_TASK,생활·할 일,LIFE_TASK,True,0.8,LIFE_TASK,LIFE_TASK,True,,0,1,True,True,EXACT_CORRECT,False,False,False,False,False,False,True,True,True,True,False,[],,"[{""categoryId"":""LIFE_TASK"",""categoryName"":""생활·할 일"",""score"":1.0}]","[{""categoryId"":""LIFE_TASK"",""categoryName"":""생활·할 일"",""score"":1.0}]",True,True,True,False,18739.4164
11,TEXT-011,integrated-with-description,integrated,True,1,텍스트-2026.07.20-1100,쇼핑·제품/011-텍스트-2026.07.20-1100.txt,SHOPPING_PRODUCT,쇼핑·제품,SHOPPING_PRODUCT,True,0.8,SHOPPING_PRODUCT,SHOPPING_PRODUCT,True,,0,1,True,True,EXACT_CORRECT,False,False,False,False,False,False,True,True,True,True,False,[],,"[{""categoryId"":""SHOPPING_PRODUCT"",""categoryName"":""쇼핑·제품"",""score"":0.95}]","[{""categoryId"":""SHOPPING_PRODUCT"",""categoryName"":""쇼핑·제품"",""score"":0.95}]",True,True,True,False,21606.0907
12,TEXT-012,integrated-with-description,integrated,True,1,무선 키보드 구매 후보,쇼핑·제품/012-무선 키보드 구매 후보.txt,SHOPPING_PRODUCT,쇼핑·제품,SHOPPING_PRODUCT,True,0.8,SHOPPING_PRODUCT,SHOPPING_PRODUCT,True,,0,1,True,True,EXACT_CORRECT,False,False,False,False,False,False,True,True,True,True,False,[],,"[{""categoryId"":""SHOPPING_PRODUCT"",""categoryName"":""쇼핑·제품"",""score"":1.0}]","[{""categoryId"":""SHOPPING_PRODUCT"",""categoryName"":""쇼핑·제품"",""score"":1.0}]",True,True,True,False,23715.852
49,TEXT-049,integrated-with-description,integrated,True,1,무선 키보드 비교,쇼핑·제품/049-무선 키보드 비교.txt,SHOPPING_PRODUCT,쇼핑·제품,SHOPPING_PRODUCT,True,0.8,SHOPPING_PRODUCT,SHOPPING_PRODUCT,True,,0,1,True,True,EXACT_CORRECT,False,False,False,False,False,False,True,True,True,True,False,[],,"[{""categoryId"":""SHOPPING_PRODUCT"",""categoryName"":""쇼핑·제품"",""score"":0.95}]","[{""categoryId"":""SHOPPING_PRODUCT"",""categoryName"":""쇼핑·제품"",""score"":0.95}]",True,True,True,False,18953.6181
50,TEXT-050,integrated-with-description,integrated,True,1,텍스트-2026-07-11,쇼핑·제품/050-텍스트-2026-07-11.txt,SHOPPING_PRODUCT,쇼핑·제품,SHOPPING_PRODUCT,True,0.8,SHOPPING_PRODUCT,SHOPPING_PRODUCT,True,,0,1,True,True,EXACT_CORRECT,False,False,False,False,False,False,True,True,True,True,False,[],,"[{""categoryId"":""SHOPPING_PRODUCT"",""categoryName"":""쇼핑·제품"",""score"":0.9}]","[{""categoryId"":""SHOPPING_PRODUCT"",""categoryName"":""쇼핑·제품"",""score"":0.9}]",True,True,True,False,14954.5343
51,TEXT-051,integrated-with-description,integrated,True,1,로봇청소기 구매 후보,쇼핑·제품/051-로봇청소기 구매 후보.txt,SHOPPING_PRODUCT,쇼핑·제품,SHOPPING_PRODUCT,True,0.8,SHOPPING_PRODUCT,SHOPPING_PRODUCT,True,,0,1,True,True,EXACT_CORRECT,False,False,False,False,False,False,True,True,True,True,False,[],,"[{""categoryId"":""SHOPPING_PRODUCT"",""categoryName"":""쇼핑·제품"",""score"":0.95}]","[{""categoryId"":""SHOPPING_PRODUCT"",""categoryName"":""쇼핑·제품"",""score"":0.95}]",True,True,True,False,22308.4929
52,TEXT-052,integrated-with-description,integrated,True,1,여행용 보조배터리 확인 사항,쇼핑·제품/052-여행용 보조배터리 확인 사항.txt,SHOPPING_PRODUCT,쇼핑·제품,SHOPPING_PRODUCT,True,0.8,SHOPPING_PRODUCT,SHOPPING_PRODUCT,True,,0,1,True,True,EXACT_CORRECT,False,False,False,False,False,False,True,True,True,True,False,[],,"[{""categoryId"":""SHOPPING_PRODUCT"",""categoryName"":""쇼핑·제품"",""score"":0.95},{""categoryId"":""TRAVEL_PLACE"",""categoryName"":""여행·장소"",""score"":0.75}]","[{""categoryId"":""SHOPPING_PRODUCT"",""categoryName"":""쇼핑·제품"",""score"":0.95},{""categoryId"":""TRAVEL_PLACE"",""categoryName"":""여행·장소"",""score"":0.75}]",True,True,True,False,21293.8447
53,TEXT-053,integrated-with-description,integrated,True,1,부모님 선물용 마사지기 후기,쇼핑·제품/053-부모님 선물용 마사지기 후기.txt,SHOPPING_PRODUCT,쇼핑·제품,SHOPPING_PRODUCT,True,0.8,SHOPPING_PRODUCT,SHOPPING_PRODUCT,True,,0,1,True,True,EXACT_CORRECT,False,False,False,False,False,False,True,True,True,True,False,[],,"[{""categoryId"":""SHOPPING_PRODUCT"",""categoryName"":""쇼핑·제품"",""score"":0.95}]","[{""categoryId"":""SHOPPING_PRODUCT"",""categoryName"":""쇼핑·제품"",""score"":0.95}]",True,True,True,False,20693.9206
5,TEXT-005,integrated-with-description,integrated,True,1,텍스트-2026.07.20-0940,아이디어·영감/005-텍스트-2026.07.20-0940.txt,IDEA_INSPIRATION,아이디어·영감,IDEA_INSPIRATION,True,0.8,IDEA_INSPIRATION,IDEA_INSPIRATION,True,,0,1,True,True,EXACT_CORRECT,False,False,False,False,False,False,True,True,True,True,False,[],,"[{""categoryId"":""IDEA_INSPIRATION"",""categoryName"":""아이디어·영감"",""score"":0.95}]","[{""categoryId"":""IDEA_INSPIRATION"",""categoryName"":""아이디어·영감"",""score"":0.95}]",True,True,True,False,23848.6465
69,TEXT-069,integrated-with-description,integrated,True,1,앱 첫 화면 디자인 참고,아이디어·영감/069-앱 첫 화면 디자인 참고.txt,IDEA_INSPIRATION,아이디어·영감,IDEA_INSPIRATION,True,0.8,IDEA_INSPIRATION,IDEA_INSPIRATION,True,,0,1,True,True,EXACT_CORRECT,False,False,False,False,False,False,True,True,True,True,False,[],,"[{""categoryId"":""IDEA_INSPIRATION"",""categoryName"":""아이디어·영감"",""score"":0.8}]","[{""categoryId"":""IDEA_INSPIRATION"",""categoryName"":""아이디어·영감"",""score"":0.8}]",True,True,True,False,18021.6009
70,TEXT-070,integrated-with-description,integrated,True,1,텍스트-2026-07-19,아이디어·영감/070-텍스트-2026-07-19.txt,IDEA_INSPIRATION,아이디어·영감,IDEA_INSPIRATION,True,0.8,IDEA_INSPIRATION,IDEA_INSPIRATION,True,,0,1,True,True,EXACT_CORRECT,False,False,False,False,False,False,True,True,True,True,False,[],,"[{""categoryId"":""IDEA_INSPIRATION"",""categoryName"":""아이디어·영감"",""score"":0.9}]","[{""categoryId"":""IDEA_INSPIRATION"",""categoryName"":""아이디어·영감"",""score"":0.9}]",True,True,True,False,21129.8397
71,TEXT-071,integrated-with-description,integrated,True,1,방 꾸미기 참고 이미지,아이디어·영감/071-방 꾸미기 참고 이미지.txt,IDEA_INSPIRATION,아이디어·영감,LIFE_TASK,False,0.8,LIFE_TASK,LIFE_TASK,False,LIFE_TASK,1,1,False,False,WRONG_MISSING_GOLD,False,True,False,False,False,False,False,False,False,False,False,[],MISSING_GOLD_CATEGORY,"[{""categoryId"":""LIFE_TASK"",""categoryName"":""생활·할 일"",""score"":0.85},{""categoryId"":""CULTURE_CONTENT"",""categoryName"":""문화·콘텐츠"",""score"":0.65}]","[{""categoryId"":""LIFE_TASK"",""categoryName"":""생활·할 일"",""score"":0.85},{""categoryId"":""CULTURE_CONTENT"",""categoryName"":""문화·콘텐츠"",""score"":0.65}]",True,True,True,False,28494.1277
72,TEXT-072,integrated-with-description,integrated,True,1,숏폼 콘텐츠 구성 방식,아이디어·영감/072-숏폼 콘텐츠 구성 방식.txt,IDEA_INSPIRATION,아이디어·영감,IDEA_INSPIRATION,True,0.8,IDEA_INSPIRATION,IDEA_INSPIRATION,True,,0,1,True,True,EXACT_CORRECT,False,False,False,False,False,False,True,True,True,True,False,[],,"[{""categoryId"":""IDEA_INSPIRATION"",""categoryName"":""아이디어·영감"",""score"":0.95}]","[{""categoryId"":""IDEA_INSPIRATION"",""categoryName"":""아이디어·영감"",""score"":0.95}]",True,True,True,False,23549.4712
73,TEXT-073,integrated-with-description,integrated,True,1,사진 구도 참고,아이디어·영감/073-사진 구도 참고.txt,IDEA_INSPIRATION,아이디어·영감,IDEA_INSPIRATION,True,0.8,IDEA_INSPIRATION,IDEA_INSPIRATION,True,,0,1,True,True,EXACT_CORRECT,False,False,False,False,False,False,True,True,True,True,False,[],,"[{""categoryId"":""IDEA_INSPIRATION"",""categoryName"":""아이디어·영감"",""score"":0.8},{""categoryId"":""CULTURE_CONTENT"",""categoryName"":""문화·콘텐츠"",""score"":0.6}]","[{""categoryId"":""IDEA_INSPIRATION"",""categoryName"":""아이디어·영감"",""score"":0.8},{""categoryId"":""CULTURE_CONTENT"",""categoryName"":""문화·콘텐츠"",""score"":0.6}]",True,True,True,False,23704.2874
15,TEXT-015,integrated-with-description,integrated,True,1,텍스트-2026.07.20-1150,여행·장소/015-텍스트-2026.07.20-1150.txt,TRAVEL_PLACE,여행·장소,TRAVEL_PLACE,True,0.8,TRAVEL_PLACE,TRAVEL_PLACE,True,,0,1,True,True,EXACT_CORRECT,False,False,False,False,False,False,True,True,True,True,False,[],,"[{""categoryId"":""TRAVEL_PLACE"",""categoryName"":""여행·장소"",""score"":0.95}]","[{""categoryId"":""TRAVEL_PLACE"",""categoryName"":""여행·장소"",""score"":0.95}]",True,True,True,False,29127.2137
16,TEXT-016,integrated-with-description,integrated,True,1,서울 전시회 방문 후보,여행·장소/016-서울 전시회 방문 후보.txt,TRAVEL_PLACE,여행·장소,TRAVEL_PLACE,True,0.8,TRAVEL_PLACE,TRAVEL_PLACE,True,,0,1,True,True,EXACT_CORRECT,False,False,False,False,False,False,True,True,True,True,False,[],,"[{""categoryId"":""TRAVEL_PLACE"",""categoryName"":""여행·장소"",""score"":0.95}]","[{""categoryId"":""TRAVEL_PLACE"",""categoryName"":""여행·장소"",""score"":0.95}]",True,True,True,False,25111.9641
39,TEXT-039,integrated-with-description,integrated,True,1,부산에서 일몰 보기 좋은 곳,여행·장소/039-부산에서 일몰 보기 좋은 곳.txt,TRAVEL_PLACE,여행·장소,TRAVEL_PLACE,True,0.8,TRAVEL_PLACE,TRAVEL_PLACE,True,,0,1,True,True,EXACT_CORRECT,False,False,False,False,False,False,True,True,True,True,False,[],,"[{""categoryId"":""TRAVEL_PLACE"",""categoryName"":""여행·장소"",""score"":0.95}]","[{""categoryId"":""TRAVEL_PLACE"",""categoryName"":""여행·장소"",""score"":0.95}]",True,True,True,False,19069.1963
40,TEXT-040,integrated-with-description,integrated,True,1,텍스트-2026-07-07,여행·장소/040-텍스트-2026-07-07.txt,TRAVEL_PLACE,여행·장소,TRAVEL_PLACE,True,0.8,TRAVEL_PLACE,TRAVEL_PLACE,True,,0,1,True,True,EXACT_CORRECT,False,False,False,False,False,False,True,True,True,True,False,[],,"[{""categoryId"":""TRAVEL_PLACE"",""categoryName"":""여행·장소"",""score"":0.95}]","[{""categoryId"":""TRAVEL_PLACE"",""categoryName"":""여행·장소"",""score"":0.95}]",True,True,True,False,18582.3418
41,TEXT-041,integrated-with-description,integrated,True,1,교토 버스 이용 팁,여행·장소/041-교토 버스 이용 팁.txt,TRAVEL_PLACE,여행·장소,TRAVEL_PLACE,True,0.8,TRAVEL_PLACE,TRAVEL_PLACE,True,,0,1,True,True,EXACT_CORRECT,False,False,False,False,False,False,True,True,True,True,False,[],,"[{""categoryId"":""TRAVEL_PLACE"",""categoryName"":""여행·장소"",""score"":0.8}]","[{""categoryId"":""TRAVEL_PLACE"",""categoryName"":""여행·장소"",""score"":0.8}]",True,True,True,False,15898.7691
42,TEXT-042,integrated-with-description,integrated,True,1,비 오는 날 서울에서 갈 곳,여행·장소/042-비 오는 날 서울에서 갈 곳.txt,TRAVEL_PLACE,여행·장소,TRAVEL_PLACE,True,0.8,TRAVEL_PLACE,TRAVEL_PLACE,True,,0,1,True,True,EXACT_CORRECT,False,False,False,False,False,False,True,True,True,True,False,[],,"[{""categoryId"":""TRAVEL_PLACE"",""categoryName"":""여행·장소"",""score"":0.95}]","[{""categoryId"":""TRAVEL_PLACE"",""categoryName"":""여행·장소"",""score"":0.95}]",True,True,True,False,7337.6064
43,TEXT-043,integrated-with-description,integrated,True,1,숙소 예약 전에 확인할 내용,여행·장소/043-숙소 예약 전에 확인할 내용.txt,TRAVEL_PLACE,여행·장소,TRAVEL_PLACE,True,0.8,TRAVEL_PLACE,TRAVEL_PLACE,True,,0,1,True,True,EXACT_CORRECT,False,False,False,False,False,False,True,True,True,True,False,[],,"[{""categoryId"":""TRAVEL_PLACE"",""categoryName"":""여행·장소"",""score"":0.85},{""categoryId"":""SHOPPING_PRODUCT"",""categoryName"":""쇼핑·제품"",""score"":0.15}]","[{""categoryId"":""TRAVEL_PLACE"",""categoryName"":""여행·장소"",""score"":0.85},{""categoryId"":""SHOPPING_PRODUCT"",""categoryName"":""쇼핑·제품"",""score"":0.15}]",True,True,True,False,7472.9638
13,TEXT-013,integrated-with-description,integrated,True,1,텍스트-2026.07.20-1125,음식·맛집/013-텍스트-2026.07.20-1125.txt,FOOD_RESTAURANT,음식·맛집,FOOD_RESTAURANT,True,0.8,FOOD_RESTAURANT,FOOD_RESTAURANT,True,,0,1,True,True,EXACT_CORRECT,False,False,False,False,False,False,True,True,True,True,False,[],,"[{""categoryId"":""FOOD_RESTAURANT"",""categoryName"":""음식·맛집"",""score"":1.0}]","[{""categoryId"":""FOOD_RESTAURANT"",""categoryName"":""음식·맛집"",""score"":1.0}]",True,True,True,False,8667.9025
14,TEXT-014,integrated-with-description,integrated,True,1,닭가슴살 볶음밥 레시피,음식·맛집/014-닭가슴살 볶음밥 레시피.txt,FOOD_RESTAURANT,음식·맛집,FOOD_RESTAURANT,True,0.8,FOOD_RESTAURANT,FOOD_RESTAURANT,True,,0,1,True,True,EXACT_CORRECT,False,False,False,False,False,False,True,True,True,True,False,[],,"[{""categoryId"":""FOOD_RESTAURANT"",""categoryName"":""음식·맛집"",""score"":1.0}]","[{""categoryId"":""FOOD_RESTAURANT"",""categoryName"":""음식·맛집"",""score"":1.0}]",True,True,True,False,8915.0049
44,TEXT-044,integrated-with-description,integrated,True,1,성수동 파스타 식당,음식·맛집/044-성수동 파스타 식당.txt,FOOD_RESTAURANT,음식·맛집,FOOD_RESTAURANT,True,0.8,FOOD_RESTAURANT,FOOD_RESTAURANT,True,,0,1,True,True,EXACT_CORRECT,False,False,False,False,False,False,True,True,True,True,False,[],,"[{""categoryId"":""FOOD_RESTAURANT"",""categoryName"":""음식·맛집"",""score"":1.0}]","[{""categoryId"":""FOOD_RESTAURANT"",""categoryName"":""음식·맛집"",""score"":1.0}]",True,True,True,False,8988.3501
45,TEXT-045,integrated-with-description,integrated,True,1,텍스트-2026-07-09,음식·맛집/045-텍스트-2026-07-09.txt,FOOD_RESTAURANT,음식·맛집,FOOD_RESTAURANT,True,0.8,FOOD_RESTAURANT,FOOD_RESTAURANT,True,,0,1,True,True,EXACT_CORRECT,False,False,False,False,False,False,True,True,True,True,False,[],,"[{""categoryId"":""FOOD_RESTAURANT"",""categoryName"":""음식·맛집"",""score"":1.0}]","[{""categoryId"":""FOOD_RESTAURANT"",""categoryName"":""음식·맛집"",""score"":1.0}]",True,True,True,False,6402.2489
46,TEXT-046,integrated-with-description,integrated,True,1,광주에서 늦게까지 하는 카페,음식·맛집/046-광주에서 늦게까지 하는 카페.txt,FOOD_RESTAURANT,음식·맛집,FOOD_RESTAURANT,True,0.8,FOOD_RESTAURANT,FOOD_RESTAURANT,True,,0,1,True,True,EXACT_CORRECT,False,False,False,False,False,False,True,True,True,True,False,[],,"[{""categoryId"":""FOOD_RESTAURANT"",""categoryName"":""음식·맛집"",""score"":0.85}]","[{""categoryId"":""FOOD_RESTAURANT"",""categoryName"":""음식·맛집"",""score"":0.85}]",True,True,True,False,8395.4464
47,TEXT-047,integrated-with-description,integrated,True,1,냉동 만두를 바삭하게 굽는 방법,음식·맛집/047-냉동 만두를 바삭하게 굽는 방법.txt,FOOD_RESTAURANT,음식·맛집,FOOD_RESTAURANT,True,0.8,FOOD_RESTAURANT,FOOD_RESTAURANT,True,,0,1,True,True,EXACT_CORRECT,False,False,False,False,False,False,True,True,True,True,False,[],,"[{""categoryId"":""FOOD_RESTAURANT"",""categoryName"":""음식·맛집"",""score"":1.0}]","[{""categoryId"":""FOOD_RESTAURANT"",""categoryName"":""음식·맛집"",""score"":1.0}]",True,True,True,False,10163.8485
48,TEXT-048,integrated-with-description,integrated,True,1,제주 고기국수 후보,음식·맛집/048-제주 고기국수 후보.txt,FOOD_RESTAURANT,음식·맛집,FOOD_RESTAURANT,True,0.8,FOOD_RESTAURANT,FOOD_RESTAURANT,True,,0,1,True,True,EXACT_CORRECT,False,False,False,False,False,False,True,True,True,True,False,[],,"[{""categoryId"":""FOOD_RESTAURANT"",""categoryName"":""음식·맛집"",""score"":1.0}]","[{""categoryId"":""FOOD_RESTAURANT"",""categoryName"":""음식·맛집"",""score"":1.0}]",True,True,True,False,8813.1078
7,TEXT-007,integrated-with-description,integrated,True,1,텍스트-2026.07.20-1010,취업·커리어/007-텍스트-2026.07.20-1010.txt,CAREER,취업·커리어,LEARNING_KNOWLEDGE,False,0.8,LEARNING_KNOWLEDGE,LEARNING_KNOWLEDGE,False,LEARNING_KNOWLEDGE,1,1,False,False,WRONG_MISSING_GOLD,False,True,False,False,False,False,False,False,False,False,False,[],MISSING_GOLD_CATEGORY,"[{""categoryId"":""LEARNING_KNOWLEDGE"",""categoryName"":""학습·지식"",""score"":1.0}]","[{""categoryId"":""LEARNING_KNOWLEDGE"",""categoryName"":""학습·지식"",""score"":1.0}]",True,True,True,False,8576.4614
8,TEXT-008,integrated-with-description,integrated,True,1,공기업 채용 공고 확인,취업·커리어/008-공기업 채용 공고 확인.txt,CAREER,취업·커리어,CAREER,True,0.8,CAREER,CAREER,True,,0,1,True,True,EXACT_CORRECT,False,False,False,False,False,False,True,True,True,True,False,[],,"[{""categoryId"":""CAREER"",""categoryName"":""취업·커리어"",""score"":1.0}]","[{""categoryId"":""CAREER"",""categoryName"":""취업·커리어"",""score"":1.0}]",True,True,True,False,7699.2333
34,TEXT-034,integrated-with-description,integrated,True,1,백엔드 개발자 채용 공고 확인,취업·커리어/034-백엔드 개발자 채용 공고 확인.txt,CAREER,취업·커리어,CAREER,True,0.8,CAREER,CAREER,True,,0,1,True,True,EXACT_CORRECT,False,False,False,False,False,False,True,True,True,True,False,[],,"[{""categoryId"":""CAREER"",""categoryName"":""취업·커리어"",""score"":1.0}]","[{""categoryId"":""CAREER"",""categoryName"":""취업·커리어"",""score"":1.0}]",True,True,True,False,7958.3918
35,TEXT-035,integrated-with-description,integrated,True,1,텍스트-2026-07-05,취업·커리어/035-텍스트-2026-07-05.txt,CAREER,취업·커리어,CAREER,True,0.8,CAREER,CAREER,True,,0,1,True,True,EXACT_CORRECT,False,False,False,False,False,False,True,True,True,True,False,[],,"[{""categoryId"":""CAREER"",""categoryName"":""취업·커리어"",""score"":1.0}]","[{""categoryId"":""CAREER"",""categoryName"":""취업·커리어"",""score"":1.0}]",True,True,True,False,8063.4949
36,TEXT-036,integrated-with-description,integrated,True,1,자기소개서 수정할 부분,취업·커리어/036-자기소개서 수정할 부분.txt,CAREER,취업·커리어,CAREER,True,0.8,CAREER,CAREER,True,,0,1,True,True,EXACT_CORRECT,False,False,False,False,False,False,True,True,True,True,False,[],,"[{""categoryId"":""CAREER"",""categoryName"":""취업·커리어"",""score"":1.0}]","[{""categoryId"":""CAREER"",""categoryName"":""취업·커리어"",""score"":1.0}]",True,True,True,False,7183.3427
37,TEXT-037,integrated-with-description,integrated,True,1,이직 전 확인할 조건,취업·커리어/037-이직 전 확인할 조건.txt,CAREER,취업·커리어,CAREER,True,0.8,CAREER,CAREER,True,,0,1,True,True,EXACT_CORRECT,False,False,False,False,False,False,True,True,True,True,False,[],,"[{""categoryId"":""CAREER"",""categoryName"":""취업·커리어"",""score"":0.9}]","[{""categoryId"":""CAREER"",""categoryName"":""취업·커리어"",""score"":0.9}]",True,True,True,False,8829.0809
38,TEXT-038,integrated-with-description,integrated,True,1,포트폴리오 프로젝트 설명 방식,취업·커리어/038-포트폴리오 프로젝트 설명 방식.txt,CAREER,취업·커리어,LEARNING_KNOWLEDGE,False,0.8,LEARNING_KNOWLEDGE,LEARNING_KNOWLEDGE,False,LEARNING_KNOWLEDGE,1,1,False,False,WRONG_MISSING_GOLD,False,True,False,False,False,False,False,False,False,False,False,[],MISSING_GOLD_CATEGORY,"[{""categoryId"":""LEARNING_KNOWLEDGE"",""categoryName"":""학습·지식"",""score"":0.95}]","[{""categoryId"":""LEARNING_KNOWLEDGE"",""categoryName"":""학습·지식"",""score"":0.95}]",True,True,True,False,8615.9915
1,TEXT-001,integrated-with-description,integrated,True,1,텍스트-2026.07.20-0905,학습·지식/001-텍스트-2026.07.20-0905.txt,LEARNING_KNOWLEDGE,학습·지식,LEARNING_KNOWLEDGE,True,0.8,LEARNING_KNOWLEDGE,LEARNING_KNOWLEDGE,True,,0,1,True,True,EXACT_CORRECT,False,False,False,False,False,False,True,True,True,True,False,[],,"[{""categoryId"":""LEARNING_KNOWLEDGE"",""categoryName"":""학습·지식"",""score"":0.95}]","[{""categoryId"":""LEARNING_KNOWLEDGE"",""categoryName"":""학습·지식"",""score"":0.95}]",True,True,True,False,10377.1466
2,TEXT-002,integrated-with-description,integrated,True,1,JWT 재발급 구조 정리,학습·지식/002-JWT 재발급 구조 정리.txt,LEARNING_KNOWLEDGE,학습·지식,LEARNING_KNOWLEDGE,True,0.8,LEARNING_KNOWLEDGE,LEARNING_KNOWLEDGE,True,,0,1,True,True,EXACT_CORRECT,False,False,False,False,False,False,True,True,True,True,False,[],,"[{""categoryId"":""LEARNING_KNOWLEDGE"",""categoryName"":""학습·지식"",""score"":1.0}]","[{""categoryId"":""LEARNING_KNOWLEDGE"",""categoryName"":""학습·지식"",""score"":1.0}]",True,True,True,False,10445.1791
3,TEXT-003,integrated-with-description,integrated,True,1,텍스트-2026.07.20-0920,학습·지식/003-텍스트-2026.07.20-0920.txt,LEARNING_KNOWLEDGE,학습·지식,LEARNING_KNOWLEDGE,True,0.8,LEARNING_KNOWLEDGE,LEARNING_KNOWLEDGE,True,,0,1,True,True,EXACT_CORRECT,False,False,False,False,False,False,True,True,True,True,False,[],,"[{""categoryId"":""LEARNING_KNOWLEDGE"",""categoryName"":""학습·지식"",""score"":1.0}]","[{""categoryId"":""LEARNING_KNOWLEDGE"",""categoryName"":""학습·지식"",""score"":1.0}]",True,True,True,False,7246.3632
4,TEXT-004,integrated-with-description,integrated,True,1,SQLD 시험 공부 계획,학습·지식/004-SQLD 시험 공부 계획.txt,LEARNING_KNOWLEDGE,학습·지식,LEARNING_KNOWLEDGE,True,0.8,LEARNING_KNOWLEDGE,LEARNING_KNOWLEDGE,True,,0,1,True,True,EXACT_CORRECT,False,False,False,False,False,False,True,True,True,True,False,[],,"[{""categoryId"":""LEARNING_KNOWLEDGE"",""categoryName"":""학습·지식"",""score"":1.0}]","[{""categoryId"":""LEARNING_KNOWLEDGE"",""categoryName"":""학습·지식"",""score"":1.0}]",True,True,True,False,9108.7504
29,TEXT-029,integrated-with-description,integrated,True,1,Redis 큐에서 작업이 중복될 수 있는 이유,학습·지식/029-Redis 큐에서 작업이 중복될 수 있는 이유.txt,LEARNING_KNOWLEDGE,학습·지식,LEARNING_KNOWLEDGE,True,0.8,LEARNING_KNOWLEDGE,LEARNING_KNOWLEDGE,True,,0,1,True,True,EXACT_CORRECT,False,False,False,False,False,False,True,True,True,True,False,[],,"[{""categoryId"":""LEARNING_KNOWLEDGE"",""categoryName"":""학습·지식"",""score"":1.0}]","[{""categoryId"":""LEARNING_KNOWLEDGE"",""categoryName"":""학습·지식"",""score"":1.0}]",True,True,True,False,8324.2683
30,TEXT-030,integrated-with-description,integrated,True,1,텍스트-2026-07-03,학습·지식/030-텍스트-2026-07-03.txt,LEARNING_KNOWLEDGE,학습·지식,LEARNING_KNOWLEDGE,True,0.8,LEARNING_KNOWLEDGE,LEARNING_KNOWLEDGE,True,,0,1,True,True,EXACT_CORRECT,False,False,False,False,False,False,True,True,True,True,False,[],,"[{""categoryId"":""LEARNING_KNOWLEDGE"",""categoryName"":""학습·지식"",""score"":1.0}]","[{""categoryId"":""LEARNING_KNOWLEDGE"",""categoryName"":""학습·지식"",""score"":1.0}]",True,True,True,False,7496.5391
31,TEXT-031,integrated-with-description,integrated,True,1,사진 촬영에서 조리개의 역할,학습·지식/031-사진 촬영에서 조리개의 역할.txt,LEARNING_KNOWLEDGE,학습·지식,LEARNING_KNOWLEDGE,True,0.8,LEARNING_KNOWLEDGE,LEARNING_KNOWLEDGE,True,,0,1,True,True,EXACT_CORRECT,False,False,False,False,False,False,True,True,True,True,False,[],,"[{""categoryId"":""LEARNING_KNOWLEDGE"",""categoryName"":""학습·지식"",""score"":0.95}]","[{""categoryId"":""LEARNING_KNOWLEDGE"",""categoryName"":""학습·지식"",""score"":0.95}]",True,True,True,False,9669.4028
32,TEXT-032,integrated-with-description,integrated,True,1,전세와 월세의 차이 정리,학습·지식/032-전세와 월세의 차이 정리.txt,LEARNING_KNOWLEDGE,학습·지식,LEARNING_KNOWLEDGE,True,0.8,LEARNING_KNOWLEDGE,LEARNING_KNOWLEDGE,True,,0,1,True,True,EXACT_CORRECT,False,False,False,False,False,False,True,True,True,True,False,[],,"[{""categoryId"":""LEARNING_KNOWLEDGE"",""categoryName"":""학습·지식"",""score"":1.0}]","[{""categoryId"":""LEARNING_KNOWLEDGE"",""categoryName"":""학습·지식"",""score"":1.0}]",True,True,True,False,8587.0524
33,TEXT-033,integrated-with-description,integrated,True,1,좋은 발표 자료의 정보 구조,학습·지식/033-좋은 발표 자료의 정보 구조.txt,LEARNING_KNOWLEDGE,학습·지식,IDEA_INSPIRATION,False,0.8,IDEA_INSPIRATION,IDEA_INSPIRATION,False,IDEA_INSPIRATION,1,1,False,False,WRONG_MISSING_GOLD,False,True,False,False,False,False,False,False,False,False,False,[],MISSING_GOLD_CATEGORY,"[{""categoryId"":""IDEA_INSPIRATION"",""categoryName"":""아이디어·영감"",""score"":0.95}]","[{""categoryId"":""IDEA_INSPIRATION"",""categoryName"":""아이디어·영감"",""score"":0.95}]",True,True,True,False,7827.9791
17,TEXT-017,integrated-without-description,integrated,False,1,텍스트-2026.07.20-1220,건강·운동/017-텍스트-2026.07.20-1220.txt,HEALTH_EXERCISE,건강·운동,HEALTH_EXERCISE,True,0.5,HEALTH_EXERCISE,HEALTH_EXERCISE,True,,0,1,True,True,EXACT_CORRECT,False,False,False,False,False,False,True,True,True,True,False,[],,"[{""categoryId"":""HEALTH_EXERCISE"",""categoryName"":""건강·운동"",""score"":1.0}]","[{""categoryId"":""HEALTH_EXERCISE"",""categoryName"":""건강·운동"",""score"":1.0}]",True,True,True,False,15173.8502
18,TEXT-018,integrated-without-description,integrated,False,1,주 3회 운동 계획,건강·운동/018-주 3회 운동 계획.txt,HEALTH_EXERCISE,건강·운동,HEALTH_EXERCISE,True,0.5,HEALTH_EXERCISE,HEALTH_EXERCISE,True,,0,1,True,True,EXACT_CORRECT,False,False,False,False,False,False,True,True,True,True,False,[],,"[{""categoryId"":""HEALTH_EXERCISE"",""categoryName"":""건강·운동"",""score"":1.0}]","[{""categoryId"":""HEALTH_EXERCISE"",""categoryName"":""건강·운동"",""score"":1.0}]",True,True,True,False,7717.7076
54,TEXT-054,integrated-without-description,integrated,False,1,허리 부담을 줄이는 스쿼트 자세,건강·운동/054-허리 부담을 줄이는 스쿼트 자세.txt,HEALTH_EXERCISE,건강·운동,HEALTH_EXERCISE,True,0.5,HEALTH_EXERCISE,HEALTH_EXERCISE,True,,0,1,True,True,EXACT_CORRECT,False,False,False,False,False,False,True,True,True,True,False,[],,"[{""categoryId"":""HEALTH_EXERCISE"",""categoryName"":""건강·운동"",""score"":1.0}]","[{""categoryId"":""HEALTH_EXERCISE"",""categoryName"":""건강·운동"",""score"":1.0}]",True,True,True,False,7667.7136
55,TEXT-055,integrated-without-description,integrated,False,1,텍스트-2026-07-13,건강·운동/055-텍스트-2026-07-13.txt,HEALTH_EXERCISE,건강·운동,HEALTH_EXERCISE,True,0.5,HEALTH_EXERCISE,HEALTH_EXERCISE,True,,0,1,True,True,EXACT_CORRECT,False,False,False,False,False,False,True,True,True,True,False,[],,"[{""categoryId"":""HEALTH_EXERCISE"",""categoryName"":""건강·운동"",""score"":0.9}]","[{""categoryId"":""HEALTH_EXERCISE"",""categoryName"":""건강·운동"",""score"":0.9}]",True,True,True,False,6968.2357
56,TEXT-056,integrated-without-description,integrated,False,1,러닝 초보자 주간 계획,건강·운동/056-러닝 초보자 주간 계획.txt,HEALTH_EXERCISE,건강·운동,HEALTH_EXERCISE,True,0.5,HEALTH_EXERCISE,HEALTH_EXERCISE,True,,0,1,True,True,EXACT_CORRECT,False,False,False,False,False,False,True,True,True,True,False,[],,"[{""categoryId"":""HEALTH_EXERCISE"",""categoryName"":""건강·운동"",""score"":1.0}]","[{""categoryId"":""HEALTH_EXERCISE"",""categoryName"":""건강·운동"",""score"":1.0}]",True,True,True,False,8103.6895
57,TEXT-057,integrated-without-description,integrated,False,1,장시간 앉아 있을 때 스트레칭,건강·운동/057-장시간 앉아 있을 때 스트레칭.txt,HEALTH_EXERCISE,건강·운동,HEALTH_EXERCISE,True,0.5,HEALTH_EXERCISE,HEALTH_EXERCISE,True,,0,1,True,True,EXACT_CORRECT,False,False,False,False,False,False,True,True,True,True,False,[],,"[{""categoryId"":""HEALTH_EXERCISE"",""categoryName"":""건강·운동"",""score"":1.0}]","[{""categoryId"":""HEALTH_EXERCISE"",""categoryName"":""건강·운동"",""score"":1.0}]",True,True,True,False,7431.2774
58,TEXT-058,integrated-without-description,integrated,False,1,운동 후 식사 구성,건강·운동/058-운동 후 식사 구성.txt,HEALTH_EXERCISE,건강·운동,HEALTH_EXERCISE,True,0.5,HEALTH_EXERCISE|FOOD_RESTAURANT,HEALTH_EXERCISE|FOOD_RESTAURANT,True,FOOD_RESTAURANT,1,2,False,True,RELAXED_CORRECT,False,False,False,False,False,False,True,True,False,True,False,[],,"[{""categoryId"":""HEALTH_EXERCISE"",""categoryName"":""건강·운동"",""score"":0.9},{""categoryId"":""FOOD_RESTAURANT"",""categoryName"":""음식·맛집"",""score"":0.6}]","[{""categoryId"":""HEALTH_EXERCISE"",""categoryName"":""건강·운동"",""score"":0.9},{""categoryId"":""FOOD_RESTAURANT"",""categoryName"":""음식·맛집"",""score"":0.6}]",True,True,True,False,9554.6999
21,TEXT-021,integrated-without-description,integrated,False,1,텍스트-2026.07.20-1310,기타/021-텍스트-2026.07.20-1310.txt,OTHER,기타,LEARNING_KNOWLEDGE,False,0.5,LEARNING_KNOWLEDGE|CAREER,LEARNING_KNOWLEDGE|CAREER,False,CAREER|LEARNING_KNOWLEDGE,2,2,False,False,WRONG_MISSING_GOLD,False,True,False,False,False,False,False,False,False,False,False,[],MISSING_GOLD_CATEGORY,"[{""categoryId"":""LEARNING_KNOWLEDGE"",""categoryName"":""학습·지식"",""score"":0.8},{""categoryId"":""CAREER"",""categoryName"":""취업·커리어"",""score"":0.6}]","[{""categoryId"":""LEARNING_KNOWLEDGE"",""categoryName"":""학습·지식"",""score"":0.8},{""categoryId"":""CAREER"",""categoryName"":""취업·커리어"",""score"":0.6}]",True,True,True,False,7760.093
22,TEXT-022,integrated-without-description,integrated,False,1,텍스트-2026.07.20-1325,기타/022-텍스트-2026.07.20-1325.txt,OTHER,기타,IDEA_INSPIRATION,False,0.5,IDEA_INSPIRATION,IDEA_INSPIRATION,False,IDEA_INSPIRATION,1,1,False,False,WRONG_MISSING_GOLD,False,True,False,False,False,False,False,False,False,False,False,[],MISSING_GOLD_CATEGORY,"[{""categoryId"":""IDEA_INSPIRATION"",""categoryName"":""아이디어·영감"",""score"":0.8}]","[{""categoryId"":""IDEA_INSPIRATION"",""categoryName"":""아이디어·영감"",""score"":0.8}]",True,True,True,False,7830.6484
74,TEXT-074,integrated-without-description,integrated,False,1,텍스트-2026-07-21,기타/074-텍스트-2026-07-21.txt,OTHER,기타,,False,0.5,,OTHER,False,,0,0,False,False,EMPTY_PREDICTION,False,True,False,True,False,False,False,True,True,True,False,[],MISSING_GOLD_CATEGORY|EMPTY_PREDICTION|FALLBACK_USED,[],[],True,True,True,False,4771.6469
75,TEXT-075,integrated-without-description,integrated,False,1,확인할 문자열,기타/075-확인할 문자열.txt,OTHER,기타,,False,0.5,,OTHER,False,,0,0,False,False,EMPTY_PREDICTION,False,True,False,True,False,False,False,True,True,True,False,[],MISSING_GOLD_CATEGORY|EMPTY_PREDICTION|FALLBACK_USED,[],[],True,True,True,False,3967.0188
76,TEXT-076,integrated-without-description,integrated,False,1,텍스트-2026-07-22,기타/076-텍스트-2026-07-22.txt,OTHER,기타,,False,0.5,,OTHER,False,,0,0,False,False,EMPTY_PREDICTION,False,True,False,True,False,False,False,True,True,True,False,[],MISSING_GOLD_CATEGORY|EMPTY_PREDICTION|FALLBACK_USED,[],[],True,True,True,False,3531.6594
77,TEXT-077,integrated-without-description,integrated,False,1,내용을 확인할 수 없는 링크,기타/077-내용을 확인할 수 없는 링크.txt,OTHER,기타,,False,0.5,,OTHER,False,,0,0,False,False,EMPTY_PREDICTION,False,True,False,True,False,False,False,True,True,True,False,[],MISSING_GOLD_CATEGORY|EMPTY_PREDICTION|FALLBACK_USED,[],[],True,True,True,False,4471.2315
78,TEXT-078,integrated-without-description,integrated,False,1,이미지 추출 실패,기타/078-이미지 추출 실패.txt,OTHER,기타,,False,0.5,,OTHER,False,,0,0,False,False,EMPTY_PREDICTION,False,True,False,True,False,False,False,True,True,True,False,[],MISSING_GOLD_CATEGORY|EMPTY_PREDICTION|FALLBACK_USED,[],[],True,True,True,False,5874.2356
64,TEXT-064,integrated-without-description,integrated,False,1,월급 통장 나누는 방법,돈·재테크/064-월급 통장 나누는 방법.txt,MONEY_FINANCE,돈·재테크,MONEY_FINANCE,True,0.5,MONEY_FINANCE,MONEY_FINANCE,True,,0,1,True,True,EXACT_CORRECT,False,False,False,False,False,False,True,True,True,True,False,[],,"[{""categoryId"":""MONEY_FINANCE"",""categoryName"":""돈·재테크"",""score"":1.0}]","[{""categoryId"":""MONEY_FINANCE"",""categoryName"":""돈·재테크"",""score"":1.0}]",True,True,True,False,6959.0611
65,TEXT-065,integrated-without-description,integrated,False,1,텍스트-2026-07-17,돈·재테크/065-텍스트-2026-07-17.txt,MONEY_FINANCE,돈·재테크,MONEY_FINANCE,True,0.5,MONEY_FINANCE,MONEY_FINANCE,True,,0,1,True,True,EXACT_CORRECT,False,False,False,False,False,False,True,True,True,True,False,[],,"[{""categoryId"":""MONEY_FINANCE"",""categoryName"":""돈·재테크"",""score"":1.0}]","[{""categoryId"":""MONEY_FINANCE"",""categoryName"":""돈·재테크"",""score"":1.0}]",True,True,True,False,6701.0889
66,TEXT-066,integrated-without-description,integrated,False,1,카드 혜택 비교,돈·재테크/066-카드 혜택 비교.txt,MONEY_FINANCE,돈·재테크,MONEY_FINANCE,True,0.5,MONEY_FINANCE|LIFE_TASK,MONEY_FINANCE|LIFE_TASK,True,LIFE_TASK,1,2,False,True,RELAXED_CORRECT,False,False,False,False,False,False,True,True,False,True,False,[],,"[{""categoryId"":""MONEY_FINANCE"",""categoryName"":""돈·재테크"",""score"":0.9},{""categoryId"":""LIFE_TASK"",""categoryName"":""생활·할 일"",""score"":0.7}]","[{""categoryId"":""MONEY_FINANCE"",""categoryName"":""돈·재테크"",""score"":0.9},{""categoryId"":""LIFE_TASK"",""categoryName"":""생활·할 일"",""score"":0.7}]",True,True,True,False,8512.5721
67,TEXT-067,integrated-without-description,integrated,False,1,비상금 규모 정하기,돈·재테크/067-비상금 규모 정하기.txt,MONEY_FINANCE,돈·재테크,MONEY_FINANCE,True,0.5,MONEY_FINANCE,MONEY_FINANCE,True,,0,1,True,True,EXACT_CORRECT,False,False,False,False,False,False,True,True,True,True,False,[],,"[{""categoryId"":""MONEY_FINANCE"",""categoryName"":""돈·재테크"",""score"":1.0}]","[{""categoryId"":""MONEY_FINANCE"",""categoryName"":""돈·재테크"",""score"":1.0}]",True,True,True,False,6859.6857
68,TEXT-068,integrated-without-description,integrated,False,1,보험 가입 전에 확인할 내용,돈·재테크/068-보험 가입 전에 확인할 내용.txt,MONEY_FINANCE,돈·재테크,LEARNING_KNOWLEDGE,False,0.5,LEARNING_KNOWLEDGE,LEARNING_KNOWLEDGE,False,LEARNING_KNOWLEDGE,1,1,False,False,WRONG_MISSING_GOLD,False,True,False,False,False,False,False,False,False,False,False,[],MISSING_GOLD_CATEGORY,"[{""categoryId"":""LEARNING_KNOWLEDGE"",""categoryName"":""학습·지식"",""score"":0.95},{""categoryId"":""CAREER"",""categoryName"":""취업·커리어"",""score"":0.15}]","[{""categoryId"":""LEARNING_KNOWLEDGE"",""categoryName"":""학습·지식"",""score"":0.95},{""categoryId"":""CAREER"",""categoryName"":""취업·커리어"",""score"":0.15}]",True,True,True,False,8912.51
19,TEXT-019,integrated-without-description,integrated,False,1,텍스트-2026.07.20-1245,문화·콘텐츠/019-텍스트-2026.07.20-1245.txt,CULTURE_CONTENT,문화·콘텐츠,LEARNING_KNOWLEDGE,False,0.5,LEARNING_KNOWLEDGE|CULTURE_CONTENT,LEARNING_KNOWLEDGE|CULTURE_CONTENT,True,LEARNING_KNOWLEDGE,1,2,False,True,RELAXED_CORRECT,False,False,False,False,False,False,True,True,False,True,False,[],,"[{""categoryId"":""LEARNING_KNOWLEDGE"",""categoryName"":""학습·지식"",""score"":0.8},{""categoryId"":""CULTURE_CONTENT"",""categoryName"":""문화·콘텐츠"",""score"":0.7}]","[{""categoryId"":""LEARNING_KNOWLEDGE"",""categoryName"":""학습·지식"",""score"":0.8},{""categoryId"":""CULTURE_CONTENT"",""categoryName"":""문화·콘텐츠"",""score"":0.7}]",True,True,True,False,9006.4377
20,TEXT-020,integrated-without-description,integrated,False,1,읽어볼 개발 에세이,문화·콘텐츠/020-읽어볼 개발 에세이.txt,CULTURE_CONTENT,문화·콘텐츠,LEARNING_KNOWLEDGE,False,0.5,LEARNING_KNOWLEDGE|CAREER,LEARNING_KNOWLEDGE|CAREER,False,CAREER|LEARNING_KNOWLEDGE,2,2,False,False,WRONG_MISSING_GOLD,False,True,False,False,False,False,False,False,False,False,False,[],MISSING_GOLD_CATEGORY,"[{""categoryId"":""LEARNING_KNOWLEDGE"",""categoryName"":""학습·지식"",""score"":0.85},{""categoryId"":""CAREER"",""categoryName"":""취업·커리어"",""score"":0.75}]","[{""categoryId"":""LEARNING_KNOWLEDGE"",""categoryName"":""학습·지식"",""score"":0.85},{""categoryId"":""CAREER"",""categoryName"":""취업·커리어"",""score"":0.75}]",True,True,True,False,9286.3787
59,TEXT-059,integrated-without-description,integrated,False,1,주말에 볼 영화 후보,문화·콘텐츠/059-주말에 볼 영화 후보.txt,CULTURE_CONTENT,문화·콘텐츠,CULTURE_CONTENT,True,0.5,CULTURE_CONTENT|IDEA_INSPIRATION,CULTURE_CONTENT|IDEA_INSPIRATION,True,IDEA_INSPIRATION,1,2,False,True,RELAXED_CORRECT,False,False,False,False,False,False,True,True,False,True,False,[],,"[{""categoryId"":""CULTURE_CONTENT"",""categoryName"":""문화·콘텐츠"",""score"":0.8},{""categoryId"":""IDEA_INSPIRATION"",""categoryName"":""아이디어·영감"",""score"":0.6}]","[{""categoryId"":""CULTURE_CONTENT"",""categoryName"":""문화·콘텐츠"",""score"":0.8},{""categoryId"":""IDEA_INSPIRATION"",""categoryName"":""아이디어·영감"",""score"":0.6}]",True,True,True,False,8673.7888
60,TEXT-060,integrated-without-description,integrated,False,1,텍스트-2026-07-15,문화·콘텐츠/060-텍스트-2026-07-15.txt,CULTURE_CONTENT,문화·콘텐츠,LEARNING_KNOWLEDGE,False,0.5,LEARNING_KNOWLEDGE,LEARNING_KNOWLEDGE,False,LEARNING_KNOWLEDGE,1,1,False,False,WRONG_MISSING_GOLD,False,True,False,False,False,False,False,False,False,False,False,[],MISSING_GOLD_CATEGORY,"[{""categoryId"":""LEARNING_KNOWLEDGE"",""categoryName"":""학습·지식"",""score"":1.0}]","[{""categoryId"":""LEARNING_KNOWLEDGE"",""categoryName"":""학습·지식"",""score"":1.0}]",True,True,True,False,6218.6884
61,TEXT-061,integrated-without-description,integrated,False,1,서울 사진전 정보,문화·콘텐츠/061-서울 사진전 정보.txt,CULTURE_CONTENT,문화·콘텐츠,CULTURE_CONTENT,True,0.5,CULTURE_CONTENT,CULTURE_CONTENT,True,,0,1,True,True,EXACT_CORRECT,False,False,False,False,False,False,True,True,True,True,False,[],,"[{""categoryId"":""CULTURE_CONTENT"",""categoryName"":""문화·콘텐츠"",""score"":0.8}]","[{""categoryId"":""CULTURE_CONTENT"",""categoryName"":""문화·콘텐츠"",""score"":0.8}]",True,True,True,False,6565.7213
62,TEXT-062,integrated-without-description,integrated,False,1,출근할 때 들을 음악,문화·콘텐츠/062-출근할 때 들을 음악.txt,CULTURE_CONTENT,문화·콘텐츠,LIFE_TASK,False,0.5,LIFE_TASK,LIFE_TASK,False,LIFE_TASK,1,1,False,False,WRONG_MISSING_GOLD,False,True,True,False,False,False,True,False,False,False,False,[],THRESHOLD_MISS,"[{""categoryId"":""FOOD_RESTAURANT"",""categoryName"":""음식·맛집"",""score"":0.0},{""categoryId"":""MONEY_FINANCE"",""categoryName"":""돈·재테크"",""score"":0.0},{""categoryId"":""CULTURE_CONTENT"",""categoryName"":""문화·콘텐츠"",""score"":0.0},{""categoryId"":""LIFE_TASK"",""categoryName"":""생활·할 일"",""score"":0.8},{""categoryId"":""SHOPPING_PRODUCT"",""categoryName"":""쇼핑·제품"",""score"":0.0},{""categoryId"":""IDEA_INSPIRATION"",""categoryName"":""아이디어·영감"",""score"":0.0}]","[{""categoryId"":""LIFE_TASK"",""categoryName"":""생활·할 일"",""score"":0.8},{""categoryId"":""FOOD_RESTAURANT"",""categoryName"":""음식·맛집"",""score"":0.0},{""categoryId"":""MONEY_FINANCE"",""categoryName"":""돈·재테크"",""score"":0.0},{""categoryId"":""CULTURE_CONTENT"",""categoryName"":""문화·콘텐츠"",""score"":0.0},{""categoryId"":""SHOPPING_PRODUCT"",""categoryName"":""쇼핑·제품"",""score"":0.0},{""categoryId"":""IDEA_INSPIRATION"",""categoryName"":""아이디어·영감"",""score"":0.0}]",True,True,True,False,13458.5934
63,TEXT-063,integrated-without-description,integrated,False,1,웹툰 추천 목록,문화·콘텐츠/063-웹툰 추천 목록.txt,CULTURE_CONTENT,문화·콘텐츠,LEARNING_KNOWLEDGE,False,0.5,LEARNING_KNOWLEDGE|CULTURE_CONTENT,LEARNING_KNOWLEDGE|CULTURE_CONTENT,True,LEARNING_KNOWLEDGE,1,2,False,True,RELAXED_CORRECT,False,False,False,False,False,False,True,True,False,True,False,[],,"[{""categoryId"":""LEARNING_KNOWLEDGE"",""categoryName"":""학습·지식"",""score"":0.8},{""categoryId"":""CULTURE_CONTENT"",""categoryName"":""문화·콘텐츠"",""score"":0.7}]","[{""categoryId"":""LEARNING_KNOWLEDGE"",""categoryName"":""학습·지식"",""score"":0.8},{""categoryId"":""CULTURE_CONTENT"",""categoryName"":""문화·콘텐츠"",""score"":0.7}]",True,True,True,False,8211.1178
6,TEXT-006,integrated-without-description,integrated,False,1,1주차 백로그 정리,생활·할 일/006-1주차 백로그 정리.txt,LIFE_TASK,생활·할 일,LIFE_TASK,True,0.5,LIFE_TASK,LIFE_TASK,True,,0,1,True,True,EXACT_CORRECT,False,False,False,False,False,False,True,True,True,True,False,[],,"[{""categoryId"":""LIFE_TASK"",""categoryName"":""생활·할 일"",""score"":1.0}]","[{""categoryId"":""LIFE_TASK"",""categoryName"":""생활·할 일"",""score"":1.0}]",True,True,True,False,8179.4093
9,TEXT-009,integrated-without-description,integrated,False,1,텍스트-2026.07.20-1035,생활·할 일/009-텍스트-2026.07.20-1035.txt,LIFE_TASK,생활·할 일,LIFE_TASK,True,0.5,LIFE_TASK,LIFE_TASK,True,,0,1,True,True,EXACT_CORRECT,False,False,False,False,False,False,True,True,True,True,False,[],,"[{""categoryId"":""LIFE_TASK"",""categoryName"":""생활·할 일"",""score"":1.0}]","[{""categoryId"":""LIFE_TASK"",""categoryName"":""생활·할 일"",""score"":1.0}]",True,True,True,False,7495.3913
10,TEXT-010,integrated-without-description,integrated,False,1,주말 방 정리 계획,생활·할 일/010-주말 방 정리 계획.txt,LIFE_TASK,생활·할 일,LIFE_TASK,True,0.5,LIFE_TASK,LIFE_TASK,True,,0,1,True,True,EXACT_CORRECT,False,False,False,False,False,False,True,True,True,True,False,[],,"[{""categoryId"":""LIFE_TASK"",""categoryName"":""생활·할 일"",""score"":1.0}]","[{""categoryId"":""LIFE_TASK"",""categoryName"":""생활·할 일"",""score"":1.0}]",True,True,True,False,8364.4445
24,TEXT-024,integrated-without-description,integrated,False,1,이사 전날 확인할 목록,생활·할 일/024-이사 전날 확인할 목록.txt,LIFE_TASK,생활·할 일,LIFE_TASK,True,0.5,LIFE_TASK,LIFE_TASK,True,,0,1,True,True,EXACT_CORRECT,False,False,False,False,False,False,True,True,True,True,False,[],,"[{""categoryId"":""LIFE_TASK"",""categoryName"":""생활·할 일"",""score"":1.0}]","[{""categoryId"":""LIFE_TASK"",""categoryName"":""생활·할 일"",""score"":1.0}]",True,True,True,False,8120.4651
25,TEXT-025,integrated-without-description,integrated,False,1,텍스트-2026-07-01,생활·할 일/025-텍스트-2026-07-01.txt,LIFE_TASK,생활·할 일,LIFE_TASK,True,0.5,LIFE_TASK,LIFE_TASK,True,,0,1,True,True,EXACT_CORRECT,False,False,False,False,False,False,True,True,True,True,False,[],,"[{""categoryId"":""LIFE_TASK"",""categoryName"":""생활·할 일"",""score"":1.0}]","[{""categoryId"":""LIFE_TASK"",""categoryName"":""생활·할 일"",""score"":1.0}]",True,True,True,False,7528.2241
26,TEXT-026,integrated-without-description,integrated,False,1,장마철 빨래 냄새 줄이는 방법,생활·할 일/026-장마철 빨래 냄새 줄이는 방법.txt,LIFE_TASK,생활·할 일,LIFE_TASK,True,0.5,LIFE_TASK,LIFE_TASK,True,,0,1,True,True,EXACT_CORRECT,False,False,False,False,False,False,True,True,True,True,False,[],,"[{""categoryId"":""LIFE_TASK"",""categoryName"":""생활·할 일"",""score"":1.0}]","[{""categoryId"":""LIFE_TASK"",""categoryName"":""생활·할 일"",""score"":1.0}]",True,True,True,False,7115.951
27,TEXT-027,integrated-without-description,integrated,False,1,다음 주 일정 메모,생활·할 일/027-다음 주 일정 메모.txt,LIFE_TASK,생활·할 일,LIFE_TASK,True,0.5,LIFE_TASK,LIFE_TASK,True,,0,1,True,True,EXACT_CORRECT,False,False,False,False,False,False,True,True,True,True,False,[],,"[{""categoryId"":""LIFE_TASK"",""categoryName"":""생활·할 일"",""score"":1.0}]","[{""categoryId"":""LIFE_TASK"",""categoryName"":""생활·할 일"",""score"":1.0}]",True,True,True,False,6179.9371
28,TEXT-028,integrated-without-description,integrated,False,1,공과금 자동이체 변경 순서,생활·할 일/028-공과금 자동이체 변경 순서.txt,LIFE_TASK,생활·할 일,LIFE_TASK,True,0.5,LIFE_TASK,LIFE_TASK,True,,0,1,True,True,EXACT_CORRECT,False,False,False,False,False,False,True,True,True,True,False,[],,"[{""categoryId"":""LIFE_TASK"",""categoryName"":""생활·할 일"",""score"":1.0}]","[{""categoryId"":""LIFE_TASK"",""categoryName"":""생활·할 일"",""score"":1.0}]",True,True,True,False,7608.9723
23,TEXT-023,integrated-without-description,integrated,False,1,기숙사 준비물,생활·할 일/기숙사 준비물.txt,LIFE_TASK,생활·할 일,LIFE_TASK,True,0.5,LIFE_TASK,LIFE_TASK,True,,0,1,True,True,EXACT_CORRECT,False,False,False,False,False,False,True,True,True,True,False,[],,"[{""categoryId"":""LIFE_TASK"",""categoryName"":""생활·할 일"",""score"":1.0}]","[{""categoryId"":""LIFE_TASK"",""categoryName"":""생활·할 일"",""score"":1.0}]",True,True,True,False,7158.3189
11,TEXT-011,integrated-without-description,integrated,False,1,텍스트-2026.07.20-1100,쇼핑·제품/011-텍스트-2026.07.20-1100.txt,SHOPPING_PRODUCT,쇼핑·제품,SHOPPING_PRODUCT,True,0.5,SHOPPING_PRODUCT|CAREER|LEARNING_KNOWLEDGE,SHOPPING_PRODUCT|CAREER,True,CAREER|LEARNING_KNOWLEDGE,2,3,False,False,WRONG_OVER_PREDICTION,True,False,False,False,False,True,True,True,False,True,False,[],OVER_PREDICTION,"[{""categoryId"":""SHOPPING_PRODUCT"",""categoryName"":""쇼핑·제품"",""score"":0.95},{""categoryId"":""CAREER"",""categoryName"":""취업·커리어"",""score"":0.85},{""categoryId"":""LEARNING_KNOWLEDGE"",""categoryName"":""학습·지식"",""score"":0.75}]","[{""categoryId"":""SHOPPING_PRODUCT"",""categoryName"":""쇼핑·제품"",""score"":0.95},{""categoryId"":""CAREER"",""categoryName"":""취업·커리어"",""score"":0.85},{""categoryId"":""LEARNING_KNOWLEDGE"",""categoryName"":""학습·지식"",""score"":0.75}]",True,True,True,False,10908.9043
12,TEXT-012,integrated-without-description,integrated,False,1,무선 키보드 구매 후보,쇼핑·제품/012-무선 키보드 구매 후보.txt,SHOPPING_PRODUCT,쇼핑·제품,SHOPPING_PRODUCT,True,0.5,SHOPPING_PRODUCT|CAREER,SHOPPING_PRODUCT|CAREER,True,CAREER,1,2,False,True,RELAXED_CORRECT,False,False,False,False,False,False,True,True,False,True,False,[],,"[{""categoryId"":""SHOPPING_PRODUCT"",""categoryName"":""쇼핑·제품"",""score"":0.9},{""categoryId"":""CAREER"",""categoryName"":""취업·커리어"",""score"":0.6}]","[{""categoryId"":""SHOPPING_PRODUCT"",""categoryName"":""쇼핑·제품"",""score"":0.9},{""categoryId"":""CAREER"",""categoryName"":""취업·커리어"",""score"":0.6}]",True,True,True,False,10033.7437
49,TEXT-049,integrated-without-description,integrated,False,1,무선 키보드 비교,쇼핑·제품/049-무선 키보드 비교.txt,SHOPPING_PRODUCT,쇼핑·제품,SHOPPING_PRODUCT,True,0.5,SHOPPING_PRODUCT|LEARNING_KNOWLEDGE,SHOPPING_PRODUCT|LEARNING_KNOWLEDGE,True,LEARNING_KNOWLEDGE,1,2,False,True,RELAXED_CORRECT,False,False,False,False,False,False,True,True,False,True,False,[],,"[{""categoryId"":""SHOPPING_PRODUCT"",""categoryName"":""쇼핑·제품"",""score"":0.9},{""categoryId"":""LEARNING_KNOWLEDGE"",""categoryName"":""학습·지식"",""score"":0.6}]","[{""categoryId"":""SHOPPING_PRODUCT"",""categoryName"":""쇼핑·제품"",""score"":0.9},{""categoryId"":""LEARNING_KNOWLEDGE"",""categoryName"":""학습·지식"",""score"":0.6}]",True,True,True,False,10345.7986
50,TEXT-050,integrated-without-description,integrated,False,1,텍스트-2026-07-11,쇼핑·제품/050-텍스트-2026-07-11.txt,SHOPPING_PRODUCT,쇼핑·제품,SHOPPING_PRODUCT,True,0.5,SHOPPING_PRODUCT,SHOPPING_PRODUCT,True,,0,1,True,True,EXACT_CORRECT,False,False,False,False,False,False,True,True,True,True,False,[],,"[{""categoryId"":""SHOPPING_PRODUCT"",""categoryName"":""쇼핑·제품"",""score"":0.9}]","[{""categoryId"":""SHOPPING_PRODUCT"",""categoryName"":""쇼핑·제품"",""score"":0.9}]",True,True,True,False,7051.7727
51,TEXT-051,integrated-without-description,integrated,False,1,로봇청소기 구매 후보,쇼핑·제품/051-로봇청소기 구매 후보.txt,SHOPPING_PRODUCT,쇼핑·제품,SHOPPING_PRODUCT,True,0.5,SHOPPING_PRODUCT,SHOPPING_PRODUCT,True,,0,1,True,True,EXACT_CORRECT,False,False,False,False,False,False,True,True,True,True,False,[],,"[{""categoryId"":""SHOPPING_PRODUCT"",""categoryName"":""쇼핑·제품"",""score"":0.95}]","[{""categoryId"":""SHOPPING_PRODUCT"",""categoryName"":""쇼핑·제품"",""score"":0.95}]",True,True,True,False,8300.8516
52,TEXT-052,integrated-without-description,integrated,False,1,여행용 보조배터리 확인 사항,쇼핑·제품/052-여행용 보조배터리 확인 사항.txt,SHOPPING_PRODUCT,쇼핑·제품,SHOPPING_PRODUCT,True,0.5,SHOPPING_PRODUCT|TRAVEL_PLACE,SHOPPING_PRODUCT|TRAVEL_PLACE,True,TRAVEL_PLACE,1,2,False,True,RELAXED_CORRECT,False,False,False,False,False,False,True,True,False,True,False,[],,"[{""categoryId"":""SHOPPING_PRODUCT"",""categoryName"":""쇼핑·제품"",""score"":0.8},{""categoryId"":""TRAVEL_PLACE"",""categoryName"":""여행·장소"",""score"":0.6}]","[{""categoryId"":""SHOPPING_PRODUCT"",""categoryName"":""쇼핑·제품"",""score"":0.8},{""categoryId"":""TRAVEL_PLACE"",""categoryName"":""여행·장소"",""score"":0.6}]",True,True,True,False,9370.5281
53,TEXT-053,integrated-without-description,integrated,False,1,부모님 선물용 마사지기 후기,쇼핑·제품/053-부모님 선물용 마사지기 후기.txt,SHOPPING_PRODUCT,쇼핑·제품,SHOPPING_PRODUCT,True,0.5,SHOPPING_PRODUCT,SHOPPING_PRODUCT,True,,0,1,True,True,EXACT_CORRECT,False,False,False,False,False,False,True,True,True,True,False,[],,"[{""categoryId"":""SHOPPING_PRODUCT"",""categoryName"":""쇼핑·제품"",""score"":0.8}]","[{""categoryId"":""SHOPPING_PRODUCT"",""categoryName"":""쇼핑·제품"",""score"":0.8}]",True,True,True,False,8164.9685
5,TEXT-005,integrated-without-description,integrated,False,1,텍스트-2026.07.20-0940,아이디어·영감/005-텍스트-2026.07.20-0940.txt,IDEA_INSPIRATION,아이디어·영감,LEARNING_KNOWLEDGE,False,0.5,LEARNING_KNOWLEDGE,LEARNING_KNOWLEDGE,False,LEARNING_KNOWLEDGE,1,1,False,False,WRONG_MISSING_GOLD,False,True,False,False,False,False,False,False,False,False,False,[],MISSING_GOLD_CATEGORY,"[{""categoryId"":""LEARNING_KNOWLEDGE"",""categoryName"":""학습·지식"",""score"":0.95}]","[{""categoryId"":""LEARNING_KNOWLEDGE"",""categoryName"":""학습·지식"",""score"":0.95}]",True,True,True,False,9495.3137
69,TEXT-069,integrated-without-description,integrated,False,1,앱 첫 화면 디자인 참고,아이디어·영감/069-앱 첫 화면 디자인 참고.txt,IDEA_INSPIRATION,아이디어·영감,IDEA_INSPIRATION,True,0.5,IDEA_INSPIRATION,IDEA_INSPIRATION,True,,0,1,True,True,EXACT_CORRECT,False,False,False,False,False,False,True,True,True,True,False,[],,"[{""categoryId"":""IDEA_INSPIRATION"",""categoryName"":""아이디어·영감"",""score"":0.8}]","[{""categoryId"":""IDEA_INSPIRATION"",""categoryName"":""아이디어·영감"",""score"":0.8}]",True,True,True,False,7901.2782
70,TEXT-070,integrated-without-description,integrated,False,1,텍스트-2026-07-19,아이디어·영감/070-텍스트-2026-07-19.txt,IDEA_INSPIRATION,아이디어·영감,LEARNING_KNOWLEDGE,False,0.5,LEARNING_KNOWLEDGE,LEARNING_KNOWLEDGE,False,LEARNING_KNOWLEDGE,1,1,False,False,WRONG_MISSING_GOLD,False,True,False,False,False,False,False,False,False,False,False,[],MISSING_GOLD_CATEGORY,"[{""categoryId"":""LEARNING_KNOWLEDGE"",""categoryName"":""학습·지식"",""score"":0.85}]","[{""categoryId"":""LEARNING_KNOWLEDGE"",""categoryName"":""학습·지식"",""score"":0.85}]",True,True,True,False,7104.4125
71,TEXT-071,integrated-without-description,integrated,False,1,방 꾸미기 참고 이미지,아이디어·영감/071-방 꾸미기 참고 이미지.txt,IDEA_INSPIRATION,아이디어·영감,LIFE_TASK,False,0.5,LIFE_TASK|CULTURE_CONTENT,LIFE_TASK|CULTURE_CONTENT,False,CULTURE_CONTENT|LIFE_TASK,2,2,False,False,WRONG_MISSING_GOLD,False,True,False,False,False,False,False,False,False,False,False,[],MISSING_GOLD_CATEGORY,"[{""categoryId"":""LIFE_TASK"",""categoryName"":""생활·할 일"",""score"":0.85},{""categoryId"":""CULTURE_CONTENT"",""categoryName"":""문화·콘텐츠"",""score"":0.65}]","[{""categoryId"":""LIFE_TASK"",""categoryName"":""생활·할 일"",""score"":0.85},{""categoryId"":""CULTURE_CONTENT"",""categoryName"":""문화·콘텐츠"",""score"":0.65}]",True,True,True,False,9101.5621
72,TEXT-072,integrated-without-description,integrated,False,1,숏폼 콘텐츠 구성 방식,아이디어·영감/072-숏폼 콘텐츠 구성 방식.txt,IDEA_INSPIRATION,아이디어·영감,LEARNING_KNOWLEDGE,False,0.5,LEARNING_KNOWLEDGE|IDEA_INSPIRATION,LEARNING_KNOWLEDGE|IDEA_INSPIRATION,True,LEARNING_KNOWLEDGE,1,2,False,True,RELAXED_CORRECT,False,False,False,False,False,False,True,True,False,True,False,[],,"[{""categoryId"":""LEARNING_KNOWLEDGE"",""categoryName"":""학습·지식"",""score"":0.95},{""categoryId"":""IDEA_INSPIRATION"",""categoryName"":""아이디어·영감"",""score"":0.85}]","[{""categoryId"":""LEARNING_KNOWLEDGE"",""categoryName"":""학습·지식"",""score"":0.95},{""categoryId"":""IDEA_INSPIRATION"",""categoryName"":""아이디어·영감"",""score"":0.85}]",True,True,True,False,9457.5641
73,TEXT-073,integrated-without-description,integrated,False,1,사진 구도 참고,아이디어·영감/073-사진 구도 참고.txt,IDEA_INSPIRATION,아이디어·영감,IDEA_INSPIRATION,True,0.5,IDEA_INSPIRATION|TRAVEL_PLACE,IDEA_INSPIRATION|TRAVEL_PLACE,True,TRAVEL_PLACE,1,2,False,True,RELAXED_CORRECT,False,False,False,False,False,False,True,True,False,True,False,[],,"[{""categoryId"":""IDEA_INSPIRATION"",""categoryName"":""아이디어·영감"",""score"":0.8},{""categoryId"":""TRAVEL_PLACE"",""categoryName"":""여행·장소"",""score"":0.6}]","[{""categoryId"":""IDEA_INSPIRATION"",""categoryName"":""아이디어·영감"",""score"":0.8},{""categoryId"":""TRAVEL_PLACE"",""categoryName"":""여행·장소"",""score"":0.6}]",True,True,True,False,8520.8104
15,TEXT-015,integrated-without-description,integrated,False,1,텍스트-2026.07.20-1150,여행·장소/015-텍스트-2026.07.20-1150.txt,TRAVEL_PLACE,여행·장소,TRAVEL_PLACE,True,0.5,TRAVEL_PLACE,TRAVEL_PLACE,True,,0,1,True,True,EXACT_CORRECT,False,False,False,False,False,False,True,True,True,True,False,[],,"[{""categoryId"":""TRAVEL_PLACE"",""categoryName"":""여행·장소"",""score"":0.95}]","[{""categoryId"":""TRAVEL_PLACE"",""categoryName"":""여행·장소"",""score"":0.95}]",True,True,True,False,10852.7688
16,TEXT-016,integrated-without-description,integrated,False,1,서울 전시회 방문 후보,여행·장소/016-서울 전시회 방문 후보.txt,TRAVEL_PLACE,여행·장소,TRAVEL_PLACE,True,0.5,TRAVEL_PLACE,TRAVEL_PLACE,True,,0,1,True,True,EXACT_CORRECT,False,False,False,False,False,False,True,True,True,True,False,[],,"[{""categoryId"":""TRAVEL_PLACE"",""categoryName"":""여행·장소"",""score"":0.95}]","[{""categoryId"":""TRAVEL_PLACE"",""categoryName"":""여행·장소"",""score"":0.95}]",True,True,True,False,9609.8655
39,TEXT-039,integrated-without-description,integrated,False,1,부산에서 일몰 보기 좋은 곳,여행·장소/039-부산에서 일몰 보기 좋은 곳.txt,TRAVEL_PLACE,여행·장소,TRAVEL_PLACE,True,0.5,TRAVEL_PLACE,TRAVEL_PLACE,True,,0,1,True,True,EXACT_CORRECT,False,False,False,False,False,False,True,True,True,True,False,[],,"[{""categoryId"":""TRAVEL_PLACE"",""categoryName"":""여행·장소"",""score"":0.95},{""categoryId"":""LIFE_TASK"",""categoryName"":""생활·할 일"",""score"":0.05}]","[{""categoryId"":""TRAVEL_PLACE"",""categoryName"":""여행·장소"",""score"":0.95},{""categoryId"":""LIFE_TASK"",""categoryName"":""생활·할 일"",""score"":0.05}]",True,True,True,False,8931.4611
40,TEXT-040,integrated-without-description,integrated,False,1,텍스트-2026-07-07,여행·장소/040-텍스트-2026-07-07.txt,TRAVEL_PLACE,여행·장소,TRAVEL_PLACE,True,0.5,TRAVEL_PLACE,TRAVEL_PLACE,True,,0,1,True,True,EXACT_CORRECT,False,False,False,False,False,False,True,True,True,True,False,[],,"[{""categoryId"":""TRAVEL_PLACE"",""categoryName"":""여행·장소"",""score"":0.9}]","[{""categoryId"":""TRAVEL_PLACE"",""categoryName"":""여행·장소"",""score"":0.9}]",True,True,True,False,6831.268
41,TEXT-041,integrated-without-description,integrated,False,1,교토 버스 이용 팁,여행·장소/041-교토 버스 이용 팁.txt,TRAVEL_PLACE,여행·장소,LIFE_TASK,False,0.5,LIFE_TASK,LIFE_TASK,False,LIFE_TASK,1,1,False,False,WRONG_MISSING_GOLD,False,True,False,False,False,False,False,False,False,False,False,[],MISSING_GOLD_CATEGORY,"[{""categoryId"":""LIFE_TASK"",""categoryName"":""생활·할 일"",""score"":0.95}]","[{""categoryId"":""LIFE_TASK"",""categoryName"":""생활·할 일"",""score"":0.95}]",True,True,True,False,6439.6344
42,TEXT-042,integrated-without-description,integrated,False,1,비 오는 날 서울에서 갈 곳,여행·장소/042-비 오는 날 서울에서 갈 곳.txt,TRAVEL_PLACE,여행·장소,CULTURE_CONTENT,False,0.5,CULTURE_CONTENT|TRAVEL_PLACE,CULTURE_CONTENT|TRAVEL_PLACE,True,CULTURE_CONTENT,1,2,False,True,RELAXED_CORRECT,False,False,False,False,False,False,True,True,False,True,False,[],,"[{""categoryId"":""CULTURE_CONTENT"",""categoryName"":""문화·콘텐츠"",""score"":0.8},{""categoryId"":""TRAVEL_PLACE"",""categoryName"":""여행·장소"",""score"":0.7}]","[{""categoryId"":""CULTURE_CONTENT"",""categoryName"":""문화·콘텐츠"",""score"":0.8},{""categoryId"":""TRAVEL_PLACE"",""categoryName"":""여행·장소"",""score"":0.7}]",True,True,True,False,8280.0704
43,TEXT-043,integrated-without-description,integrated,False,1,숙소 예약 전에 확인할 내용,여행·장소/043-숙소 예약 전에 확인할 내용.txt,TRAVEL_PLACE,여행·장소,LIFE_TASK,False,0.5,LIFE_TASK,LIFE_TASK,False,LIFE_TASK,1,1,False,False,WRONG_MISSING_GOLD,False,True,False,False,False,False,False,False,False,False,False,[],MISSING_GOLD_CATEGORY,"[{""categoryId"":""LIFE_TASK"",""categoryName"":""생활·할 일"",""score"":1.0}]","[{""categoryId"":""LIFE_TASK"",""categoryName"":""생활·할 일"",""score"":1.0}]",True,True,True,False,7511.6466
13,TEXT-013,integrated-without-description,integrated,False,1,텍스트-2026.07.20-1125,음식·맛집/013-텍스트-2026.07.20-1125.txt,FOOD_RESTAURANT,음식·맛집,FOOD_RESTAURANT,True,0.5,FOOD_RESTAURANT,FOOD_RESTAURANT,True,,0,1,True,True,EXACT_CORRECT,False,False,False,False,False,False,True,True,True,True,False,[],,"[{""categoryId"":""FOOD_RESTAURANT"",""categoryName"":""음식·맛집"",""score"":1.0}]","[{""categoryId"":""FOOD_RESTAURANT"",""categoryName"":""음식·맛집"",""score"":1.0}]",True,True,True,False,8341.7164
14,TEXT-014,integrated-without-description,integrated,False,1,닭가슴살 볶음밥 레시피,음식·맛집/014-닭가슴살 볶음밥 레시피.txt,FOOD_RESTAURANT,음식·맛집,LEARNING_KNOWLEDGE,False,0.5,LEARNING_KNOWLEDGE,LEARNING_KNOWLEDGE,False,LEARNING_KNOWLEDGE,1,1,False,False,WRONG_MISSING_GOLD,False,True,False,False,False,False,False,False,False,False,False,[],MISSING_GOLD_CATEGORY,"[{""categoryId"":""LEARNING_KNOWLEDGE"",""categoryName"":""학습·지식"",""score"":0.95}]","[{""categoryId"":""LEARNING_KNOWLEDGE"",""categoryName"":""학습·지식"",""score"":0.95}]",True,True,True,False,8166.0339
44,TEXT-044,integrated-without-description,integrated,False,1,성수동 파스타 식당,음식·맛집/044-성수동 파스타 식당.txt,FOOD_RESTAURANT,음식·맛집,FOOD_RESTAURANT,True,0.5,FOOD_RESTAURANT,FOOD_RESTAURANT,True,,0,1,True,True,EXACT_CORRECT,False,False,False,False,False,False,True,True,True,True,False,[],,"[{""categoryId"":""FOOD_RESTAURANT"",""categoryName"":""음식·맛집"",""score"":1.0}]","[{""categoryId"":""FOOD_RESTAURANT"",""categoryName"":""음식·맛집"",""score"":1.0}]",True,True,True,False,8371.1253
45,TEXT-045,integrated-without-description,integrated,False,1,텍스트-2026-07-09,음식·맛집/045-텍스트-2026-07-09.txt,FOOD_RESTAURANT,음식·맛집,FOOD_RESTAURANT,True,0.5,FOOD_RESTAURANT,FOOD_RESTAURANT,True,,0,1,True,True,EXACT_CORRECT,False,False,False,False,False,False,True,True,True,True,False,[],,"[{""categoryId"":""FOOD_RESTAURANT"",""categoryName"":""음식·맛집"",""score"":1.0}]","[{""categoryId"":""FOOD_RESTAURANT"",""categoryName"":""음식·맛집"",""score"":1.0}]",True,True,True,False,6894.223
46,TEXT-046,integrated-without-description,integrated,False,1,광주에서 늦게까지 하는 카페,음식·맛집/046-광주에서 늦게까지 하는 카페.txt,FOOD_RESTAURANT,음식·맛집,FOOD_RESTAURANT,True,0.5,FOOD_RESTAURANT|LIFE_TASK,FOOD_RESTAURANT|LIFE_TASK,True,LIFE_TASK,1,2,False,True,RELAXED_CORRECT,False,False,False,False,False,False,True,True,False,True,False,[],,"[{""categoryId"":""FOOD_RESTAURANT"",""categoryName"":""음식·맛집"",""score"":0.95},{""categoryId"":""LIFE_TASK"",""categoryName"":""생활·할 일"",""score"":0.85}]","[{""categoryId"":""FOOD_RESTAURANT"",""categoryName"":""음식·맛집"",""score"":0.95},{""categoryId"":""LIFE_TASK"",""categoryName"":""생활·할 일"",""score"":0.85}]",True,True,True,False,9393.9083
47,TEXT-047,integrated-without-description,integrated,False,1,냉동 만두를 바삭하게 굽는 방법,음식·맛집/047-냉동 만두를 바삭하게 굽는 방법.txt,FOOD_RESTAURANT,음식·맛집,FOOD_RESTAURANT,True,0.5,FOOD_RESTAURANT,FOOD_RESTAURANT,True,,0,1,True,True,EXACT_CORRECT,False,False,False,False,False,False,True,True,True,True,False,[],,"[{""categoryId"":""FOOD_RESTAURANT"",""categoryName"":""음식·맛집"",""score"":0.95}]","[{""categoryId"":""FOOD_RESTAURANT"",""categoryName"":""음식·맛집"",""score"":0.95}]",True,True,True,False,9487.9999
48,TEXT-048,integrated-without-description,integrated,False,1,제주 고기국수 후보,음식·맛집/048-제주 고기국수 후보.txt,FOOD_RESTAURANT,음식·맛집,FOOD_RESTAURANT,True,0.5,FOOD_RESTAURANT,FOOD_RESTAURANT,True,,0,1,True,True,EXACT_CORRECT,False,False,False,False,False,False,True,True,True,True,False,[],,"[{""categoryId"":""FOOD_RESTAURANT"",""categoryName"":""음식·맛집"",""score"":1.0}]","[{""categoryId"":""FOOD_RESTAURANT"",""categoryName"":""음식·맛집"",""score"":1.0}]",True,True,True,False,7543.9839
7,TEXT-007,integrated-without-description,integrated,False,1,텍스트-2026.07.20-1010,취업·커리어/007-텍스트-2026.07.20-1010.txt,CAREER,취업·커리어,LEARNING_KNOWLEDGE,False,0.5,LEARNING_KNOWLEDGE,LEARNING_KNOWLEDGE,False,LEARNING_KNOWLEDGE,1,1,False,False,WRONG_MISSING_GOLD,False,True,False,False,False,False,False,False,False,False,False,[],MISSING_GOLD_CATEGORY,"[{""categoryId"":""LEARNING_KNOWLEDGE"",""categoryName"":""학습·지식"",""score"":1.0}]","[{""categoryId"":""LEARNING_KNOWLEDGE"",""categoryName"":""학습·지식"",""score"":1.0}]",True,True,True,False,8303.9658
8,TEXT-008,integrated-without-description,integrated,False,1,공기업 채용 공고 확인,취업·커리어/008-공기업 채용 공고 확인.txt,CAREER,취업·커리어,CAREER,True,0.5,CAREER,CAREER,True,,0,1,True,True,EXACT_CORRECT,False,False,False,False,False,False,True,True,True,True,False,[],,"[{""categoryId"":""CAREER"",""categoryName"":""취업·커리어"",""score"":0.95}]","[{""categoryId"":""CAREER"",""categoryName"":""취업·커리어"",""score"":0.95}]",True,True,True,False,8738.6838
34,TEXT-034,integrated-without-description,integrated,False,1,백엔드 개발자 채용 공고 확인,취업·커리어/034-백엔드 개발자 채용 공고 확인.txt,CAREER,취업·커리어,CAREER,True,0.5,CAREER,CAREER,True,,0,1,True,True,EXACT_CORRECT,False,False,False,False,False,False,True,True,True,True,False,[],,"[{""categoryId"":""CAREER"",""categoryName"":""취업·커리어"",""score"":0.95}]","[{""categoryId"":""CAREER"",""categoryName"":""취업·커리어"",""score"":0.95}]",True,True,True,False,8124.2369
35,TEXT-035,integrated-without-description,integrated,False,1,텍스트-2026-07-05,취업·커리어/035-텍스트-2026-07-05.txt,CAREER,취업·커리어,CAREER,True,0.5,CAREER,CAREER,True,,0,1,True,True,EXACT_CORRECT,False,False,False,False,False,False,True,True,True,True,False,[],,"[{""categoryId"":""CAREER"",""categoryName"":""취업·커리어"",""score"":1.0}]","[{""categoryId"":""CAREER"",""categoryName"":""취업·커리어"",""score"":1.0}]",True,True,True,False,8017.8366
36,TEXT-036,integrated-without-description,integrated,False,1,자기소개서 수정할 부분,취업·커리어/036-자기소개서 수정할 부분.txt,CAREER,취업·커리어,LEARNING_KNOWLEDGE,False,0.5,LEARNING_KNOWLEDGE|CAREER,LEARNING_KNOWLEDGE|CAREER,True,LEARNING_KNOWLEDGE,1,2,False,True,RELAXED_CORRECT,False,False,False,False,False,False,True,True,False,True,False,[],,"[{""categoryId"":""LEARNING_KNOWLEDGE"",""categoryName"":""학습·지식"",""score"":0.8},{""categoryId"":""CAREER"",""categoryName"":""취업·커리어"",""score"":0.7}]","[{""categoryId"":""LEARNING_KNOWLEDGE"",""categoryName"":""학습·지식"",""score"":0.8},{""categoryId"":""CAREER"",""categoryName"":""취업·커리어"",""score"":0.7}]",True,True,True,False,8350.3532
37,TEXT-037,integrated-without-description,integrated,False,1,이직 전 확인할 조건,취업·커리어/037-이직 전 확인할 조건.txt,CAREER,취업·커리어,CAREER,True,0.5,CAREER,CAREER,True,,0,1,True,True,EXACT_CORRECT,False,False,False,False,False,False,True,True,True,True,False,[],,"[{""categoryId"":""CAREER"",""categoryName"":""취업·커리어"",""score"":1.0}]","[{""categoryId"":""CAREER"",""categoryName"":""취업·커리어"",""score"":1.0}]",True,True,True,False,7609.9851
38,TEXT-038,integrated-without-description,integrated,False,1,포트폴리오 프로젝트 설명 방식,취업·커리어/038-포트폴리오 프로젝트 설명 방식.txt,CAREER,취업·커리어,LEARNING_KNOWLEDGE,False,0.5,LEARNING_KNOWLEDGE|CAREER,LEARNING_KNOWLEDGE|CAREER,True,LEARNING_KNOWLEDGE,1,2,False,True,RELAXED_CORRECT,False,False,False,False,False,False,True,True,False,True,False,[],,"[{""categoryId"":""LEARNING_KNOWLEDGE"",""categoryName"":""학습·지식"",""score"":0.9},{""categoryId"":""CAREER"",""categoryName"":""취업·커리어"",""score"":0.7}]","[{""categoryId"":""LEARNING_KNOWLEDGE"",""categoryName"":""학습·지식"",""score"":0.9},{""categoryId"":""CAREER"",""categoryName"":""취업·커리어"",""score"":0.7}]",True,True,True,False,9926.3548
1,TEXT-001,integrated-without-description,integrated,False,1,텍스트-2026.07.20-0905,학습·지식/001-텍스트-2026.07.20-0905.txt,LEARNING_KNOWLEDGE,학습·지식,SHOPPING_PRODUCT,False,0.5,SHOPPING_PRODUCT|LEARNING_KNOWLEDGE,SHOPPING_PRODUCT|LEARNING_KNOWLEDGE,True,SHOPPING_PRODUCT,1,2,False,True,RELAXED_CORRECT,False,False,False,False,False,False,True,True,False,True,False,[],,"[{""categoryId"":""SHOPPING_PRODUCT"",""categoryName"":""쇼핑·제품"",""score"":0.8},{""categoryId"":""LEARNING_KNOWLEDGE"",""categoryName"":""학습·지식"",""score"":0.7}]","[{""categoryId"":""SHOPPING_PRODUCT"",""categoryName"":""쇼핑·제품"",""score"":0.8},{""categoryId"":""LEARNING_KNOWLEDGE"",""categoryName"":""학습·지식"",""score"":0.7}]",True,True,True,False,10193.3187
2,TEXT-002,integrated-without-description,integrated,False,1,JWT 재발급 구조 정리,학습·지식/002-JWT 재발급 구조 정리.txt,LEARNING_KNOWLEDGE,학습·지식,LEARNING_KNOWLEDGE,True,0.5,LEARNING_KNOWLEDGE,LEARNING_KNOWLEDGE,True,,0,1,True,True,EXACT_CORRECT,False,False,False,False,False,False,True,True,True,True,False,[],,"[{""categoryId"":""LEARNING_KNOWLEDGE"",""categoryName"":""학습·지식"",""score"":0.95}]","[{""categoryId"":""LEARNING_KNOWLEDGE"",""categoryName"":""학습·지식"",""score"":0.95}]",True,True,True,False,9340.8245
3,TEXT-003,integrated-without-description,integrated,False,1,텍스트-2026.07.20-0920,학습·지식/003-텍스트-2026.07.20-0920.txt,LEARNING_KNOWLEDGE,학습·지식,LEARNING_KNOWLEDGE,True,0.5,LEARNING_KNOWLEDGE,LEARNING_KNOWLEDGE,True,,0,1,True,True,EXACT_CORRECT,False,False,False,False,False,False,True,True,True,True,False,[],,"[{""categoryId"":""LEARNING_KNOWLEDGE"",""categoryName"":""학습·지식"",""score"":1.0}]","[{""categoryId"":""LEARNING_KNOWLEDGE"",""categoryName"":""학습·지식"",""score"":1.0}]",True,True,True,False,6628.6411
4,TEXT-004,integrated-without-description,integrated,False,1,SQLD 시험 공부 계획,학습·지식/004-SQLD 시험 공부 계획.txt,LEARNING_KNOWLEDGE,학습·지식,LEARNING_KNOWLEDGE,True,0.5,LEARNING_KNOWLEDGE,LEARNING_KNOWLEDGE,True,,0,1,True,True,EXACT_CORRECT,False,False,False,False,False,False,True,True,True,True,False,[],,"[{""categoryId"":""LEARNING_KNOWLEDGE"",""categoryName"":""학습·지식"",""score"":1.0}]","[{""categoryId"":""LEARNING_KNOWLEDGE"",""categoryName"":""학습·지식"",""score"":1.0}]",True,True,True,False,7781.8092
29,TEXT-029,integrated-without-description,integrated,False,1,Redis 큐에서 작업이 중복될 수 있는 이유,학습·지식/029-Redis 큐에서 작업이 중복될 수 있는 이유.txt,LEARNING_KNOWLEDGE,학습·지식,LEARNING_KNOWLEDGE,True,0.5,LEARNING_KNOWLEDGE,LEARNING_KNOWLEDGE,True,,0,1,True,True,EXACT_CORRECT,False,False,False,False,False,False,True,True,True,True,False,[],,"[{""categoryId"":""LEARNING_KNOWLEDGE"",""categoryName"":""학습·지식"",""score"":0.95}]","[{""categoryId"":""LEARNING_KNOWLEDGE"",""categoryName"":""학습·지식"",""score"":0.95}]",True,True,True,False,7941.0225
30,TEXT-030,integrated-without-description,integrated,False,1,텍스트-2026-07-03,학습·지식/030-텍스트-2026-07-03.txt,LEARNING_KNOWLEDGE,학습·지식,LEARNING_KNOWLEDGE,True,0.5,LEARNING_KNOWLEDGE,LEARNING_KNOWLEDGE,True,,0,1,True,True,EXACT_CORRECT,False,False,False,False,False,False,True,True,True,True,False,[],,"[{""categoryId"":""LEARNING_KNOWLEDGE"",""categoryName"":""학습·지식"",""score"":1.0}]","[{""categoryId"":""LEARNING_KNOWLEDGE"",""categoryName"":""학습·지식"",""score"":1.0}]",True,True,True,False,7090.3731
31,TEXT-031,integrated-without-description,integrated,False,1,사진 촬영에서 조리개의 역할,학습·지식/031-사진 촬영에서 조리개의 역할.txt,LEARNING_KNOWLEDGE,학습·지식,LEARNING_KNOWLEDGE,True,0.5,LEARNING_KNOWLEDGE,LEARNING_KNOWLEDGE,True,,0,1,True,True,EXACT_CORRECT,False,False,False,False,False,False,True,True,True,True,False,[],,"[{""categoryId"":""LEARNING_KNOWLEDGE"",""categoryName"":""학습·지식"",""score"":0.95}]","[{""categoryId"":""LEARNING_KNOWLEDGE"",""categoryName"":""학습·지식"",""score"":0.95}]",True,True,True,False,10126.7195
32,TEXT-032,integrated-without-description,integrated,False,1,전세와 월세의 차이 정리,학습·지식/032-전세와 월세의 차이 정리.txt,LEARNING_KNOWLEDGE,학습·지식,LEARNING_KNOWLEDGE,True,0.5,LEARNING_KNOWLEDGE,LEARNING_KNOWLEDGE,True,,0,1,True,True,EXACT_CORRECT,False,False,False,False,False,False,True,True,True,True,False,[],,"[{""categoryId"":""LEARNING_KNOWLEDGE"",""categoryName"":""학습·지식"",""score"":1.0}]","[{""categoryId"":""LEARNING_KNOWLEDGE"",""categoryName"":""학습·지식"",""score"":1.0}]",True,True,True,False,7480.3522
33,TEXT-033,integrated-without-description,integrated,False,1,좋은 발표 자료의 정보 구조,학습·지식/033-좋은 발표 자료의 정보 구조.txt,LEARNING_KNOWLEDGE,학습·지식,LEARNING_KNOWLEDGE,True,0.5,LEARNING_KNOWLEDGE,LEARNING_KNOWLEDGE,True,,0,1,True,True,EXACT_CORRECT,False,False,False,False,False,False,True,True,True,True,False,[],,"[{""categoryId"":""LEARNING_KNOWLEDGE"",""categoryName"":""학습·지식"",""score"":0.95}]","[{""categoryId"":""LEARNING_KNOWLEDGE"",""categoryName"":""학습·지식"",""score"":0.95}]",True,True,True,False,8366.4652
17,TEXT-017,integrated-without-description,integrated,False,1,텍스트-2026.07.20-1220,건강·운동/017-텍스트-2026.07.20-1220.txt,HEALTH_EXERCISE,건강·운동,HEALTH_EXERCISE,True,0.6,HEALTH_EXERCISE,HEALTH_EXERCISE,True,,0,1,True,True,EXACT_CORRECT,False,False,False,False,False,False,True,True,True,True,False,[],,"[{""categoryId"":""HEALTH_EXERCISE"",""categoryName"":""건강·운동"",""score"":1.0}]","[{""categoryId"":""HEALTH_EXERCISE"",""categoryName"":""건강·운동"",""score"":1.0}]",True,True,True,False,15173.8502
18,TEXT-018,integrated-without-description,integrated,False,1,주 3회 운동 계획,건강·운동/018-주 3회 운동 계획.txt,HEALTH_EXERCISE,건강·운동,HEALTH_EXERCISE,True,0.6,HEALTH_EXERCISE,HEALTH_EXERCISE,True,,0,1,True,True,EXACT_CORRECT,False,False,False,False,False,False,True,True,True,True,False,[],,"[{""categoryId"":""HEALTH_EXERCISE"",""categoryName"":""건강·운동"",""score"":1.0}]","[{""categoryId"":""HEALTH_EXERCISE"",""categoryName"":""건강·운동"",""score"":1.0}]",True,True,True,False,7717.7076
54,TEXT-054,integrated-without-description,integrated,False,1,허리 부담을 줄이는 스쿼트 자세,건강·운동/054-허리 부담을 줄이는 스쿼트 자세.txt,HEALTH_EXERCISE,건강·운동,HEALTH_EXERCISE,True,0.6,HEALTH_EXERCISE,HEALTH_EXERCISE,True,,0,1,True,True,EXACT_CORRECT,False,False,False,False,False,False,True,True,True,True,False,[],,"[{""categoryId"":""HEALTH_EXERCISE"",""categoryName"":""건강·운동"",""score"":1.0}]","[{""categoryId"":""HEALTH_EXERCISE"",""categoryName"":""건강·운동"",""score"":1.0}]",True,True,True,False,7667.7136
55,TEXT-055,integrated-without-description,integrated,False,1,텍스트-2026-07-13,건강·운동/055-텍스트-2026-07-13.txt,HEALTH_EXERCISE,건강·운동,HEALTH_EXERCISE,True,0.6,HEALTH_EXERCISE,HEALTH_EXERCISE,True,,0,1,True,True,EXACT_CORRECT,False,False,False,False,False,False,True,True,True,True,False,[],,"[{""categoryId"":""HEALTH_EXERCISE"",""categoryName"":""건강·운동"",""score"":0.9}]","[{""categoryId"":""HEALTH_EXERCISE"",""categoryName"":""건강·운동"",""score"":0.9}]",True,True,True,False,6968.2357
56,TEXT-056,integrated-without-description,integrated,False,1,러닝 초보자 주간 계획,건강·운동/056-러닝 초보자 주간 계획.txt,HEALTH_EXERCISE,건강·운동,HEALTH_EXERCISE,True,0.6,HEALTH_EXERCISE,HEALTH_EXERCISE,True,,0,1,True,True,EXACT_CORRECT,False,False,False,False,False,False,True,True,True,True,False,[],,"[{""categoryId"":""HEALTH_EXERCISE"",""categoryName"":""건강·운동"",""score"":1.0}]","[{""categoryId"":""HEALTH_EXERCISE"",""categoryName"":""건강·운동"",""score"":1.0}]",True,True,True,False,8103.6895
57,TEXT-057,integrated-without-description,integrated,False,1,장시간 앉아 있을 때 스트레칭,건강·운동/057-장시간 앉아 있을 때 스트레칭.txt,HEALTH_EXERCISE,건강·운동,HEALTH_EXERCISE,True,0.6,HEALTH_EXERCISE,HEALTH_EXERCISE,True,,0,1,True,True,EXACT_CORRECT,False,False,False,False,False,False,True,True,True,True,False,[],,"[{""categoryId"":""HEALTH_EXERCISE"",""categoryName"":""건강·운동"",""score"":1.0}]","[{""categoryId"":""HEALTH_EXERCISE"",""categoryName"":""건강·운동"",""score"":1.0}]",True,True,True,False,7431.2774
58,TEXT-058,integrated-without-description,integrated,False,1,운동 후 식사 구성,건강·운동/058-운동 후 식사 구성.txt,HEALTH_EXERCISE,건강·운동,HEALTH_EXERCISE,True,0.6,HEALTH_EXERCISE|FOOD_RESTAURANT,HEALTH_EXERCISE|FOOD_RESTAURANT,True,FOOD_RESTAURANT,1,2,False,True,RELAXED_CORRECT,False,False,False,False,False,False,True,True,False,True,False,[],,"[{""categoryId"":""HEALTH_EXERCISE"",""categoryName"":""건강·운동"",""score"":0.9},{""categoryId"":""FOOD_RESTAURANT"",""categoryName"":""음식·맛집"",""score"":0.6}]","[{""categoryId"":""HEALTH_EXERCISE"",""categoryName"":""건강·운동"",""score"":0.9},{""categoryId"":""FOOD_RESTAURANT"",""categoryName"":""음식·맛집"",""score"":0.6}]",True,True,True,False,9554.6999
21,TEXT-021,integrated-without-description,integrated,False,1,텍스트-2026.07.20-1310,기타/021-텍스트-2026.07.20-1310.txt,OTHER,기타,LEARNING_KNOWLEDGE,False,0.6,LEARNING_KNOWLEDGE|CAREER,LEARNING_KNOWLEDGE|CAREER,False,CAREER|LEARNING_KNOWLEDGE,2,2,False,False,WRONG_MISSING_GOLD,False,True,False,False,False,False,False,False,False,False,False,[],MISSING_GOLD_CATEGORY,"[{""categoryId"":""LEARNING_KNOWLEDGE"",""categoryName"":""학습·지식"",""score"":0.8},{""categoryId"":""CAREER"",""categoryName"":""취업·커리어"",""score"":0.6}]","[{""categoryId"":""LEARNING_KNOWLEDGE"",""categoryName"":""학습·지식"",""score"":0.8},{""categoryId"":""CAREER"",""categoryName"":""취업·커리어"",""score"":0.6}]",True,True,True,False,7760.093
22,TEXT-022,integrated-without-description,integrated,False,1,텍스트-2026.07.20-1325,기타/022-텍스트-2026.07.20-1325.txt,OTHER,기타,IDEA_INSPIRATION,False,0.6,IDEA_INSPIRATION,IDEA_INSPIRATION,False,IDEA_INSPIRATION,1,1,False,False,WRONG_MISSING_GOLD,False,True,False,False,False,False,False,False,False,False,False,[],MISSING_GOLD_CATEGORY,"[{""categoryId"":""IDEA_INSPIRATION"",""categoryName"":""아이디어·영감"",""score"":0.8}]","[{""categoryId"":""IDEA_INSPIRATION"",""categoryName"":""아이디어·영감"",""score"":0.8}]",True,True,True,False,7830.6484
74,TEXT-074,integrated-without-description,integrated,False,1,텍스트-2026-07-21,기타/074-텍스트-2026-07-21.txt,OTHER,기타,,False,0.6,,OTHER,False,,0,0,False,False,EMPTY_PREDICTION,False,True,False,True,False,False,False,True,True,True,False,[],MISSING_GOLD_CATEGORY|EMPTY_PREDICTION|FALLBACK_USED,[],[],True,True,True,False,4771.6469
75,TEXT-075,integrated-without-description,integrated,False,1,확인할 문자열,기타/075-확인할 문자열.txt,OTHER,기타,,False,0.6,,OTHER,False,,0,0,False,False,EMPTY_PREDICTION,False,True,False,True,False,False,False,True,True,True,False,[],MISSING_GOLD_CATEGORY|EMPTY_PREDICTION|FALLBACK_USED,[],[],True,True,True,False,3967.0188
76,TEXT-076,integrated-without-description,integrated,False,1,텍스트-2026-07-22,기타/076-텍스트-2026-07-22.txt,OTHER,기타,,False,0.6,,OTHER,False,,0,0,False,False,EMPTY_PREDICTION,False,True,False,True,False,False,False,True,True,True,False,[],MISSING_GOLD_CATEGORY|EMPTY_PREDICTION|FALLBACK_USED,[],[],True,True,True,False,3531.6594
77,TEXT-077,integrated-without-description,integrated,False,1,내용을 확인할 수 없는 링크,기타/077-내용을 확인할 수 없는 링크.txt,OTHER,기타,,False,0.6,,OTHER,False,,0,0,False,False,EMPTY_PREDICTION,False,True,False,True,False,False,False,True,True,True,False,[],MISSING_GOLD_CATEGORY|EMPTY_PREDICTION|FALLBACK_USED,[],[],True,True,True,False,4471.2315
78,TEXT-078,integrated-without-description,integrated,False,1,이미지 추출 실패,기타/078-이미지 추출 실패.txt,OTHER,기타,,False,0.6,,OTHER,False,,0,0,False,False,EMPTY_PREDICTION,False,True,False,True,False,False,False,True,True,True,False,[],MISSING_GOLD_CATEGORY|EMPTY_PREDICTION|FALLBACK_USED,[],[],True,True,True,False,5874.2356
64,TEXT-064,integrated-without-description,integrated,False,1,월급 통장 나누는 방법,돈·재테크/064-월급 통장 나누는 방법.txt,MONEY_FINANCE,돈·재테크,MONEY_FINANCE,True,0.6,MONEY_FINANCE,MONEY_FINANCE,True,,0,1,True,True,EXACT_CORRECT,False,False,False,False,False,False,True,True,True,True,False,[],,"[{""categoryId"":""MONEY_FINANCE"",""categoryName"":""돈·재테크"",""score"":1.0}]","[{""categoryId"":""MONEY_FINANCE"",""categoryName"":""돈·재테크"",""score"":1.0}]",True,True,True,False,6959.0611
65,TEXT-065,integrated-without-description,integrated,False,1,텍스트-2026-07-17,돈·재테크/065-텍스트-2026-07-17.txt,MONEY_FINANCE,돈·재테크,MONEY_FINANCE,True,0.6,MONEY_FINANCE,MONEY_FINANCE,True,,0,1,True,True,EXACT_CORRECT,False,False,False,False,False,False,True,True,True,True,False,[],,"[{""categoryId"":""MONEY_FINANCE"",""categoryName"":""돈·재테크"",""score"":1.0}]","[{""categoryId"":""MONEY_FINANCE"",""categoryName"":""돈·재테크"",""score"":1.0}]",True,True,True,False,6701.0889
66,TEXT-066,integrated-without-description,integrated,False,1,카드 혜택 비교,돈·재테크/066-카드 혜택 비교.txt,MONEY_FINANCE,돈·재테크,MONEY_FINANCE,True,0.6,MONEY_FINANCE|LIFE_TASK,MONEY_FINANCE|LIFE_TASK,True,LIFE_TASK,1,2,False,True,RELAXED_CORRECT,False,False,False,False,False,False,True,True,False,True,False,[],,"[{""categoryId"":""MONEY_FINANCE"",""categoryName"":""돈·재테크"",""score"":0.9},{""categoryId"":""LIFE_TASK"",""categoryName"":""생활·할 일"",""score"":0.7}]","[{""categoryId"":""MONEY_FINANCE"",""categoryName"":""돈·재테크"",""score"":0.9},{""categoryId"":""LIFE_TASK"",""categoryName"":""생활·할 일"",""score"":0.7}]",True,True,True,False,8512.5721
67,TEXT-067,integrated-without-description,integrated,False,1,비상금 규모 정하기,돈·재테크/067-비상금 규모 정하기.txt,MONEY_FINANCE,돈·재테크,MONEY_FINANCE,True,0.6,MONEY_FINANCE,MONEY_FINANCE,True,,0,1,True,True,EXACT_CORRECT,False,False,False,False,False,False,True,True,True,True,False,[],,"[{""categoryId"":""MONEY_FINANCE"",""categoryName"":""돈·재테크"",""score"":1.0}]","[{""categoryId"":""MONEY_FINANCE"",""categoryName"":""돈·재테크"",""score"":1.0}]",True,True,True,False,6859.6857
68,TEXT-068,integrated-without-description,integrated,False,1,보험 가입 전에 확인할 내용,돈·재테크/068-보험 가입 전에 확인할 내용.txt,MONEY_FINANCE,돈·재테크,LEARNING_KNOWLEDGE,False,0.6,LEARNING_KNOWLEDGE,LEARNING_KNOWLEDGE,False,LEARNING_KNOWLEDGE,1,1,False,False,WRONG_MISSING_GOLD,False,True,False,False,False,False,False,False,False,False,False,[],MISSING_GOLD_CATEGORY,"[{""categoryId"":""LEARNING_KNOWLEDGE"",""categoryName"":""학습·지식"",""score"":0.95},{""categoryId"":""CAREER"",""categoryName"":""취업·커리어"",""score"":0.15}]","[{""categoryId"":""LEARNING_KNOWLEDGE"",""categoryName"":""학습·지식"",""score"":0.95},{""categoryId"":""CAREER"",""categoryName"":""취업·커리어"",""score"":0.15}]",True,True,True,False,8912.51
19,TEXT-019,integrated-without-description,integrated,False,1,텍스트-2026.07.20-1245,문화·콘텐츠/019-텍스트-2026.07.20-1245.txt,CULTURE_CONTENT,문화·콘텐츠,LEARNING_KNOWLEDGE,False,0.6,LEARNING_KNOWLEDGE|CULTURE_CONTENT,LEARNING_KNOWLEDGE|CULTURE_CONTENT,True,LEARNING_KNOWLEDGE,1,2,False,True,RELAXED_CORRECT,False,False,False,False,False,False,True,True,False,True,False,[],,"[{""categoryId"":""LEARNING_KNOWLEDGE"",""categoryName"":""학습·지식"",""score"":0.8},{""categoryId"":""CULTURE_CONTENT"",""categoryName"":""문화·콘텐츠"",""score"":0.7}]","[{""categoryId"":""LEARNING_KNOWLEDGE"",""categoryName"":""학습·지식"",""score"":0.8},{""categoryId"":""CULTURE_CONTENT"",""categoryName"":""문화·콘텐츠"",""score"":0.7}]",True,True,True,False,9006.4377
20,TEXT-020,integrated-without-description,integrated,False,1,읽어볼 개발 에세이,문화·콘텐츠/020-읽어볼 개발 에세이.txt,CULTURE_CONTENT,문화·콘텐츠,LEARNING_KNOWLEDGE,False,0.6,LEARNING_KNOWLEDGE|CAREER,LEARNING_KNOWLEDGE|CAREER,False,CAREER|LEARNING_KNOWLEDGE,2,2,False,False,WRONG_MISSING_GOLD,False,True,False,False,False,False,False,False,False,False,False,[],MISSING_GOLD_CATEGORY,"[{""categoryId"":""LEARNING_KNOWLEDGE"",""categoryName"":""학습·지식"",""score"":0.85},{""categoryId"":""CAREER"",""categoryName"":""취업·커리어"",""score"":0.75}]","[{""categoryId"":""LEARNING_KNOWLEDGE"",""categoryName"":""학습·지식"",""score"":0.85},{""categoryId"":""CAREER"",""categoryName"":""취업·커리어"",""score"":0.75}]",True,True,True,False,9286.3787
59,TEXT-059,integrated-without-description,integrated,False,1,주말에 볼 영화 후보,문화·콘텐츠/059-주말에 볼 영화 후보.txt,CULTURE_CONTENT,문화·콘텐츠,CULTURE_CONTENT,True,0.6,CULTURE_CONTENT|IDEA_INSPIRATION,CULTURE_CONTENT|IDEA_INSPIRATION,True,IDEA_INSPIRATION,1,2,False,True,RELAXED_CORRECT,False,False,False,False,False,False,True,True,False,True,False,[],,"[{""categoryId"":""CULTURE_CONTENT"",""categoryName"":""문화·콘텐츠"",""score"":0.8},{""categoryId"":""IDEA_INSPIRATION"",""categoryName"":""아이디어·영감"",""score"":0.6}]","[{""categoryId"":""CULTURE_CONTENT"",""categoryName"":""문화·콘텐츠"",""score"":0.8},{""categoryId"":""IDEA_INSPIRATION"",""categoryName"":""아이디어·영감"",""score"":0.6}]",True,True,True,False,8673.7888
60,TEXT-060,integrated-without-description,integrated,False,1,텍스트-2026-07-15,문화·콘텐츠/060-텍스트-2026-07-15.txt,CULTURE_CONTENT,문화·콘텐츠,LEARNING_KNOWLEDGE,False,0.6,LEARNING_KNOWLEDGE,LEARNING_KNOWLEDGE,False,LEARNING_KNOWLEDGE,1,1,False,False,WRONG_MISSING_GOLD,False,True,False,False,False,False,False,False,False,False,False,[],MISSING_GOLD_CATEGORY,"[{""categoryId"":""LEARNING_KNOWLEDGE"",""categoryName"":""학습·지식"",""score"":1.0}]","[{""categoryId"":""LEARNING_KNOWLEDGE"",""categoryName"":""학습·지식"",""score"":1.0}]",True,True,True,False,6218.6884
61,TEXT-061,integrated-without-description,integrated,False,1,서울 사진전 정보,문화·콘텐츠/061-서울 사진전 정보.txt,CULTURE_CONTENT,문화·콘텐츠,CULTURE_CONTENT,True,0.6,CULTURE_CONTENT,CULTURE_CONTENT,True,,0,1,True,True,EXACT_CORRECT,False,False,False,False,False,False,True,True,True,True,False,[],,"[{""categoryId"":""CULTURE_CONTENT"",""categoryName"":""문화·콘텐츠"",""score"":0.8}]","[{""categoryId"":""CULTURE_CONTENT"",""categoryName"":""문화·콘텐츠"",""score"":0.8}]",True,True,True,False,6565.7213
62,TEXT-062,integrated-without-description,integrated,False,1,출근할 때 들을 음악,문화·콘텐츠/062-출근할 때 들을 음악.txt,CULTURE_CONTENT,문화·콘텐츠,LIFE_TASK,False,0.6,LIFE_TASK,LIFE_TASK,False,LIFE_TASK,1,1,False,False,WRONG_MISSING_GOLD,False,True,True,False,False,False,True,False,False,False,False,[],THRESHOLD_MISS,"[{""categoryId"":""FOOD_RESTAURANT"",""categoryName"":""음식·맛집"",""score"":0.0},{""categoryId"":""MONEY_FINANCE"",""categoryName"":""돈·재테크"",""score"":0.0},{""categoryId"":""CULTURE_CONTENT"",""categoryName"":""문화·콘텐츠"",""score"":0.0},{""categoryId"":""LIFE_TASK"",""categoryName"":""생활·할 일"",""score"":0.8},{""categoryId"":""SHOPPING_PRODUCT"",""categoryName"":""쇼핑·제품"",""score"":0.0},{""categoryId"":""IDEA_INSPIRATION"",""categoryName"":""아이디어·영감"",""score"":0.0}]","[{""categoryId"":""LIFE_TASK"",""categoryName"":""생활·할 일"",""score"":0.8},{""categoryId"":""FOOD_RESTAURANT"",""categoryName"":""음식·맛집"",""score"":0.0},{""categoryId"":""MONEY_FINANCE"",""categoryName"":""돈·재테크"",""score"":0.0},{""categoryId"":""CULTURE_CONTENT"",""categoryName"":""문화·콘텐츠"",""score"":0.0},{""categoryId"":""SHOPPING_PRODUCT"",""categoryName"":""쇼핑·제품"",""score"":0.0},{""categoryId"":""IDEA_INSPIRATION"",""categoryName"":""아이디어·영감"",""score"":0.0}]",True,True,True,False,13458.5934
63,TEXT-063,integrated-without-description,integrated,False,1,웹툰 추천 목록,문화·콘텐츠/063-웹툰 추천 목록.txt,CULTURE_CONTENT,문화·콘텐츠,LEARNING_KNOWLEDGE,False,0.6,LEARNING_KNOWLEDGE|CULTURE_CONTENT,LEARNING_KNOWLEDGE|CULTURE_CONTENT,True,LEARNING_KNOWLEDGE,1,2,False,True,RELAXED_CORRECT,False,False,False,False,False,False,True,True,False,True,False,[],,"[{""categoryId"":""LEARNING_KNOWLEDGE"",""categoryName"":""학습·지식"",""score"":0.8},{""categoryId"":""CULTURE_CONTENT"",""categoryName"":""문화·콘텐츠"",""score"":0.7}]","[{""categoryId"":""LEARNING_KNOWLEDGE"",""categoryName"":""학습·지식"",""score"":0.8},{""categoryId"":""CULTURE_CONTENT"",""categoryName"":""문화·콘텐츠"",""score"":0.7}]",True,True,True,False,8211.1178
6,TEXT-006,integrated-without-description,integrated,False,1,1주차 백로그 정리,생활·할 일/006-1주차 백로그 정리.txt,LIFE_TASK,생활·할 일,LIFE_TASK,True,0.6,LIFE_TASK,LIFE_TASK,True,,0,1,True,True,EXACT_CORRECT,False,False,False,False,False,False,True,True,True,True,False,[],,"[{""categoryId"":""LIFE_TASK"",""categoryName"":""생활·할 일"",""score"":1.0}]","[{""categoryId"":""LIFE_TASK"",""categoryName"":""생활·할 일"",""score"":1.0}]",True,True,True,False,8179.4093
9,TEXT-009,integrated-without-description,integrated,False,1,텍스트-2026.07.20-1035,생활·할 일/009-텍스트-2026.07.20-1035.txt,LIFE_TASK,생활·할 일,LIFE_TASK,True,0.6,LIFE_TASK,LIFE_TASK,True,,0,1,True,True,EXACT_CORRECT,False,False,False,False,False,False,True,True,True,True,False,[],,"[{""categoryId"":""LIFE_TASK"",""categoryName"":""생활·할 일"",""score"":1.0}]","[{""categoryId"":""LIFE_TASK"",""categoryName"":""생활·할 일"",""score"":1.0}]",True,True,True,False,7495.3913
10,TEXT-010,integrated-without-description,integrated,False,1,주말 방 정리 계획,생활·할 일/010-주말 방 정리 계획.txt,LIFE_TASK,생활·할 일,LIFE_TASK,True,0.6,LIFE_TASK,LIFE_TASK,True,,0,1,True,True,EXACT_CORRECT,False,False,False,False,False,False,True,True,True,True,False,[],,"[{""categoryId"":""LIFE_TASK"",""categoryName"":""생활·할 일"",""score"":1.0}]","[{""categoryId"":""LIFE_TASK"",""categoryName"":""생활·할 일"",""score"":1.0}]",True,True,True,False,8364.4445
24,TEXT-024,integrated-without-description,integrated,False,1,이사 전날 확인할 목록,생활·할 일/024-이사 전날 확인할 목록.txt,LIFE_TASK,생활·할 일,LIFE_TASK,True,0.6,LIFE_TASK,LIFE_TASK,True,,0,1,True,True,EXACT_CORRECT,False,False,False,False,False,False,True,True,True,True,False,[],,"[{""categoryId"":""LIFE_TASK"",""categoryName"":""생활·할 일"",""score"":1.0}]","[{""categoryId"":""LIFE_TASK"",""categoryName"":""생활·할 일"",""score"":1.0}]",True,True,True,False,8120.4651
25,TEXT-025,integrated-without-description,integrated,False,1,텍스트-2026-07-01,생활·할 일/025-텍스트-2026-07-01.txt,LIFE_TASK,생활·할 일,LIFE_TASK,True,0.6,LIFE_TASK,LIFE_TASK,True,,0,1,True,True,EXACT_CORRECT,False,False,False,False,False,False,True,True,True,True,False,[],,"[{""categoryId"":""LIFE_TASK"",""categoryName"":""생활·할 일"",""score"":1.0}]","[{""categoryId"":""LIFE_TASK"",""categoryName"":""생활·할 일"",""score"":1.0}]",True,True,True,False,7528.2241
26,TEXT-026,integrated-without-description,integrated,False,1,장마철 빨래 냄새 줄이는 방법,생활·할 일/026-장마철 빨래 냄새 줄이는 방법.txt,LIFE_TASK,생활·할 일,LIFE_TASK,True,0.6,LIFE_TASK,LIFE_TASK,True,,0,1,True,True,EXACT_CORRECT,False,False,False,False,False,False,True,True,True,True,False,[],,"[{""categoryId"":""LIFE_TASK"",""categoryName"":""생활·할 일"",""score"":1.0}]","[{""categoryId"":""LIFE_TASK"",""categoryName"":""생활·할 일"",""score"":1.0}]",True,True,True,False,7115.951
27,TEXT-027,integrated-without-description,integrated,False,1,다음 주 일정 메모,생활·할 일/027-다음 주 일정 메모.txt,LIFE_TASK,생활·할 일,LIFE_TASK,True,0.6,LIFE_TASK,LIFE_TASK,True,,0,1,True,True,EXACT_CORRECT,False,False,False,False,False,False,True,True,True,True,False,[],,"[{""categoryId"":""LIFE_TASK"",""categoryName"":""생활·할 일"",""score"":1.0}]","[{""categoryId"":""LIFE_TASK"",""categoryName"":""생활·할 일"",""score"":1.0}]",True,True,True,False,6179.9371
28,TEXT-028,integrated-without-description,integrated,False,1,공과금 자동이체 변경 순서,생활·할 일/028-공과금 자동이체 변경 순서.txt,LIFE_TASK,생활·할 일,LIFE_TASK,True,0.6,LIFE_TASK,LIFE_TASK,True,,0,1,True,True,EXACT_CORRECT,False,False,False,False,False,False,True,True,True,True,False,[],,"[{""categoryId"":""LIFE_TASK"",""categoryName"":""생활·할 일"",""score"":1.0}]","[{""categoryId"":""LIFE_TASK"",""categoryName"":""생활·할 일"",""score"":1.0}]",True,True,True,False,7608.9723
23,TEXT-023,integrated-without-description,integrated,False,1,기숙사 준비물,생활·할 일/기숙사 준비물.txt,LIFE_TASK,생활·할 일,LIFE_TASK,True,0.6,LIFE_TASK,LIFE_TASK,True,,0,1,True,True,EXACT_CORRECT,False,False,False,False,False,False,True,True,True,True,False,[],,"[{""categoryId"":""LIFE_TASK"",""categoryName"":""생활·할 일"",""score"":1.0}]","[{""categoryId"":""LIFE_TASK"",""categoryName"":""생활·할 일"",""score"":1.0}]",True,True,True,False,7158.3189
11,TEXT-011,integrated-without-description,integrated,False,1,텍스트-2026.07.20-1100,쇼핑·제품/011-텍스트-2026.07.20-1100.txt,SHOPPING_PRODUCT,쇼핑·제품,SHOPPING_PRODUCT,True,0.6,SHOPPING_PRODUCT|CAREER|LEARNING_KNOWLEDGE,SHOPPING_PRODUCT|CAREER,True,CAREER|LEARNING_KNOWLEDGE,2,3,False,False,WRONG_OVER_PREDICTION,True,False,False,False,False,True,True,True,False,True,False,[],OVER_PREDICTION,"[{""categoryId"":""SHOPPING_PRODUCT"",""categoryName"":""쇼핑·제품"",""score"":0.95},{""categoryId"":""CAREER"",""categoryName"":""취업·커리어"",""score"":0.85},{""categoryId"":""LEARNING_KNOWLEDGE"",""categoryName"":""학습·지식"",""score"":0.75}]","[{""categoryId"":""SHOPPING_PRODUCT"",""categoryName"":""쇼핑·제품"",""score"":0.95},{""categoryId"":""CAREER"",""categoryName"":""취업·커리어"",""score"":0.85},{""categoryId"":""LEARNING_KNOWLEDGE"",""categoryName"":""학습·지식"",""score"":0.75}]",True,True,True,False,10908.9043
12,TEXT-012,integrated-without-description,integrated,False,1,무선 키보드 구매 후보,쇼핑·제품/012-무선 키보드 구매 후보.txt,SHOPPING_PRODUCT,쇼핑·제품,SHOPPING_PRODUCT,True,0.6,SHOPPING_PRODUCT|CAREER,SHOPPING_PRODUCT|CAREER,True,CAREER,1,2,False,True,RELAXED_CORRECT,False,False,False,False,False,False,True,True,False,True,False,[],,"[{""categoryId"":""SHOPPING_PRODUCT"",""categoryName"":""쇼핑·제품"",""score"":0.9},{""categoryId"":""CAREER"",""categoryName"":""취업·커리어"",""score"":0.6}]","[{""categoryId"":""SHOPPING_PRODUCT"",""categoryName"":""쇼핑·제품"",""score"":0.9},{""categoryId"":""CAREER"",""categoryName"":""취업·커리어"",""score"":0.6}]",True,True,True,False,10033.7437
49,TEXT-049,integrated-without-description,integrated,False,1,무선 키보드 비교,쇼핑·제품/049-무선 키보드 비교.txt,SHOPPING_PRODUCT,쇼핑·제품,SHOPPING_PRODUCT,True,0.6,SHOPPING_PRODUCT|LEARNING_KNOWLEDGE,SHOPPING_PRODUCT|LEARNING_KNOWLEDGE,True,LEARNING_KNOWLEDGE,1,2,False,True,RELAXED_CORRECT,False,False,False,False,False,False,True,True,False,True,False,[],,"[{""categoryId"":""SHOPPING_PRODUCT"",""categoryName"":""쇼핑·제품"",""score"":0.9},{""categoryId"":""LEARNING_KNOWLEDGE"",""categoryName"":""학습·지식"",""score"":0.6}]","[{""categoryId"":""SHOPPING_PRODUCT"",""categoryName"":""쇼핑·제품"",""score"":0.9},{""categoryId"":""LEARNING_KNOWLEDGE"",""categoryName"":""학습·지식"",""score"":0.6}]",True,True,True,False,10345.7986
50,TEXT-050,integrated-without-description,integrated,False,1,텍스트-2026-07-11,쇼핑·제품/050-텍스트-2026-07-11.txt,SHOPPING_PRODUCT,쇼핑·제품,SHOPPING_PRODUCT,True,0.6,SHOPPING_PRODUCT,SHOPPING_PRODUCT,True,,0,1,True,True,EXACT_CORRECT,False,False,False,False,False,False,True,True,True,True,False,[],,"[{""categoryId"":""SHOPPING_PRODUCT"",""categoryName"":""쇼핑·제품"",""score"":0.9}]","[{""categoryId"":""SHOPPING_PRODUCT"",""categoryName"":""쇼핑·제품"",""score"":0.9}]",True,True,True,False,7051.7727
51,TEXT-051,integrated-without-description,integrated,False,1,로봇청소기 구매 후보,쇼핑·제품/051-로봇청소기 구매 후보.txt,SHOPPING_PRODUCT,쇼핑·제품,SHOPPING_PRODUCT,True,0.6,SHOPPING_PRODUCT,SHOPPING_PRODUCT,True,,0,1,True,True,EXACT_CORRECT,False,False,False,False,False,False,True,True,True,True,False,[],,"[{""categoryId"":""SHOPPING_PRODUCT"",""categoryName"":""쇼핑·제품"",""score"":0.95}]","[{""categoryId"":""SHOPPING_PRODUCT"",""categoryName"":""쇼핑·제품"",""score"":0.95}]",True,True,True,False,8300.8516
52,TEXT-052,integrated-without-description,integrated,False,1,여행용 보조배터리 확인 사항,쇼핑·제품/052-여행용 보조배터리 확인 사항.txt,SHOPPING_PRODUCT,쇼핑·제품,SHOPPING_PRODUCT,True,0.6,SHOPPING_PRODUCT|TRAVEL_PLACE,SHOPPING_PRODUCT|TRAVEL_PLACE,True,TRAVEL_PLACE,1,2,False,True,RELAXED_CORRECT,False,False,False,False,False,False,True,True,False,True,False,[],,"[{""categoryId"":""SHOPPING_PRODUCT"",""categoryName"":""쇼핑·제품"",""score"":0.8},{""categoryId"":""TRAVEL_PLACE"",""categoryName"":""여행·장소"",""score"":0.6}]","[{""categoryId"":""SHOPPING_PRODUCT"",""categoryName"":""쇼핑·제품"",""score"":0.8},{""categoryId"":""TRAVEL_PLACE"",""categoryName"":""여행·장소"",""score"":0.6}]",True,True,True,False,9370.5281
53,TEXT-053,integrated-without-description,integrated,False,1,부모님 선물용 마사지기 후기,쇼핑·제품/053-부모님 선물용 마사지기 후기.txt,SHOPPING_PRODUCT,쇼핑·제품,SHOPPING_PRODUCT,True,0.6,SHOPPING_PRODUCT,SHOPPING_PRODUCT,True,,0,1,True,True,EXACT_CORRECT,False,False,False,False,False,False,True,True,True,True,False,[],,"[{""categoryId"":""SHOPPING_PRODUCT"",""categoryName"":""쇼핑·제품"",""score"":0.8}]","[{""categoryId"":""SHOPPING_PRODUCT"",""categoryName"":""쇼핑·제품"",""score"":0.8}]",True,True,True,False,8164.9685
5,TEXT-005,integrated-without-description,integrated,False,1,텍스트-2026.07.20-0940,아이디어·영감/005-텍스트-2026.07.20-0940.txt,IDEA_INSPIRATION,아이디어·영감,LEARNING_KNOWLEDGE,False,0.6,LEARNING_KNOWLEDGE,LEARNING_KNOWLEDGE,False,LEARNING_KNOWLEDGE,1,1,False,False,WRONG_MISSING_GOLD,False,True,False,False,False,False,False,False,False,False,False,[],MISSING_GOLD_CATEGORY,"[{""categoryId"":""LEARNING_KNOWLEDGE"",""categoryName"":""학습·지식"",""score"":0.95}]","[{""categoryId"":""LEARNING_KNOWLEDGE"",""categoryName"":""학습·지식"",""score"":0.95}]",True,True,True,False,9495.3137
69,TEXT-069,integrated-without-description,integrated,False,1,앱 첫 화면 디자인 참고,아이디어·영감/069-앱 첫 화면 디자인 참고.txt,IDEA_INSPIRATION,아이디어·영감,IDEA_INSPIRATION,True,0.6,IDEA_INSPIRATION,IDEA_INSPIRATION,True,,0,1,True,True,EXACT_CORRECT,False,False,False,False,False,False,True,True,True,True,False,[],,"[{""categoryId"":""IDEA_INSPIRATION"",""categoryName"":""아이디어·영감"",""score"":0.8}]","[{""categoryId"":""IDEA_INSPIRATION"",""categoryName"":""아이디어·영감"",""score"":0.8}]",True,True,True,False,7901.2782
70,TEXT-070,integrated-without-description,integrated,False,1,텍스트-2026-07-19,아이디어·영감/070-텍스트-2026-07-19.txt,IDEA_INSPIRATION,아이디어·영감,LEARNING_KNOWLEDGE,False,0.6,LEARNING_KNOWLEDGE,LEARNING_KNOWLEDGE,False,LEARNING_KNOWLEDGE,1,1,False,False,WRONG_MISSING_GOLD,False,True,False,False,False,False,False,False,False,False,False,[],MISSING_GOLD_CATEGORY,"[{""categoryId"":""LEARNING_KNOWLEDGE"",""categoryName"":""학습·지식"",""score"":0.85}]","[{""categoryId"":""LEARNING_KNOWLEDGE"",""categoryName"":""학습·지식"",""score"":0.85}]",True,True,True,False,7104.4125
71,TEXT-071,integrated-without-description,integrated,False,1,방 꾸미기 참고 이미지,아이디어·영감/071-방 꾸미기 참고 이미지.txt,IDEA_INSPIRATION,아이디어·영감,LIFE_TASK,False,0.6,LIFE_TASK|CULTURE_CONTENT,LIFE_TASK|CULTURE_CONTENT,False,CULTURE_CONTENT|LIFE_TASK,2,2,False,False,WRONG_MISSING_GOLD,False,True,False,False,False,False,False,False,False,False,False,[],MISSING_GOLD_CATEGORY,"[{""categoryId"":""LIFE_TASK"",""categoryName"":""생활·할 일"",""score"":0.85},{""categoryId"":""CULTURE_CONTENT"",""categoryName"":""문화·콘텐츠"",""score"":0.65}]","[{""categoryId"":""LIFE_TASK"",""categoryName"":""생활·할 일"",""score"":0.85},{""categoryId"":""CULTURE_CONTENT"",""categoryName"":""문화·콘텐츠"",""score"":0.65}]",True,True,True,False,9101.5621
72,TEXT-072,integrated-without-description,integrated,False,1,숏폼 콘텐츠 구성 방식,아이디어·영감/072-숏폼 콘텐츠 구성 방식.txt,IDEA_INSPIRATION,아이디어·영감,LEARNING_KNOWLEDGE,False,0.6,LEARNING_KNOWLEDGE|IDEA_INSPIRATION,LEARNING_KNOWLEDGE|IDEA_INSPIRATION,True,LEARNING_KNOWLEDGE,1,2,False,True,RELAXED_CORRECT,False,False,False,False,False,False,True,True,False,True,False,[],,"[{""categoryId"":""LEARNING_KNOWLEDGE"",""categoryName"":""학습·지식"",""score"":0.95},{""categoryId"":""IDEA_INSPIRATION"",""categoryName"":""아이디어·영감"",""score"":0.85}]","[{""categoryId"":""LEARNING_KNOWLEDGE"",""categoryName"":""학습·지식"",""score"":0.95},{""categoryId"":""IDEA_INSPIRATION"",""categoryName"":""아이디어·영감"",""score"":0.85}]",True,True,True,False,9457.5641
73,TEXT-073,integrated-without-description,integrated,False,1,사진 구도 참고,아이디어·영감/073-사진 구도 참고.txt,IDEA_INSPIRATION,아이디어·영감,IDEA_INSPIRATION,True,0.6,IDEA_INSPIRATION|TRAVEL_PLACE,IDEA_INSPIRATION|TRAVEL_PLACE,True,TRAVEL_PLACE,1,2,False,True,RELAXED_CORRECT,False,False,False,False,False,False,True,True,False,True,False,[],,"[{""categoryId"":""IDEA_INSPIRATION"",""categoryName"":""아이디어·영감"",""score"":0.8},{""categoryId"":""TRAVEL_PLACE"",""categoryName"":""여행·장소"",""score"":0.6}]","[{""categoryId"":""IDEA_INSPIRATION"",""categoryName"":""아이디어·영감"",""score"":0.8},{""categoryId"":""TRAVEL_PLACE"",""categoryName"":""여행·장소"",""score"":0.6}]",True,True,True,False,8520.8104
15,TEXT-015,integrated-without-description,integrated,False,1,텍스트-2026.07.20-1150,여행·장소/015-텍스트-2026.07.20-1150.txt,TRAVEL_PLACE,여행·장소,TRAVEL_PLACE,True,0.6,TRAVEL_PLACE,TRAVEL_PLACE,True,,0,1,True,True,EXACT_CORRECT,False,False,False,False,False,False,True,True,True,True,False,[],,"[{""categoryId"":""TRAVEL_PLACE"",""categoryName"":""여행·장소"",""score"":0.95}]","[{""categoryId"":""TRAVEL_PLACE"",""categoryName"":""여행·장소"",""score"":0.95}]",True,True,True,False,10852.7688
16,TEXT-016,integrated-without-description,integrated,False,1,서울 전시회 방문 후보,여행·장소/016-서울 전시회 방문 후보.txt,TRAVEL_PLACE,여행·장소,TRAVEL_PLACE,True,0.6,TRAVEL_PLACE,TRAVEL_PLACE,True,,0,1,True,True,EXACT_CORRECT,False,False,False,False,False,False,True,True,True,True,False,[],,"[{""categoryId"":""TRAVEL_PLACE"",""categoryName"":""여행·장소"",""score"":0.95}]","[{""categoryId"":""TRAVEL_PLACE"",""categoryName"":""여행·장소"",""score"":0.95}]",True,True,True,False,9609.8655
39,TEXT-039,integrated-without-description,integrated,False,1,부산에서 일몰 보기 좋은 곳,여행·장소/039-부산에서 일몰 보기 좋은 곳.txt,TRAVEL_PLACE,여행·장소,TRAVEL_PLACE,True,0.6,TRAVEL_PLACE,TRAVEL_PLACE,True,,0,1,True,True,EXACT_CORRECT,False,False,False,False,False,False,True,True,True,True,False,[],,"[{""categoryId"":""TRAVEL_PLACE"",""categoryName"":""여행·장소"",""score"":0.95},{""categoryId"":""LIFE_TASK"",""categoryName"":""생활·할 일"",""score"":0.05}]","[{""categoryId"":""TRAVEL_PLACE"",""categoryName"":""여행·장소"",""score"":0.95},{""categoryId"":""LIFE_TASK"",""categoryName"":""생활·할 일"",""score"":0.05}]",True,True,True,False,8931.4611
40,TEXT-040,integrated-without-description,integrated,False,1,텍스트-2026-07-07,여행·장소/040-텍스트-2026-07-07.txt,TRAVEL_PLACE,여행·장소,TRAVEL_PLACE,True,0.6,TRAVEL_PLACE,TRAVEL_PLACE,True,,0,1,True,True,EXACT_CORRECT,False,False,False,False,False,False,True,True,True,True,False,[],,"[{""categoryId"":""TRAVEL_PLACE"",""categoryName"":""여행·장소"",""score"":0.9}]","[{""categoryId"":""TRAVEL_PLACE"",""categoryName"":""여행·장소"",""score"":0.9}]",True,True,True,False,6831.268
41,TEXT-041,integrated-without-description,integrated,False,1,교토 버스 이용 팁,여행·장소/041-교토 버스 이용 팁.txt,TRAVEL_PLACE,여행·장소,LIFE_TASK,False,0.6,LIFE_TASK,LIFE_TASK,False,LIFE_TASK,1,1,False,False,WRONG_MISSING_GOLD,False,True,False,False,False,False,False,False,False,False,False,[],MISSING_GOLD_CATEGORY,"[{""categoryId"":""LIFE_TASK"",""categoryName"":""생활·할 일"",""score"":0.95}]","[{""categoryId"":""LIFE_TASK"",""categoryName"":""생활·할 일"",""score"":0.95}]",True,True,True,False,6439.6344
42,TEXT-042,integrated-without-description,integrated,False,1,비 오는 날 서울에서 갈 곳,여행·장소/042-비 오는 날 서울에서 갈 곳.txt,TRAVEL_PLACE,여행·장소,CULTURE_CONTENT,False,0.6,CULTURE_CONTENT|TRAVEL_PLACE,CULTURE_CONTENT|TRAVEL_PLACE,True,CULTURE_CONTENT,1,2,False,True,RELAXED_CORRECT,False,False,False,False,False,False,True,True,False,True,False,[],,"[{""categoryId"":""CULTURE_CONTENT"",""categoryName"":""문화·콘텐츠"",""score"":0.8},{""categoryId"":""TRAVEL_PLACE"",""categoryName"":""여행·장소"",""score"":0.7}]","[{""categoryId"":""CULTURE_CONTENT"",""categoryName"":""문화·콘텐츠"",""score"":0.8},{""categoryId"":""TRAVEL_PLACE"",""categoryName"":""여행·장소"",""score"":0.7}]",True,True,True,False,8280.0704
43,TEXT-043,integrated-without-description,integrated,False,1,숙소 예약 전에 확인할 내용,여행·장소/043-숙소 예약 전에 확인할 내용.txt,TRAVEL_PLACE,여행·장소,LIFE_TASK,False,0.6,LIFE_TASK,LIFE_TASK,False,LIFE_TASK,1,1,False,False,WRONG_MISSING_GOLD,False,True,False,False,False,False,False,False,False,False,False,[],MISSING_GOLD_CATEGORY,"[{""categoryId"":""LIFE_TASK"",""categoryName"":""생활·할 일"",""score"":1.0}]","[{""categoryId"":""LIFE_TASK"",""categoryName"":""생활·할 일"",""score"":1.0}]",True,True,True,False,7511.6466
13,TEXT-013,integrated-without-description,integrated,False,1,텍스트-2026.07.20-1125,음식·맛집/013-텍스트-2026.07.20-1125.txt,FOOD_RESTAURANT,음식·맛집,FOOD_RESTAURANT,True,0.6,FOOD_RESTAURANT,FOOD_RESTAURANT,True,,0,1,True,True,EXACT_CORRECT,False,False,False,False,False,False,True,True,True,True,False,[],,"[{""categoryId"":""FOOD_RESTAURANT"",""categoryName"":""음식·맛집"",""score"":1.0}]","[{""categoryId"":""FOOD_RESTAURANT"",""categoryName"":""음식·맛집"",""score"":1.0}]",True,True,True,False,8341.7164
14,TEXT-014,integrated-without-description,integrated,False,1,닭가슴살 볶음밥 레시피,음식·맛집/014-닭가슴살 볶음밥 레시피.txt,FOOD_RESTAURANT,음식·맛집,LEARNING_KNOWLEDGE,False,0.6,LEARNING_KNOWLEDGE,LEARNING_KNOWLEDGE,False,LEARNING_KNOWLEDGE,1,1,False,False,WRONG_MISSING_GOLD,False,True,False,False,False,False,False,False,False,False,False,[],MISSING_GOLD_CATEGORY,"[{""categoryId"":""LEARNING_KNOWLEDGE"",""categoryName"":""학습·지식"",""score"":0.95}]","[{""categoryId"":""LEARNING_KNOWLEDGE"",""categoryName"":""학습·지식"",""score"":0.95}]",True,True,True,False,8166.0339
44,TEXT-044,integrated-without-description,integrated,False,1,성수동 파스타 식당,음식·맛집/044-성수동 파스타 식당.txt,FOOD_RESTAURANT,음식·맛집,FOOD_RESTAURANT,True,0.6,FOOD_RESTAURANT,FOOD_RESTAURANT,True,,0,1,True,True,EXACT_CORRECT,False,False,False,False,False,False,True,True,True,True,False,[],,"[{""categoryId"":""FOOD_RESTAURANT"",""categoryName"":""음식·맛집"",""score"":1.0}]","[{""categoryId"":""FOOD_RESTAURANT"",""categoryName"":""음식·맛집"",""score"":1.0}]",True,True,True,False,8371.1253
45,TEXT-045,integrated-without-description,integrated,False,1,텍스트-2026-07-09,음식·맛집/045-텍스트-2026-07-09.txt,FOOD_RESTAURANT,음식·맛집,FOOD_RESTAURANT,True,0.6,FOOD_RESTAURANT,FOOD_RESTAURANT,True,,0,1,True,True,EXACT_CORRECT,False,False,False,False,False,False,True,True,True,True,False,[],,"[{""categoryId"":""FOOD_RESTAURANT"",""categoryName"":""음식·맛집"",""score"":1.0}]","[{""categoryId"":""FOOD_RESTAURANT"",""categoryName"":""음식·맛집"",""score"":1.0}]",True,True,True,False,6894.223
46,TEXT-046,integrated-without-description,integrated,False,1,광주에서 늦게까지 하는 카페,음식·맛집/046-광주에서 늦게까지 하는 카페.txt,FOOD_RESTAURANT,음식·맛집,FOOD_RESTAURANT,True,0.6,FOOD_RESTAURANT|LIFE_TASK,FOOD_RESTAURANT|LIFE_TASK,True,LIFE_TASK,1,2,False,True,RELAXED_CORRECT,False,False,False,False,False,False,True,True,False,True,False,[],,"[{""categoryId"":""FOOD_RESTAURANT"",""categoryName"":""음식·맛집"",""score"":0.95},{""categoryId"":""LIFE_TASK"",""categoryName"":""생활·할 일"",""score"":0.85}]","[{""categoryId"":""FOOD_RESTAURANT"",""categoryName"":""음식·맛집"",""score"":0.95},{""categoryId"":""LIFE_TASK"",""categoryName"":""생활·할 일"",""score"":0.85}]",True,True,True,False,9393.9083
47,TEXT-047,integrated-without-description,integrated,False,1,냉동 만두를 바삭하게 굽는 방법,음식·맛집/047-냉동 만두를 바삭하게 굽는 방법.txt,FOOD_RESTAURANT,음식·맛집,FOOD_RESTAURANT,True,0.6,FOOD_RESTAURANT,FOOD_RESTAURANT,True,,0,1,True,True,EXACT_CORRECT,False,False,False,False,False,False,True,True,True,True,False,[],,"[{""categoryId"":""FOOD_RESTAURANT"",""categoryName"":""음식·맛집"",""score"":0.95}]","[{""categoryId"":""FOOD_RESTAURANT"",""categoryName"":""음식·맛집"",""score"":0.95}]",True,True,True,False,9487.9999
48,TEXT-048,integrated-without-description,integrated,False,1,제주 고기국수 후보,음식·맛집/048-제주 고기국수 후보.txt,FOOD_RESTAURANT,음식·맛집,FOOD_RESTAURANT,True,0.6,FOOD_RESTAURANT,FOOD_RESTAURANT,True,,0,1,True,True,EXACT_CORRECT,False,False,False,False,False,False,True,True,True,True,False,[],,"[{""categoryId"":""FOOD_RESTAURANT"",""categoryName"":""음식·맛집"",""score"":1.0}]","[{""categoryId"":""FOOD_RESTAURANT"",""categoryName"":""음식·맛집"",""score"":1.0}]",True,True,True,False,7543.9839
7,TEXT-007,integrated-without-description,integrated,False,1,텍스트-2026.07.20-1010,취업·커리어/007-텍스트-2026.07.20-1010.txt,CAREER,취업·커리어,LEARNING_KNOWLEDGE,False,0.6,LEARNING_KNOWLEDGE,LEARNING_KNOWLEDGE,False,LEARNING_KNOWLEDGE,1,1,False,False,WRONG_MISSING_GOLD,False,True,False,False,False,False,False,False,False,False,False,[],MISSING_GOLD_CATEGORY,"[{""categoryId"":""LEARNING_KNOWLEDGE"",""categoryName"":""학습·지식"",""score"":1.0}]","[{""categoryId"":""LEARNING_KNOWLEDGE"",""categoryName"":""학습·지식"",""score"":1.0}]",True,True,True,False,8303.9658
8,TEXT-008,integrated-without-description,integrated,False,1,공기업 채용 공고 확인,취업·커리어/008-공기업 채용 공고 확인.txt,CAREER,취업·커리어,CAREER,True,0.6,CAREER,CAREER,True,,0,1,True,True,EXACT_CORRECT,False,False,False,False,False,False,True,True,True,True,False,[],,"[{""categoryId"":""CAREER"",""categoryName"":""취업·커리어"",""score"":0.95}]","[{""categoryId"":""CAREER"",""categoryName"":""취업·커리어"",""score"":0.95}]",True,True,True,False,8738.6838
34,TEXT-034,integrated-without-description,integrated,False,1,백엔드 개발자 채용 공고 확인,취업·커리어/034-백엔드 개발자 채용 공고 확인.txt,CAREER,취업·커리어,CAREER,True,0.6,CAREER,CAREER,True,,0,1,True,True,EXACT_CORRECT,False,False,False,False,False,False,True,True,True,True,False,[],,"[{""categoryId"":""CAREER"",""categoryName"":""취업·커리어"",""score"":0.95}]","[{""categoryId"":""CAREER"",""categoryName"":""취업·커리어"",""score"":0.95}]",True,True,True,False,8124.2369
35,TEXT-035,integrated-without-description,integrated,False,1,텍스트-2026-07-05,취업·커리어/035-텍스트-2026-07-05.txt,CAREER,취업·커리어,CAREER,True,0.6,CAREER,CAREER,True,,0,1,True,True,EXACT_CORRECT,False,False,False,False,False,False,True,True,True,True,False,[],,"[{""categoryId"":""CAREER"",""categoryName"":""취업·커리어"",""score"":1.0}]","[{""categoryId"":""CAREER"",""categoryName"":""취업·커리어"",""score"":1.0}]",True,True,True,False,8017.8366
36,TEXT-036,integrated-without-description,integrated,False,1,자기소개서 수정할 부분,취업·커리어/036-자기소개서 수정할 부분.txt,CAREER,취업·커리어,LEARNING_KNOWLEDGE,False,0.6,LEARNING_KNOWLEDGE|CAREER,LEARNING_KNOWLEDGE|CAREER,True,LEARNING_KNOWLEDGE,1,2,False,True,RELAXED_CORRECT,False,False,False,False,False,False,True,True,False,True,False,[],,"[{""categoryId"":""LEARNING_KNOWLEDGE"",""categoryName"":""학습·지식"",""score"":0.8},{""categoryId"":""CAREER"",""categoryName"":""취업·커리어"",""score"":0.7}]","[{""categoryId"":""LEARNING_KNOWLEDGE"",""categoryName"":""학습·지식"",""score"":0.8},{""categoryId"":""CAREER"",""categoryName"":""취업·커리어"",""score"":0.7}]",True,True,True,False,8350.3532
37,TEXT-037,integrated-without-description,integrated,False,1,이직 전 확인할 조건,취업·커리어/037-이직 전 확인할 조건.txt,CAREER,취업·커리어,CAREER,True,0.6,CAREER,CAREER,True,,0,1,True,True,EXACT_CORRECT,False,False,False,False,False,False,True,True,True,True,False,[],,"[{""categoryId"":""CAREER"",""categoryName"":""취업·커리어"",""score"":1.0}]","[{""categoryId"":""CAREER"",""categoryName"":""취업·커리어"",""score"":1.0}]",True,True,True,False,7609.9851
38,TEXT-038,integrated-without-description,integrated,False,1,포트폴리오 프로젝트 설명 방식,취업·커리어/038-포트폴리오 프로젝트 설명 방식.txt,CAREER,취업·커리어,LEARNING_KNOWLEDGE,False,0.6,LEARNING_KNOWLEDGE|CAREER,LEARNING_KNOWLEDGE|CAREER,True,LEARNING_KNOWLEDGE,1,2,False,True,RELAXED_CORRECT,False,False,False,False,False,False,True,True,False,True,False,[],,"[{""categoryId"":""LEARNING_KNOWLEDGE"",""categoryName"":""학습·지식"",""score"":0.9},{""categoryId"":""CAREER"",""categoryName"":""취업·커리어"",""score"":0.7}]","[{""categoryId"":""LEARNING_KNOWLEDGE"",""categoryName"":""학습·지식"",""score"":0.9},{""categoryId"":""CAREER"",""categoryName"":""취업·커리어"",""score"":0.7}]",True,True,True,False,9926.3548
1,TEXT-001,integrated-without-description,integrated,False,1,텍스트-2026.07.20-0905,학습·지식/001-텍스트-2026.07.20-0905.txt,LEARNING_KNOWLEDGE,학습·지식,SHOPPING_PRODUCT,False,0.6,SHOPPING_PRODUCT|LEARNING_KNOWLEDGE,SHOPPING_PRODUCT|LEARNING_KNOWLEDGE,True,SHOPPING_PRODUCT,1,2,False,True,RELAXED_CORRECT,False,False,False,False,False,False,True,True,False,True,False,[],,"[{""categoryId"":""SHOPPING_PRODUCT"",""categoryName"":""쇼핑·제품"",""score"":0.8},{""categoryId"":""LEARNING_KNOWLEDGE"",""categoryName"":""학습·지식"",""score"":0.7}]","[{""categoryId"":""SHOPPING_PRODUCT"",""categoryName"":""쇼핑·제품"",""score"":0.8},{""categoryId"":""LEARNING_KNOWLEDGE"",""categoryName"":""학습·지식"",""score"":0.7}]",True,True,True,False,10193.3187
2,TEXT-002,integrated-without-description,integrated,False,1,JWT 재발급 구조 정리,학습·지식/002-JWT 재발급 구조 정리.txt,LEARNING_KNOWLEDGE,학습·지식,LEARNING_KNOWLEDGE,True,0.6,LEARNING_KNOWLEDGE,LEARNING_KNOWLEDGE,True,,0,1,True,True,EXACT_CORRECT,False,False,False,False,False,False,True,True,True,True,False,[],,"[{""categoryId"":""LEARNING_KNOWLEDGE"",""categoryName"":""학습·지식"",""score"":0.95}]","[{""categoryId"":""LEARNING_KNOWLEDGE"",""categoryName"":""학습·지식"",""score"":0.95}]",True,True,True,False,9340.8245
3,TEXT-003,integrated-without-description,integrated,False,1,텍스트-2026.07.20-0920,학습·지식/003-텍스트-2026.07.20-0920.txt,LEARNING_KNOWLEDGE,학습·지식,LEARNING_KNOWLEDGE,True,0.6,LEARNING_KNOWLEDGE,LEARNING_KNOWLEDGE,True,,0,1,True,True,EXACT_CORRECT,False,False,False,False,False,False,True,True,True,True,False,[],,"[{""categoryId"":""LEARNING_KNOWLEDGE"",""categoryName"":""학습·지식"",""score"":1.0}]","[{""categoryId"":""LEARNING_KNOWLEDGE"",""categoryName"":""학습·지식"",""score"":1.0}]",True,True,True,False,6628.6411
4,TEXT-004,integrated-without-description,integrated,False,1,SQLD 시험 공부 계획,학습·지식/004-SQLD 시험 공부 계획.txt,LEARNING_KNOWLEDGE,학습·지식,LEARNING_KNOWLEDGE,True,0.6,LEARNING_KNOWLEDGE,LEARNING_KNOWLEDGE,True,,0,1,True,True,EXACT_CORRECT,False,False,False,False,False,False,True,True,True,True,False,[],,"[{""categoryId"":""LEARNING_KNOWLEDGE"",""categoryName"":""학습·지식"",""score"":1.0}]","[{""categoryId"":""LEARNING_KNOWLEDGE"",""categoryName"":""학습·지식"",""score"":1.0}]",True,True,True,False,7781.8092
29,TEXT-029,integrated-without-description,integrated,False,1,Redis 큐에서 작업이 중복될 수 있는 이유,학습·지식/029-Redis 큐에서 작업이 중복될 수 있는 이유.txt,LEARNING_KNOWLEDGE,학습·지식,LEARNING_KNOWLEDGE,True,0.6,LEARNING_KNOWLEDGE,LEARNING_KNOWLEDGE,True,,0,1,True,True,EXACT_CORRECT,False,False,False,False,False,False,True,True,True,True,False,[],,"[{""categoryId"":""LEARNING_KNOWLEDGE"",""categoryName"":""학습·지식"",""score"":0.95}]","[{""categoryId"":""LEARNING_KNOWLEDGE"",""categoryName"":""학습·지식"",""score"":0.95}]",True,True,True,False,7941.0225
30,TEXT-030,integrated-without-description,integrated,False,1,텍스트-2026-07-03,학습·지식/030-텍스트-2026-07-03.txt,LEARNING_KNOWLEDGE,학습·지식,LEARNING_KNOWLEDGE,True,0.6,LEARNING_KNOWLEDGE,LEARNING_KNOWLEDGE,True,,0,1,True,True,EXACT_CORRECT,False,False,False,False,False,False,True,True,True,True,False,[],,"[{""categoryId"":""LEARNING_KNOWLEDGE"",""categoryName"":""학습·지식"",""score"":1.0}]","[{""categoryId"":""LEARNING_KNOWLEDGE"",""categoryName"":""학습·지식"",""score"":1.0}]",True,True,True,False,7090.3731
31,TEXT-031,integrated-without-description,integrated,False,1,사진 촬영에서 조리개의 역할,학습·지식/031-사진 촬영에서 조리개의 역할.txt,LEARNING_KNOWLEDGE,학습·지식,LEARNING_KNOWLEDGE,True,0.6,LEARNING_KNOWLEDGE,LEARNING_KNOWLEDGE,True,,0,1,True,True,EXACT_CORRECT,False,False,False,False,False,False,True,True,True,True,False,[],,"[{""categoryId"":""LEARNING_KNOWLEDGE"",""categoryName"":""학습·지식"",""score"":0.95}]","[{""categoryId"":""LEARNING_KNOWLEDGE"",""categoryName"":""학습·지식"",""score"":0.95}]",True,True,True,False,10126.7195
32,TEXT-032,integrated-without-description,integrated,False,1,전세와 월세의 차이 정리,학습·지식/032-전세와 월세의 차이 정리.txt,LEARNING_KNOWLEDGE,학습·지식,LEARNING_KNOWLEDGE,True,0.6,LEARNING_KNOWLEDGE,LEARNING_KNOWLEDGE,True,,0,1,True,True,EXACT_CORRECT,False,False,False,False,False,False,True,True,True,True,False,[],,"[{""categoryId"":""LEARNING_KNOWLEDGE"",""categoryName"":""학습·지식"",""score"":1.0}]","[{""categoryId"":""LEARNING_KNOWLEDGE"",""categoryName"":""학습·지식"",""score"":1.0}]",True,True,True,False,7480.3522
33,TEXT-033,integrated-without-description,integrated,False,1,좋은 발표 자료의 정보 구조,학습·지식/033-좋은 발표 자료의 정보 구조.txt,LEARNING_KNOWLEDGE,학습·지식,LEARNING_KNOWLEDGE,True,0.6,LEARNING_KNOWLEDGE,LEARNING_KNOWLEDGE,True,,0,1,True,True,EXACT_CORRECT,False,False,False,False,False,False,True,True,True,True,False,[],,"[{""categoryId"":""LEARNING_KNOWLEDGE"",""categoryName"":""학습·지식"",""score"":0.95}]","[{""categoryId"":""LEARNING_KNOWLEDGE"",""categoryName"":""학습·지식"",""score"":0.95}]",True,True,True,False,8366.4652
17,TEXT-017,integrated-without-description,integrated,False,1,텍스트-2026.07.20-1220,건강·운동/017-텍스트-2026.07.20-1220.txt,HEALTH_EXERCISE,건강·운동,HEALTH_EXERCISE,True,0.65,HEALTH_EXERCISE,HEALTH_EXERCISE,True,,0,1,True,True,EXACT_CORRECT,False,False,False,False,False,False,True,True,True,True,False,[],,"[{""categoryId"":""HEALTH_EXERCISE"",""categoryName"":""건강·운동"",""score"":1.0}]","[{""categoryId"":""HEALTH_EXERCISE"",""categoryName"":""건강·운동"",""score"":1.0}]",True,True,True,False,15173.8502
18,TEXT-018,integrated-without-description,integrated,False,1,주 3회 운동 계획,건강·운동/018-주 3회 운동 계획.txt,HEALTH_EXERCISE,건강·운동,HEALTH_EXERCISE,True,0.65,HEALTH_EXERCISE,HEALTH_EXERCISE,True,,0,1,True,True,EXACT_CORRECT,False,False,False,False,False,False,True,True,True,True,False,[],,"[{""categoryId"":""HEALTH_EXERCISE"",""categoryName"":""건강·운동"",""score"":1.0}]","[{""categoryId"":""HEALTH_EXERCISE"",""categoryName"":""건강·운동"",""score"":1.0}]",True,True,True,False,7717.7076
54,TEXT-054,integrated-without-description,integrated,False,1,허리 부담을 줄이는 스쿼트 자세,건강·운동/054-허리 부담을 줄이는 스쿼트 자세.txt,HEALTH_EXERCISE,건강·운동,HEALTH_EXERCISE,True,0.65,HEALTH_EXERCISE,HEALTH_EXERCISE,True,,0,1,True,True,EXACT_CORRECT,False,False,False,False,False,False,True,True,True,True,False,[],,"[{""categoryId"":""HEALTH_EXERCISE"",""categoryName"":""건강·운동"",""score"":1.0}]","[{""categoryId"":""HEALTH_EXERCISE"",""categoryName"":""건강·운동"",""score"":1.0}]",True,True,True,False,7667.7136
55,TEXT-055,integrated-without-description,integrated,False,1,텍스트-2026-07-13,건강·운동/055-텍스트-2026-07-13.txt,HEALTH_EXERCISE,건강·운동,HEALTH_EXERCISE,True,0.65,HEALTH_EXERCISE,HEALTH_EXERCISE,True,,0,1,True,True,EXACT_CORRECT,False,False,False,False,False,False,True,True,True,True,False,[],,"[{""categoryId"":""HEALTH_EXERCISE"",""categoryName"":""건강·운동"",""score"":0.9}]","[{""categoryId"":""HEALTH_EXERCISE"",""categoryName"":""건강·운동"",""score"":0.9}]",True,True,True,False,6968.2357
56,TEXT-056,integrated-without-description,integrated,False,1,러닝 초보자 주간 계획,건강·운동/056-러닝 초보자 주간 계획.txt,HEALTH_EXERCISE,건강·운동,HEALTH_EXERCISE,True,0.65,HEALTH_EXERCISE,HEALTH_EXERCISE,True,,0,1,True,True,EXACT_CORRECT,False,False,False,False,False,False,True,True,True,True,False,[],,"[{""categoryId"":""HEALTH_EXERCISE"",""categoryName"":""건강·운동"",""score"":1.0}]","[{""categoryId"":""HEALTH_EXERCISE"",""categoryName"":""건강·운동"",""score"":1.0}]",True,True,True,False,8103.6895
57,TEXT-057,integrated-without-description,integrated,False,1,장시간 앉아 있을 때 스트레칭,건강·운동/057-장시간 앉아 있을 때 스트레칭.txt,HEALTH_EXERCISE,건강·운동,HEALTH_EXERCISE,True,0.65,HEALTH_EXERCISE,HEALTH_EXERCISE,True,,0,1,True,True,EXACT_CORRECT,False,False,False,False,False,False,True,True,True,True,False,[],,"[{""categoryId"":""HEALTH_EXERCISE"",""categoryName"":""건강·운동"",""score"":1.0}]","[{""categoryId"":""HEALTH_EXERCISE"",""categoryName"":""건강·운동"",""score"":1.0}]",True,True,True,False,7431.2774
58,TEXT-058,integrated-without-description,integrated,False,1,운동 후 식사 구성,건강·운동/058-운동 후 식사 구성.txt,HEALTH_EXERCISE,건강·운동,HEALTH_EXERCISE,True,0.65,HEALTH_EXERCISE,HEALTH_EXERCISE,True,,0,1,True,True,EXACT_CORRECT,False,False,False,False,False,False,True,True,True,True,False,[],,"[{""categoryId"":""HEALTH_EXERCISE"",""categoryName"":""건강·운동"",""score"":0.9},{""categoryId"":""FOOD_RESTAURANT"",""categoryName"":""음식·맛집"",""score"":0.6}]","[{""categoryId"":""HEALTH_EXERCISE"",""categoryName"":""건강·운동"",""score"":0.9},{""categoryId"":""FOOD_RESTAURANT"",""categoryName"":""음식·맛집"",""score"":0.6}]",True,True,True,False,9554.6999
21,TEXT-021,integrated-without-description,integrated,False,1,텍스트-2026.07.20-1310,기타/021-텍스트-2026.07.20-1310.txt,OTHER,기타,LEARNING_KNOWLEDGE,False,0.65,LEARNING_KNOWLEDGE,LEARNING_KNOWLEDGE,False,LEARNING_KNOWLEDGE,1,1,False,False,WRONG_MISSING_GOLD,False,True,False,False,False,False,False,False,False,False,False,[],MISSING_GOLD_CATEGORY,"[{""categoryId"":""LEARNING_KNOWLEDGE"",""categoryName"":""학습·지식"",""score"":0.8},{""categoryId"":""CAREER"",""categoryName"":""취업·커리어"",""score"":0.6}]","[{""categoryId"":""LEARNING_KNOWLEDGE"",""categoryName"":""학습·지식"",""score"":0.8},{""categoryId"":""CAREER"",""categoryName"":""취업·커리어"",""score"":0.6}]",True,True,True,False,7760.093
22,TEXT-022,integrated-without-description,integrated,False,1,텍스트-2026.07.20-1325,기타/022-텍스트-2026.07.20-1325.txt,OTHER,기타,IDEA_INSPIRATION,False,0.65,IDEA_INSPIRATION,IDEA_INSPIRATION,False,IDEA_INSPIRATION,1,1,False,False,WRONG_MISSING_GOLD,False,True,False,False,False,False,False,False,False,False,False,[],MISSING_GOLD_CATEGORY,"[{""categoryId"":""IDEA_INSPIRATION"",""categoryName"":""아이디어·영감"",""score"":0.8}]","[{""categoryId"":""IDEA_INSPIRATION"",""categoryName"":""아이디어·영감"",""score"":0.8}]",True,True,True,False,7830.6484
74,TEXT-074,integrated-without-description,integrated,False,1,텍스트-2026-07-21,기타/074-텍스트-2026-07-21.txt,OTHER,기타,,False,0.65,,OTHER,False,,0,0,False,False,EMPTY_PREDICTION,False,True,False,True,False,False,False,True,True,True,False,[],MISSING_GOLD_CATEGORY|EMPTY_PREDICTION|FALLBACK_USED,[],[],True,True,True,False,4771.6469
75,TEXT-075,integrated-without-description,integrated,False,1,확인할 문자열,기타/075-확인할 문자열.txt,OTHER,기타,,False,0.65,,OTHER,False,,0,0,False,False,EMPTY_PREDICTION,False,True,False,True,False,False,False,True,True,True,False,[],MISSING_GOLD_CATEGORY|EMPTY_PREDICTION|FALLBACK_USED,[],[],True,True,True,False,3967.0188
76,TEXT-076,integrated-without-description,integrated,False,1,텍스트-2026-07-22,기타/076-텍스트-2026-07-22.txt,OTHER,기타,,False,0.65,,OTHER,False,,0,0,False,False,EMPTY_PREDICTION,False,True,False,True,False,False,False,True,True,True,False,[],MISSING_GOLD_CATEGORY|EMPTY_PREDICTION|FALLBACK_USED,[],[],True,True,True,False,3531.6594
77,TEXT-077,integrated-without-description,integrated,False,1,내용을 확인할 수 없는 링크,기타/077-내용을 확인할 수 없는 링크.txt,OTHER,기타,,False,0.65,,OTHER,False,,0,0,False,False,EMPTY_PREDICTION,False,True,False,True,False,False,False,True,True,True,False,[],MISSING_GOLD_CATEGORY|EMPTY_PREDICTION|FALLBACK_USED,[],[],True,True,True,False,4471.2315
78,TEXT-078,integrated-without-description,integrated,False,1,이미지 추출 실패,기타/078-이미지 추출 실패.txt,OTHER,기타,,False,0.65,,OTHER,False,,0,0,False,False,EMPTY_PREDICTION,False,True,False,True,False,False,False,True,True,True,False,[],MISSING_GOLD_CATEGORY|EMPTY_PREDICTION|FALLBACK_USED,[],[],True,True,True,False,5874.2356
64,TEXT-064,integrated-without-description,integrated,False,1,월급 통장 나누는 방법,돈·재테크/064-월급 통장 나누는 방법.txt,MONEY_FINANCE,돈·재테크,MONEY_FINANCE,True,0.65,MONEY_FINANCE,MONEY_FINANCE,True,,0,1,True,True,EXACT_CORRECT,False,False,False,False,False,False,True,True,True,True,False,[],,"[{""categoryId"":""MONEY_FINANCE"",""categoryName"":""돈·재테크"",""score"":1.0}]","[{""categoryId"":""MONEY_FINANCE"",""categoryName"":""돈·재테크"",""score"":1.0}]",True,True,True,False,6959.0611
65,TEXT-065,integrated-without-description,integrated,False,1,텍스트-2026-07-17,돈·재테크/065-텍스트-2026-07-17.txt,MONEY_FINANCE,돈·재테크,MONEY_FINANCE,True,0.65,MONEY_FINANCE,MONEY_FINANCE,True,,0,1,True,True,EXACT_CORRECT,False,False,False,False,False,False,True,True,True,True,False,[],,"[{""categoryId"":""MONEY_FINANCE"",""categoryName"":""돈·재테크"",""score"":1.0}]","[{""categoryId"":""MONEY_FINANCE"",""categoryName"":""돈·재테크"",""score"":1.0}]",True,True,True,False,6701.0889
66,TEXT-066,integrated-without-description,integrated,False,1,카드 혜택 비교,돈·재테크/066-카드 혜택 비교.txt,MONEY_FINANCE,돈·재테크,MONEY_FINANCE,True,0.65,MONEY_FINANCE|LIFE_TASK,MONEY_FINANCE|LIFE_TASK,True,LIFE_TASK,1,2,False,True,RELAXED_CORRECT,False,False,False,False,False,False,True,True,False,True,False,[],,"[{""categoryId"":""MONEY_FINANCE"",""categoryName"":""돈·재테크"",""score"":0.9},{""categoryId"":""LIFE_TASK"",""categoryName"":""생활·할 일"",""score"":0.7}]","[{""categoryId"":""MONEY_FINANCE"",""categoryName"":""돈·재테크"",""score"":0.9},{""categoryId"":""LIFE_TASK"",""categoryName"":""생활·할 일"",""score"":0.7}]",True,True,True,False,8512.5721
67,TEXT-067,integrated-without-description,integrated,False,1,비상금 규모 정하기,돈·재테크/067-비상금 규모 정하기.txt,MONEY_FINANCE,돈·재테크,MONEY_FINANCE,True,0.65,MONEY_FINANCE,MONEY_FINANCE,True,,0,1,True,True,EXACT_CORRECT,False,False,False,False,False,False,True,True,True,True,False,[],,"[{""categoryId"":""MONEY_FINANCE"",""categoryName"":""돈·재테크"",""score"":1.0}]","[{""categoryId"":""MONEY_FINANCE"",""categoryName"":""돈·재테크"",""score"":1.0}]",True,True,True,False,6859.6857
68,TEXT-068,integrated-without-description,integrated,False,1,보험 가입 전에 확인할 내용,돈·재테크/068-보험 가입 전에 확인할 내용.txt,MONEY_FINANCE,돈·재테크,LEARNING_KNOWLEDGE,False,0.65,LEARNING_KNOWLEDGE,LEARNING_KNOWLEDGE,False,LEARNING_KNOWLEDGE,1,1,False,False,WRONG_MISSING_GOLD,False,True,False,False,False,False,False,False,False,False,False,[],MISSING_GOLD_CATEGORY,"[{""categoryId"":""LEARNING_KNOWLEDGE"",""categoryName"":""학습·지식"",""score"":0.95},{""categoryId"":""CAREER"",""categoryName"":""취업·커리어"",""score"":0.15}]","[{""categoryId"":""LEARNING_KNOWLEDGE"",""categoryName"":""학습·지식"",""score"":0.95},{""categoryId"":""CAREER"",""categoryName"":""취업·커리어"",""score"":0.15}]",True,True,True,False,8912.51
19,TEXT-019,integrated-without-description,integrated,False,1,텍스트-2026.07.20-1245,문화·콘텐츠/019-텍스트-2026.07.20-1245.txt,CULTURE_CONTENT,문화·콘텐츠,LEARNING_KNOWLEDGE,False,0.65,LEARNING_KNOWLEDGE|CULTURE_CONTENT,LEARNING_KNOWLEDGE|CULTURE_CONTENT,True,LEARNING_KNOWLEDGE,1,2,False,True,RELAXED_CORRECT,False,False,False,False,False,False,True,True,False,True,False,[],,"[{""categoryId"":""LEARNING_KNOWLEDGE"",""categoryName"":""학습·지식"",""score"":0.8},{""categoryId"":""CULTURE_CONTENT"",""categoryName"":""문화·콘텐츠"",""score"":0.7}]","[{""categoryId"":""LEARNING_KNOWLEDGE"",""categoryName"":""학습·지식"",""score"":0.8},{""categoryId"":""CULTURE_CONTENT"",""categoryName"":""문화·콘텐츠"",""score"":0.7}]",True,True,True,False,9006.4377
20,TEXT-020,integrated-without-description,integrated,False,1,읽어볼 개발 에세이,문화·콘텐츠/020-읽어볼 개발 에세이.txt,CULTURE_CONTENT,문화·콘텐츠,LEARNING_KNOWLEDGE,False,0.65,LEARNING_KNOWLEDGE|CAREER,LEARNING_KNOWLEDGE|CAREER,False,CAREER|LEARNING_KNOWLEDGE,2,2,False,False,WRONG_MISSING_GOLD,False,True,False,False,False,False,False,False,False,False,False,[],MISSING_GOLD_CATEGORY,"[{""categoryId"":""LEARNING_KNOWLEDGE"",""categoryName"":""학습·지식"",""score"":0.85},{""categoryId"":""CAREER"",""categoryName"":""취업·커리어"",""score"":0.75}]","[{""categoryId"":""LEARNING_KNOWLEDGE"",""categoryName"":""학습·지식"",""score"":0.85},{""categoryId"":""CAREER"",""categoryName"":""취업·커리어"",""score"":0.75}]",True,True,True,False,9286.3787
59,TEXT-059,integrated-without-description,integrated,False,1,주말에 볼 영화 후보,문화·콘텐츠/059-주말에 볼 영화 후보.txt,CULTURE_CONTENT,문화·콘텐츠,CULTURE_CONTENT,True,0.65,CULTURE_CONTENT,CULTURE_CONTENT,True,,0,1,True,True,EXACT_CORRECT,False,False,False,False,False,False,True,True,True,True,False,[],,"[{""categoryId"":""CULTURE_CONTENT"",""categoryName"":""문화·콘텐츠"",""score"":0.8},{""categoryId"":""IDEA_INSPIRATION"",""categoryName"":""아이디어·영감"",""score"":0.6}]","[{""categoryId"":""CULTURE_CONTENT"",""categoryName"":""문화·콘텐츠"",""score"":0.8},{""categoryId"":""IDEA_INSPIRATION"",""categoryName"":""아이디어·영감"",""score"":0.6}]",True,True,True,False,8673.7888
60,TEXT-060,integrated-without-description,integrated,False,1,텍스트-2026-07-15,문화·콘텐츠/060-텍스트-2026-07-15.txt,CULTURE_CONTENT,문화·콘텐츠,LEARNING_KNOWLEDGE,False,0.65,LEARNING_KNOWLEDGE,LEARNING_KNOWLEDGE,False,LEARNING_KNOWLEDGE,1,1,False,False,WRONG_MISSING_GOLD,False,True,False,False,False,False,False,False,False,False,False,[],MISSING_GOLD_CATEGORY,"[{""categoryId"":""LEARNING_KNOWLEDGE"",""categoryName"":""학습·지식"",""score"":1.0}]","[{""categoryId"":""LEARNING_KNOWLEDGE"",""categoryName"":""학습·지식"",""score"":1.0}]",True,True,True,False,6218.6884
61,TEXT-061,integrated-without-description,integrated,False,1,서울 사진전 정보,문화·콘텐츠/061-서울 사진전 정보.txt,CULTURE_CONTENT,문화·콘텐츠,CULTURE_CONTENT,True,0.65,CULTURE_CONTENT,CULTURE_CONTENT,True,,0,1,True,True,EXACT_CORRECT,False,False,False,False,False,False,True,True,True,True,False,[],,"[{""categoryId"":""CULTURE_CONTENT"",""categoryName"":""문화·콘텐츠"",""score"":0.8}]","[{""categoryId"":""CULTURE_CONTENT"",""categoryName"":""문화·콘텐츠"",""score"":0.8}]",True,True,True,False,6565.7213
62,TEXT-062,integrated-without-description,integrated,False,1,출근할 때 들을 음악,문화·콘텐츠/062-출근할 때 들을 음악.txt,CULTURE_CONTENT,문화·콘텐츠,LIFE_TASK,False,0.65,LIFE_TASK,LIFE_TASK,False,LIFE_TASK,1,1,False,False,WRONG_MISSING_GOLD,False,True,True,False,False,False,True,False,False,False,False,[],THRESHOLD_MISS,"[{""categoryId"":""FOOD_RESTAURANT"",""categoryName"":""음식·맛집"",""score"":0.0},{""categoryId"":""MONEY_FINANCE"",""categoryName"":""돈·재테크"",""score"":0.0},{""categoryId"":""CULTURE_CONTENT"",""categoryName"":""문화·콘텐츠"",""score"":0.0},{""categoryId"":""LIFE_TASK"",""categoryName"":""생활·할 일"",""score"":0.8},{""categoryId"":""SHOPPING_PRODUCT"",""categoryName"":""쇼핑·제품"",""score"":0.0},{""categoryId"":""IDEA_INSPIRATION"",""categoryName"":""아이디어·영감"",""score"":0.0}]","[{""categoryId"":""LIFE_TASK"",""categoryName"":""생활·할 일"",""score"":0.8},{""categoryId"":""FOOD_RESTAURANT"",""categoryName"":""음식·맛집"",""score"":0.0},{""categoryId"":""MONEY_FINANCE"",""categoryName"":""돈·재테크"",""score"":0.0},{""categoryId"":""CULTURE_CONTENT"",""categoryName"":""문화·콘텐츠"",""score"":0.0},{""categoryId"":""SHOPPING_PRODUCT"",""categoryName"":""쇼핑·제품"",""score"":0.0},{""categoryId"":""IDEA_INSPIRATION"",""categoryName"":""아이디어·영감"",""score"":0.0}]",True,True,True,False,13458.5934
63,TEXT-063,integrated-without-description,integrated,False,1,웹툰 추천 목록,문화·콘텐츠/063-웹툰 추천 목록.txt,CULTURE_CONTENT,문화·콘텐츠,LEARNING_KNOWLEDGE,False,0.65,LEARNING_KNOWLEDGE|CULTURE_CONTENT,LEARNING_KNOWLEDGE|CULTURE_CONTENT,True,LEARNING_KNOWLEDGE,1,2,False,True,RELAXED_CORRECT,False,False,False,False,False,False,True,True,False,True,False,[],,"[{""categoryId"":""LEARNING_KNOWLEDGE"",""categoryName"":""학습·지식"",""score"":0.8},{""categoryId"":""CULTURE_CONTENT"",""categoryName"":""문화·콘텐츠"",""score"":0.7}]","[{""categoryId"":""LEARNING_KNOWLEDGE"",""categoryName"":""학습·지식"",""score"":0.8},{""categoryId"":""CULTURE_CONTENT"",""categoryName"":""문화·콘텐츠"",""score"":0.7}]",True,True,True,False,8211.1178
6,TEXT-006,integrated-without-description,integrated,False,1,1주차 백로그 정리,생활·할 일/006-1주차 백로그 정리.txt,LIFE_TASK,생활·할 일,LIFE_TASK,True,0.65,LIFE_TASK,LIFE_TASK,True,,0,1,True,True,EXACT_CORRECT,False,False,False,False,False,False,True,True,True,True,False,[],,"[{""categoryId"":""LIFE_TASK"",""categoryName"":""생활·할 일"",""score"":1.0}]","[{""categoryId"":""LIFE_TASK"",""categoryName"":""생활·할 일"",""score"":1.0}]",True,True,True,False,8179.4093
9,TEXT-009,integrated-without-description,integrated,False,1,텍스트-2026.07.20-1035,생활·할 일/009-텍스트-2026.07.20-1035.txt,LIFE_TASK,생활·할 일,LIFE_TASK,True,0.65,LIFE_TASK,LIFE_TASK,True,,0,1,True,True,EXACT_CORRECT,False,False,False,False,False,False,True,True,True,True,False,[],,"[{""categoryId"":""LIFE_TASK"",""categoryName"":""생활·할 일"",""score"":1.0}]","[{""categoryId"":""LIFE_TASK"",""categoryName"":""생활·할 일"",""score"":1.0}]",True,True,True,False,7495.3913
10,TEXT-010,integrated-without-description,integrated,False,1,주말 방 정리 계획,생활·할 일/010-주말 방 정리 계획.txt,LIFE_TASK,생활·할 일,LIFE_TASK,True,0.65,LIFE_TASK,LIFE_TASK,True,,0,1,True,True,EXACT_CORRECT,False,False,False,False,False,False,True,True,True,True,False,[],,"[{""categoryId"":""LIFE_TASK"",""categoryName"":""생활·할 일"",""score"":1.0}]","[{""categoryId"":""LIFE_TASK"",""categoryName"":""생활·할 일"",""score"":1.0}]",True,True,True,False,8364.4445
24,TEXT-024,integrated-without-description,integrated,False,1,이사 전날 확인할 목록,생활·할 일/024-이사 전날 확인할 목록.txt,LIFE_TASK,생활·할 일,LIFE_TASK,True,0.65,LIFE_TASK,LIFE_TASK,True,,0,1,True,True,EXACT_CORRECT,False,False,False,False,False,False,True,True,True,True,False,[],,"[{""categoryId"":""LIFE_TASK"",""categoryName"":""생활·할 일"",""score"":1.0}]","[{""categoryId"":""LIFE_TASK"",""categoryName"":""생활·할 일"",""score"":1.0}]",True,True,True,False,8120.4651
25,TEXT-025,integrated-without-description,integrated,False,1,텍스트-2026-07-01,생활·할 일/025-텍스트-2026-07-01.txt,LIFE_TASK,생활·할 일,LIFE_TASK,True,0.65,LIFE_TASK,LIFE_TASK,True,,0,1,True,True,EXACT_CORRECT,False,False,False,False,False,False,True,True,True,True,False,[],,"[{""categoryId"":""LIFE_TASK"",""categoryName"":""생활·할 일"",""score"":1.0}]","[{""categoryId"":""LIFE_TASK"",""categoryName"":""생활·할 일"",""score"":1.0}]",True,True,True,False,7528.2241
26,TEXT-026,integrated-without-description,integrated,False,1,장마철 빨래 냄새 줄이는 방법,생활·할 일/026-장마철 빨래 냄새 줄이는 방법.txt,LIFE_TASK,생활·할 일,LIFE_TASK,True,0.65,LIFE_TASK,LIFE_TASK,True,,0,1,True,True,EXACT_CORRECT,False,False,False,False,False,False,True,True,True,True,False,[],,"[{""categoryId"":""LIFE_TASK"",""categoryName"":""생활·할 일"",""score"":1.0}]","[{""categoryId"":""LIFE_TASK"",""categoryName"":""생활·할 일"",""score"":1.0}]",True,True,True,False,7115.951
27,TEXT-027,integrated-without-description,integrated,False,1,다음 주 일정 메모,생활·할 일/027-다음 주 일정 메모.txt,LIFE_TASK,생활·할 일,LIFE_TASK,True,0.65,LIFE_TASK,LIFE_TASK,True,,0,1,True,True,EXACT_CORRECT,False,False,False,False,False,False,True,True,True,True,False,[],,"[{""categoryId"":""LIFE_TASK"",""categoryName"":""생활·할 일"",""score"":1.0}]","[{""categoryId"":""LIFE_TASK"",""categoryName"":""생활·할 일"",""score"":1.0}]",True,True,True,False,6179.9371
28,TEXT-028,integrated-without-description,integrated,False,1,공과금 자동이체 변경 순서,생활·할 일/028-공과금 자동이체 변경 순서.txt,LIFE_TASK,생활·할 일,LIFE_TASK,True,0.65,LIFE_TASK,LIFE_TASK,True,,0,1,True,True,EXACT_CORRECT,False,False,False,False,False,False,True,True,True,True,False,[],,"[{""categoryId"":""LIFE_TASK"",""categoryName"":""생활·할 일"",""score"":1.0}]","[{""categoryId"":""LIFE_TASK"",""categoryName"":""생활·할 일"",""score"":1.0}]",True,True,True,False,7608.9723
23,TEXT-023,integrated-without-description,integrated,False,1,기숙사 준비물,생활·할 일/기숙사 준비물.txt,LIFE_TASK,생활·할 일,LIFE_TASK,True,0.65,LIFE_TASK,LIFE_TASK,True,,0,1,True,True,EXACT_CORRECT,False,False,False,False,False,False,True,True,True,True,False,[],,"[{""categoryId"":""LIFE_TASK"",""categoryName"":""생활·할 일"",""score"":1.0}]","[{""categoryId"":""LIFE_TASK"",""categoryName"":""생활·할 일"",""score"":1.0}]",True,True,True,False,7158.3189
11,TEXT-011,integrated-without-description,integrated,False,1,텍스트-2026.07.20-1100,쇼핑·제품/011-텍스트-2026.07.20-1100.txt,SHOPPING_PRODUCT,쇼핑·제품,SHOPPING_PRODUCT,True,0.65,SHOPPING_PRODUCT|CAREER|LEARNING_KNOWLEDGE,SHOPPING_PRODUCT|CAREER,True,CAREER|LEARNING_KNOWLEDGE,2,3,False,False,WRONG_OVER_PREDICTION,True,False,False,False,False,True,True,True,False,True,False,[],OVER_PREDICTION,"[{""categoryId"":""SHOPPING_PRODUCT"",""categoryName"":""쇼핑·제품"",""score"":0.95},{""categoryId"":""CAREER"",""categoryName"":""취업·커리어"",""score"":0.85},{""categoryId"":""LEARNING_KNOWLEDGE"",""categoryName"":""학습·지식"",""score"":0.75}]","[{""categoryId"":""SHOPPING_PRODUCT"",""categoryName"":""쇼핑·제품"",""score"":0.95},{""categoryId"":""CAREER"",""categoryName"":""취업·커리어"",""score"":0.85},{""categoryId"":""LEARNING_KNOWLEDGE"",""categoryName"":""학습·지식"",""score"":0.75}]",True,True,True,False,10908.9043
12,TEXT-012,integrated-without-description,integrated,False,1,무선 키보드 구매 후보,쇼핑·제품/012-무선 키보드 구매 후보.txt,SHOPPING_PRODUCT,쇼핑·제품,SHOPPING_PRODUCT,True,0.65,SHOPPING_PRODUCT,SHOPPING_PRODUCT,True,,0,1,True,True,EXACT_CORRECT,False,False,False,False,False,False,True,True,True,True,False,[],,"[{""categoryId"":""SHOPPING_PRODUCT"",""categoryName"":""쇼핑·제품"",""score"":0.9},{""categoryId"":""CAREER"",""categoryName"":""취업·커리어"",""score"":0.6}]","[{""categoryId"":""SHOPPING_PRODUCT"",""categoryName"":""쇼핑·제품"",""score"":0.9},{""categoryId"":""CAREER"",""categoryName"":""취업·커리어"",""score"":0.6}]",True,True,True,False,10033.7437
49,TEXT-049,integrated-without-description,integrated,False,1,무선 키보드 비교,쇼핑·제품/049-무선 키보드 비교.txt,SHOPPING_PRODUCT,쇼핑·제품,SHOPPING_PRODUCT,True,0.65,SHOPPING_PRODUCT,SHOPPING_PRODUCT,True,,0,1,True,True,EXACT_CORRECT,False,False,False,False,False,False,True,True,True,True,False,[],,"[{""categoryId"":""SHOPPING_PRODUCT"",""categoryName"":""쇼핑·제품"",""score"":0.9},{""categoryId"":""LEARNING_KNOWLEDGE"",""categoryName"":""학습·지식"",""score"":0.6}]","[{""categoryId"":""SHOPPING_PRODUCT"",""categoryName"":""쇼핑·제품"",""score"":0.9},{""categoryId"":""LEARNING_KNOWLEDGE"",""categoryName"":""학습·지식"",""score"":0.6}]",True,True,True,False,10345.7986
50,TEXT-050,integrated-without-description,integrated,False,1,텍스트-2026-07-11,쇼핑·제품/050-텍스트-2026-07-11.txt,SHOPPING_PRODUCT,쇼핑·제품,SHOPPING_PRODUCT,True,0.65,SHOPPING_PRODUCT,SHOPPING_PRODUCT,True,,0,1,True,True,EXACT_CORRECT,False,False,False,False,False,False,True,True,True,True,False,[],,"[{""categoryId"":""SHOPPING_PRODUCT"",""categoryName"":""쇼핑·제품"",""score"":0.9}]","[{""categoryId"":""SHOPPING_PRODUCT"",""categoryName"":""쇼핑·제품"",""score"":0.9}]",True,True,True,False,7051.7727
51,TEXT-051,integrated-without-description,integrated,False,1,로봇청소기 구매 후보,쇼핑·제품/051-로봇청소기 구매 후보.txt,SHOPPING_PRODUCT,쇼핑·제품,SHOPPING_PRODUCT,True,0.65,SHOPPING_PRODUCT,SHOPPING_PRODUCT,True,,0,1,True,True,EXACT_CORRECT,False,False,False,False,False,False,True,True,True,True,False,[],,"[{""categoryId"":""SHOPPING_PRODUCT"",""categoryName"":""쇼핑·제품"",""score"":0.95}]","[{""categoryId"":""SHOPPING_PRODUCT"",""categoryName"":""쇼핑·제품"",""score"":0.95}]",True,True,True,False,8300.8516
52,TEXT-052,integrated-without-description,integrated,False,1,여행용 보조배터리 확인 사항,쇼핑·제품/052-여행용 보조배터리 확인 사항.txt,SHOPPING_PRODUCT,쇼핑·제품,SHOPPING_PRODUCT,True,0.65,SHOPPING_PRODUCT,SHOPPING_PRODUCT,True,,0,1,True,True,EXACT_CORRECT,False,False,False,False,False,False,True,True,True,True,False,[],,"[{""categoryId"":""SHOPPING_PRODUCT"",""categoryName"":""쇼핑·제품"",""score"":0.8},{""categoryId"":""TRAVEL_PLACE"",""categoryName"":""여행·장소"",""score"":0.6}]","[{""categoryId"":""SHOPPING_PRODUCT"",""categoryName"":""쇼핑·제품"",""score"":0.8},{""categoryId"":""TRAVEL_PLACE"",""categoryName"":""여행·장소"",""score"":0.6}]",True,True,True,False,9370.5281
53,TEXT-053,integrated-without-description,integrated,False,1,부모님 선물용 마사지기 후기,쇼핑·제품/053-부모님 선물용 마사지기 후기.txt,SHOPPING_PRODUCT,쇼핑·제품,SHOPPING_PRODUCT,True,0.65,SHOPPING_PRODUCT,SHOPPING_PRODUCT,True,,0,1,True,True,EXACT_CORRECT,False,False,False,False,False,False,True,True,True,True,False,[],,"[{""categoryId"":""SHOPPING_PRODUCT"",""categoryName"":""쇼핑·제품"",""score"":0.8}]","[{""categoryId"":""SHOPPING_PRODUCT"",""categoryName"":""쇼핑·제품"",""score"":0.8}]",True,True,True,False,8164.9685
5,TEXT-005,integrated-without-description,integrated,False,1,텍스트-2026.07.20-0940,아이디어·영감/005-텍스트-2026.07.20-0940.txt,IDEA_INSPIRATION,아이디어·영감,LEARNING_KNOWLEDGE,False,0.65,LEARNING_KNOWLEDGE,LEARNING_KNOWLEDGE,False,LEARNING_KNOWLEDGE,1,1,False,False,WRONG_MISSING_GOLD,False,True,False,False,False,False,False,False,False,False,False,[],MISSING_GOLD_CATEGORY,"[{""categoryId"":""LEARNING_KNOWLEDGE"",""categoryName"":""학습·지식"",""score"":0.95}]","[{""categoryId"":""LEARNING_KNOWLEDGE"",""categoryName"":""학습·지식"",""score"":0.95}]",True,True,True,False,9495.3137
69,TEXT-069,integrated-without-description,integrated,False,1,앱 첫 화면 디자인 참고,아이디어·영감/069-앱 첫 화면 디자인 참고.txt,IDEA_INSPIRATION,아이디어·영감,IDEA_INSPIRATION,True,0.65,IDEA_INSPIRATION,IDEA_INSPIRATION,True,,0,1,True,True,EXACT_CORRECT,False,False,False,False,False,False,True,True,True,True,False,[],,"[{""categoryId"":""IDEA_INSPIRATION"",""categoryName"":""아이디어·영감"",""score"":0.8}]","[{""categoryId"":""IDEA_INSPIRATION"",""categoryName"":""아이디어·영감"",""score"":0.8}]",True,True,True,False,7901.2782
70,TEXT-070,integrated-without-description,integrated,False,1,텍스트-2026-07-19,아이디어·영감/070-텍스트-2026-07-19.txt,IDEA_INSPIRATION,아이디어·영감,LEARNING_KNOWLEDGE,False,0.65,LEARNING_KNOWLEDGE,LEARNING_KNOWLEDGE,False,LEARNING_KNOWLEDGE,1,1,False,False,WRONG_MISSING_GOLD,False,True,False,False,False,False,False,False,False,False,False,[],MISSING_GOLD_CATEGORY,"[{""categoryId"":""LEARNING_KNOWLEDGE"",""categoryName"":""학습·지식"",""score"":0.85}]","[{""categoryId"":""LEARNING_KNOWLEDGE"",""categoryName"":""학습·지식"",""score"":0.85}]",True,True,True,False,7104.4125
71,TEXT-071,integrated-without-description,integrated,False,1,방 꾸미기 참고 이미지,아이디어·영감/071-방 꾸미기 참고 이미지.txt,IDEA_INSPIRATION,아이디어·영감,LIFE_TASK,False,0.65,LIFE_TASK|CULTURE_CONTENT,LIFE_TASK|CULTURE_CONTENT,False,CULTURE_CONTENT|LIFE_TASK,2,2,False,False,WRONG_MISSING_GOLD,False,True,False,False,False,False,False,False,False,False,False,[],MISSING_GOLD_CATEGORY,"[{""categoryId"":""LIFE_TASK"",""categoryName"":""생활·할 일"",""score"":0.85},{""categoryId"":""CULTURE_CONTENT"",""categoryName"":""문화·콘텐츠"",""score"":0.65}]","[{""categoryId"":""LIFE_TASK"",""categoryName"":""생활·할 일"",""score"":0.85},{""categoryId"":""CULTURE_CONTENT"",""categoryName"":""문화·콘텐츠"",""score"":0.65}]",True,True,True,False,9101.5621
72,TEXT-072,integrated-without-description,integrated,False,1,숏폼 콘텐츠 구성 방식,아이디어·영감/072-숏폼 콘텐츠 구성 방식.txt,IDEA_INSPIRATION,아이디어·영감,LEARNING_KNOWLEDGE,False,0.65,LEARNING_KNOWLEDGE|IDEA_INSPIRATION,LEARNING_KNOWLEDGE|IDEA_INSPIRATION,True,LEARNING_KNOWLEDGE,1,2,False,True,RELAXED_CORRECT,False,False,False,False,False,False,True,True,False,True,False,[],,"[{""categoryId"":""LEARNING_KNOWLEDGE"",""categoryName"":""학습·지식"",""score"":0.95},{""categoryId"":""IDEA_INSPIRATION"",""categoryName"":""아이디어·영감"",""score"":0.85}]","[{""categoryId"":""LEARNING_KNOWLEDGE"",""categoryName"":""학습·지식"",""score"":0.95},{""categoryId"":""IDEA_INSPIRATION"",""categoryName"":""아이디어·영감"",""score"":0.85}]",True,True,True,False,9457.5641
73,TEXT-073,integrated-without-description,integrated,False,1,사진 구도 참고,아이디어·영감/073-사진 구도 참고.txt,IDEA_INSPIRATION,아이디어·영감,IDEA_INSPIRATION,True,0.65,IDEA_INSPIRATION,IDEA_INSPIRATION,True,,0,1,True,True,EXACT_CORRECT,False,False,False,False,False,False,True,True,True,True,False,[],,"[{""categoryId"":""IDEA_INSPIRATION"",""categoryName"":""아이디어·영감"",""score"":0.8},{""categoryId"":""TRAVEL_PLACE"",""categoryName"":""여행·장소"",""score"":0.6}]","[{""categoryId"":""IDEA_INSPIRATION"",""categoryName"":""아이디어·영감"",""score"":0.8},{""categoryId"":""TRAVEL_PLACE"",""categoryName"":""여행·장소"",""score"":0.6}]",True,True,True,False,8520.8104
15,TEXT-015,integrated-without-description,integrated,False,1,텍스트-2026.07.20-1150,여행·장소/015-텍스트-2026.07.20-1150.txt,TRAVEL_PLACE,여행·장소,TRAVEL_PLACE,True,0.65,TRAVEL_PLACE,TRAVEL_PLACE,True,,0,1,True,True,EXACT_CORRECT,False,False,False,False,False,False,True,True,True,True,False,[],,"[{""categoryId"":""TRAVEL_PLACE"",""categoryName"":""여행·장소"",""score"":0.95}]","[{""categoryId"":""TRAVEL_PLACE"",""categoryName"":""여행·장소"",""score"":0.95}]",True,True,True,False,10852.7688
16,TEXT-016,integrated-without-description,integrated,False,1,서울 전시회 방문 후보,여행·장소/016-서울 전시회 방문 후보.txt,TRAVEL_PLACE,여행·장소,TRAVEL_PLACE,True,0.65,TRAVEL_PLACE,TRAVEL_PLACE,True,,0,1,True,True,EXACT_CORRECT,False,False,False,False,False,False,True,True,True,True,False,[],,"[{""categoryId"":""TRAVEL_PLACE"",""categoryName"":""여행·장소"",""score"":0.95}]","[{""categoryId"":""TRAVEL_PLACE"",""categoryName"":""여행·장소"",""score"":0.95}]",True,True,True,False,9609.8655
39,TEXT-039,integrated-without-description,integrated,False,1,부산에서 일몰 보기 좋은 곳,여행·장소/039-부산에서 일몰 보기 좋은 곳.txt,TRAVEL_PLACE,여행·장소,TRAVEL_PLACE,True,0.65,TRAVEL_PLACE,TRAVEL_PLACE,True,,0,1,True,True,EXACT_CORRECT,False,False,False,False,False,False,True,True,True,True,False,[],,"[{""categoryId"":""TRAVEL_PLACE"",""categoryName"":""여행·장소"",""score"":0.95},{""categoryId"":""LIFE_TASK"",""categoryName"":""생활·할 일"",""score"":0.05}]","[{""categoryId"":""TRAVEL_PLACE"",""categoryName"":""여행·장소"",""score"":0.95},{""categoryId"":""LIFE_TASK"",""categoryName"":""생활·할 일"",""score"":0.05}]",True,True,True,False,8931.4611
40,TEXT-040,integrated-without-description,integrated,False,1,텍스트-2026-07-07,여행·장소/040-텍스트-2026-07-07.txt,TRAVEL_PLACE,여행·장소,TRAVEL_PLACE,True,0.65,TRAVEL_PLACE,TRAVEL_PLACE,True,,0,1,True,True,EXACT_CORRECT,False,False,False,False,False,False,True,True,True,True,False,[],,"[{""categoryId"":""TRAVEL_PLACE"",""categoryName"":""여행·장소"",""score"":0.9}]","[{""categoryId"":""TRAVEL_PLACE"",""categoryName"":""여행·장소"",""score"":0.9}]",True,True,True,False,6831.268
41,TEXT-041,integrated-without-description,integrated,False,1,교토 버스 이용 팁,여행·장소/041-교토 버스 이용 팁.txt,TRAVEL_PLACE,여행·장소,LIFE_TASK,False,0.65,LIFE_TASK,LIFE_TASK,False,LIFE_TASK,1,1,False,False,WRONG_MISSING_GOLD,False,True,False,False,False,False,False,False,False,False,False,[],MISSING_GOLD_CATEGORY,"[{""categoryId"":""LIFE_TASK"",""categoryName"":""생활·할 일"",""score"":0.95}]","[{""categoryId"":""LIFE_TASK"",""categoryName"":""생활·할 일"",""score"":0.95}]",True,True,True,False,6439.6344
42,TEXT-042,integrated-without-description,integrated,False,1,비 오는 날 서울에서 갈 곳,여행·장소/042-비 오는 날 서울에서 갈 곳.txt,TRAVEL_PLACE,여행·장소,CULTURE_CONTENT,False,0.65,CULTURE_CONTENT|TRAVEL_PLACE,CULTURE_CONTENT|TRAVEL_PLACE,True,CULTURE_CONTENT,1,2,False,True,RELAXED_CORRECT,False,False,False,False,False,False,True,True,False,True,False,[],,"[{""categoryId"":""CULTURE_CONTENT"",""categoryName"":""문화·콘텐츠"",""score"":0.8},{""categoryId"":""TRAVEL_PLACE"",""categoryName"":""여행·장소"",""score"":0.7}]","[{""categoryId"":""CULTURE_CONTENT"",""categoryName"":""문화·콘텐츠"",""score"":0.8},{""categoryId"":""TRAVEL_PLACE"",""categoryName"":""여행·장소"",""score"":0.7}]",True,True,True,False,8280.0704
43,TEXT-043,integrated-without-description,integrated,False,1,숙소 예약 전에 확인할 내용,여행·장소/043-숙소 예약 전에 확인할 내용.txt,TRAVEL_PLACE,여행·장소,LIFE_TASK,False,0.65,LIFE_TASK,LIFE_TASK,False,LIFE_TASK,1,1,False,False,WRONG_MISSING_GOLD,False,True,False,False,False,False,False,False,False,False,False,[],MISSING_GOLD_CATEGORY,"[{""categoryId"":""LIFE_TASK"",""categoryName"":""생활·할 일"",""score"":1.0}]","[{""categoryId"":""LIFE_TASK"",""categoryName"":""생활·할 일"",""score"":1.0}]",True,True,True,False,7511.6466
13,TEXT-013,integrated-without-description,integrated,False,1,텍스트-2026.07.20-1125,음식·맛집/013-텍스트-2026.07.20-1125.txt,FOOD_RESTAURANT,음식·맛집,FOOD_RESTAURANT,True,0.65,FOOD_RESTAURANT,FOOD_RESTAURANT,True,,0,1,True,True,EXACT_CORRECT,False,False,False,False,False,False,True,True,True,True,False,[],,"[{""categoryId"":""FOOD_RESTAURANT"",""categoryName"":""음식·맛집"",""score"":1.0}]","[{""categoryId"":""FOOD_RESTAURANT"",""categoryName"":""음식·맛집"",""score"":1.0}]",True,True,True,False,8341.7164
14,TEXT-014,integrated-without-description,integrated,False,1,닭가슴살 볶음밥 레시피,음식·맛집/014-닭가슴살 볶음밥 레시피.txt,FOOD_RESTAURANT,음식·맛집,LEARNING_KNOWLEDGE,False,0.65,LEARNING_KNOWLEDGE,LEARNING_KNOWLEDGE,False,LEARNING_KNOWLEDGE,1,1,False,False,WRONG_MISSING_GOLD,False,True,False,False,False,False,False,False,False,False,False,[],MISSING_GOLD_CATEGORY,"[{""categoryId"":""LEARNING_KNOWLEDGE"",""categoryName"":""학습·지식"",""score"":0.95}]","[{""categoryId"":""LEARNING_KNOWLEDGE"",""categoryName"":""학습·지식"",""score"":0.95}]",True,True,True,False,8166.0339
44,TEXT-044,integrated-without-description,integrated,False,1,성수동 파스타 식당,음식·맛집/044-성수동 파스타 식당.txt,FOOD_RESTAURANT,음식·맛집,FOOD_RESTAURANT,True,0.65,FOOD_RESTAURANT,FOOD_RESTAURANT,True,,0,1,True,True,EXACT_CORRECT,False,False,False,False,False,False,True,True,True,True,False,[],,"[{""categoryId"":""FOOD_RESTAURANT"",""categoryName"":""음식·맛집"",""score"":1.0}]","[{""categoryId"":""FOOD_RESTAURANT"",""categoryName"":""음식·맛집"",""score"":1.0}]",True,True,True,False,8371.1253
45,TEXT-045,integrated-without-description,integrated,False,1,텍스트-2026-07-09,음식·맛집/045-텍스트-2026-07-09.txt,FOOD_RESTAURANT,음식·맛집,FOOD_RESTAURANT,True,0.65,FOOD_RESTAURANT,FOOD_RESTAURANT,True,,0,1,True,True,EXACT_CORRECT,False,False,False,False,False,False,True,True,True,True,False,[],,"[{""categoryId"":""FOOD_RESTAURANT"",""categoryName"":""음식·맛집"",""score"":1.0}]","[{""categoryId"":""FOOD_RESTAURANT"",""categoryName"":""음식·맛집"",""score"":1.0}]",True,True,True,False,6894.223
46,TEXT-046,integrated-without-description,integrated,False,1,광주에서 늦게까지 하는 카페,음식·맛집/046-광주에서 늦게까지 하는 카페.txt,FOOD_RESTAURANT,음식·맛집,FOOD_RESTAURANT,True,0.65,FOOD_RESTAURANT|LIFE_TASK,FOOD_RESTAURANT|LIFE_TASK,True,LIFE_TASK,1,2,False,True,RELAXED_CORRECT,False,False,False,False,False,False,True,True,False,True,False,[],,"[{""categoryId"":""FOOD_RESTAURANT"",""categoryName"":""음식·맛집"",""score"":0.95},{""categoryId"":""LIFE_TASK"",""categoryName"":""생활·할 일"",""score"":0.85}]","[{""categoryId"":""FOOD_RESTAURANT"",""categoryName"":""음식·맛집"",""score"":0.95},{""categoryId"":""LIFE_TASK"",""categoryName"":""생활·할 일"",""score"":0.85}]",True,True,True,False,9393.9083
47,TEXT-047,integrated-without-description,integrated,False,1,냉동 만두를 바삭하게 굽는 방법,음식·맛집/047-냉동 만두를 바삭하게 굽는 방법.txt,FOOD_RESTAURANT,음식·맛집,FOOD_RESTAURANT,True,0.65,FOOD_RESTAURANT,FOOD_RESTAURANT,True,,0,1,True,True,EXACT_CORRECT,False,False,False,False,False,False,True,True,True,True,False,[],,"[{""categoryId"":""FOOD_RESTAURANT"",""categoryName"":""음식·맛집"",""score"":0.95}]","[{""categoryId"":""FOOD_RESTAURANT"",""categoryName"":""음식·맛집"",""score"":0.95}]",True,True,True,False,9487.9999
48,TEXT-048,integrated-without-description,integrated,False,1,제주 고기국수 후보,음식·맛집/048-제주 고기국수 후보.txt,FOOD_RESTAURANT,음식·맛집,FOOD_RESTAURANT,True,0.65,FOOD_RESTAURANT,FOOD_RESTAURANT,True,,0,1,True,True,EXACT_CORRECT,False,False,False,False,False,False,True,True,True,True,False,[],,"[{""categoryId"":""FOOD_RESTAURANT"",""categoryName"":""음식·맛집"",""score"":1.0}]","[{""categoryId"":""FOOD_RESTAURANT"",""categoryName"":""음식·맛집"",""score"":1.0}]",True,True,True,False,7543.9839
7,TEXT-007,integrated-without-description,integrated,False,1,텍스트-2026.07.20-1010,취업·커리어/007-텍스트-2026.07.20-1010.txt,CAREER,취업·커리어,LEARNING_KNOWLEDGE,False,0.65,LEARNING_KNOWLEDGE,LEARNING_KNOWLEDGE,False,LEARNING_KNOWLEDGE,1,1,False,False,WRONG_MISSING_GOLD,False,True,False,False,False,False,False,False,False,False,False,[],MISSING_GOLD_CATEGORY,"[{""categoryId"":""LEARNING_KNOWLEDGE"",""categoryName"":""학습·지식"",""score"":1.0}]","[{""categoryId"":""LEARNING_KNOWLEDGE"",""categoryName"":""학습·지식"",""score"":1.0}]",True,True,True,False,8303.9658
8,TEXT-008,integrated-without-description,integrated,False,1,공기업 채용 공고 확인,취업·커리어/008-공기업 채용 공고 확인.txt,CAREER,취업·커리어,CAREER,True,0.65,CAREER,CAREER,True,,0,1,True,True,EXACT_CORRECT,False,False,False,False,False,False,True,True,True,True,False,[],,"[{""categoryId"":""CAREER"",""categoryName"":""취업·커리어"",""score"":0.95}]","[{""categoryId"":""CAREER"",""categoryName"":""취업·커리어"",""score"":0.95}]",True,True,True,False,8738.6838
34,TEXT-034,integrated-without-description,integrated,False,1,백엔드 개발자 채용 공고 확인,취업·커리어/034-백엔드 개발자 채용 공고 확인.txt,CAREER,취업·커리어,CAREER,True,0.65,CAREER,CAREER,True,,0,1,True,True,EXACT_CORRECT,False,False,False,False,False,False,True,True,True,True,False,[],,"[{""categoryId"":""CAREER"",""categoryName"":""취업·커리어"",""score"":0.95}]","[{""categoryId"":""CAREER"",""categoryName"":""취업·커리어"",""score"":0.95}]",True,True,True,False,8124.2369
35,TEXT-035,integrated-without-description,integrated,False,1,텍스트-2026-07-05,취업·커리어/035-텍스트-2026-07-05.txt,CAREER,취업·커리어,CAREER,True,0.65,CAREER,CAREER,True,,0,1,True,True,EXACT_CORRECT,False,False,False,False,False,False,True,True,True,True,False,[],,"[{""categoryId"":""CAREER"",""categoryName"":""취업·커리어"",""score"":1.0}]","[{""categoryId"":""CAREER"",""categoryName"":""취업·커리어"",""score"":1.0}]",True,True,True,False,8017.8366
36,TEXT-036,integrated-without-description,integrated,False,1,자기소개서 수정할 부분,취업·커리어/036-자기소개서 수정할 부분.txt,CAREER,취업·커리어,LEARNING_KNOWLEDGE,False,0.65,LEARNING_KNOWLEDGE|CAREER,LEARNING_KNOWLEDGE|CAREER,True,LEARNING_KNOWLEDGE,1,2,False,True,RELAXED_CORRECT,False,False,False,False,False,False,True,True,False,True,False,[],,"[{""categoryId"":""LEARNING_KNOWLEDGE"",""categoryName"":""학습·지식"",""score"":0.8},{""categoryId"":""CAREER"",""categoryName"":""취업·커리어"",""score"":0.7}]","[{""categoryId"":""LEARNING_KNOWLEDGE"",""categoryName"":""학습·지식"",""score"":0.8},{""categoryId"":""CAREER"",""categoryName"":""취업·커리어"",""score"":0.7}]",True,True,True,False,8350.3532
37,TEXT-037,integrated-without-description,integrated,False,1,이직 전 확인할 조건,취업·커리어/037-이직 전 확인할 조건.txt,CAREER,취업·커리어,CAREER,True,0.65,CAREER,CAREER,True,,0,1,True,True,EXACT_CORRECT,False,False,False,False,False,False,True,True,True,True,False,[],,"[{""categoryId"":""CAREER"",""categoryName"":""취업·커리어"",""score"":1.0}]","[{""categoryId"":""CAREER"",""categoryName"":""취업·커리어"",""score"":1.0}]",True,True,True,False,7609.9851
38,TEXT-038,integrated-without-description,integrated,False,1,포트폴리오 프로젝트 설명 방식,취업·커리어/038-포트폴리오 프로젝트 설명 방식.txt,CAREER,취업·커리어,LEARNING_KNOWLEDGE,False,0.65,LEARNING_KNOWLEDGE|CAREER,LEARNING_KNOWLEDGE|CAREER,True,LEARNING_KNOWLEDGE,1,2,False,True,RELAXED_CORRECT,False,False,False,False,False,False,True,True,False,True,False,[],,"[{""categoryId"":""LEARNING_KNOWLEDGE"",""categoryName"":""학습·지식"",""score"":0.9},{""categoryId"":""CAREER"",""categoryName"":""취업·커리어"",""score"":0.7}]","[{""categoryId"":""LEARNING_KNOWLEDGE"",""categoryName"":""학습·지식"",""score"":0.9},{""categoryId"":""CAREER"",""categoryName"":""취업·커리어"",""score"":0.7}]",True,True,True,False,9926.3548
1,TEXT-001,integrated-without-description,integrated,False,1,텍스트-2026.07.20-0905,학습·지식/001-텍스트-2026.07.20-0905.txt,LEARNING_KNOWLEDGE,학습·지식,SHOPPING_PRODUCT,False,0.65,SHOPPING_PRODUCT|LEARNING_KNOWLEDGE,SHOPPING_PRODUCT|LEARNING_KNOWLEDGE,True,SHOPPING_PRODUCT,1,2,False,True,RELAXED_CORRECT,False,False,False,False,False,False,True,True,False,True,False,[],,"[{""categoryId"":""SHOPPING_PRODUCT"",""categoryName"":""쇼핑·제품"",""score"":0.8},{""categoryId"":""LEARNING_KNOWLEDGE"",""categoryName"":""학습·지식"",""score"":0.7}]","[{""categoryId"":""SHOPPING_PRODUCT"",""categoryName"":""쇼핑·제품"",""score"":0.8},{""categoryId"":""LEARNING_KNOWLEDGE"",""categoryName"":""학습·지식"",""score"":0.7}]",True,True,True,False,10193.3187
2,TEXT-002,integrated-without-description,integrated,False,1,JWT 재발급 구조 정리,학습·지식/002-JWT 재발급 구조 정리.txt,LEARNING_KNOWLEDGE,학습·지식,LEARNING_KNOWLEDGE,True,0.65,LEARNING_KNOWLEDGE,LEARNING_KNOWLEDGE,True,,0,1,True,True,EXACT_CORRECT,False,False,False,False,False,False,True,True,True,True,False,[],,"[{""categoryId"":""LEARNING_KNOWLEDGE"",""categoryName"":""학습·지식"",""score"":0.95}]","[{""categoryId"":""LEARNING_KNOWLEDGE"",""categoryName"":""학습·지식"",""score"":0.95}]",True,True,True,False,9340.8245
3,TEXT-003,integrated-without-description,integrated,False,1,텍스트-2026.07.20-0920,학습·지식/003-텍스트-2026.07.20-0920.txt,LEARNING_KNOWLEDGE,학습·지식,LEARNING_KNOWLEDGE,True,0.65,LEARNING_KNOWLEDGE,LEARNING_KNOWLEDGE,True,,0,1,True,True,EXACT_CORRECT,False,False,False,False,False,False,True,True,True,True,False,[],,"[{""categoryId"":""LEARNING_KNOWLEDGE"",""categoryName"":""학습·지식"",""score"":1.0}]","[{""categoryId"":""LEARNING_KNOWLEDGE"",""categoryName"":""학습·지식"",""score"":1.0}]",True,True,True,False,6628.6411
4,TEXT-004,integrated-without-description,integrated,False,1,SQLD 시험 공부 계획,학습·지식/004-SQLD 시험 공부 계획.txt,LEARNING_KNOWLEDGE,학습·지식,LEARNING_KNOWLEDGE,True,0.65,LEARNING_KNOWLEDGE,LEARNING_KNOWLEDGE,True,,0,1,True,True,EXACT_CORRECT,False,False,False,False,False,False,True,True,True,True,False,[],,"[{""categoryId"":""LEARNING_KNOWLEDGE"",""categoryName"":""학습·지식"",""score"":1.0}]","[{""categoryId"":""LEARNING_KNOWLEDGE"",""categoryName"":""학습·지식"",""score"":1.0}]",True,True,True,False,7781.8092
29,TEXT-029,integrated-without-description,integrated,False,1,Redis 큐에서 작업이 중복될 수 있는 이유,학습·지식/029-Redis 큐에서 작업이 중복될 수 있는 이유.txt,LEARNING_KNOWLEDGE,학습·지식,LEARNING_KNOWLEDGE,True,0.65,LEARNING_KNOWLEDGE,LEARNING_KNOWLEDGE,True,,0,1,True,True,EXACT_CORRECT,False,False,False,False,False,False,True,True,True,True,False,[],,"[{""categoryId"":""LEARNING_KNOWLEDGE"",""categoryName"":""학습·지식"",""score"":0.95}]","[{""categoryId"":""LEARNING_KNOWLEDGE"",""categoryName"":""학습·지식"",""score"":0.95}]",True,True,True,False,7941.0225
30,TEXT-030,integrated-without-description,integrated,False,1,텍스트-2026-07-03,학습·지식/030-텍스트-2026-07-03.txt,LEARNING_KNOWLEDGE,학습·지식,LEARNING_KNOWLEDGE,True,0.65,LEARNING_KNOWLEDGE,LEARNING_KNOWLEDGE,True,,0,1,True,True,EXACT_CORRECT,False,False,False,False,False,False,True,True,True,True,False,[],,"[{""categoryId"":""LEARNING_KNOWLEDGE"",""categoryName"":""학습·지식"",""score"":1.0}]","[{""categoryId"":""LEARNING_KNOWLEDGE"",""categoryName"":""학습·지식"",""score"":1.0}]",True,True,True,False,7090.3731
31,TEXT-031,integrated-without-description,integrated,False,1,사진 촬영에서 조리개의 역할,학습·지식/031-사진 촬영에서 조리개의 역할.txt,LEARNING_KNOWLEDGE,학습·지식,LEARNING_KNOWLEDGE,True,0.65,LEARNING_KNOWLEDGE,LEARNING_KNOWLEDGE,True,,0,1,True,True,EXACT_CORRECT,False,False,False,False,False,False,True,True,True,True,False,[],,"[{""categoryId"":""LEARNING_KNOWLEDGE"",""categoryName"":""학습·지식"",""score"":0.95}]","[{""categoryId"":""LEARNING_KNOWLEDGE"",""categoryName"":""학습·지식"",""score"":0.95}]",True,True,True,False,10126.7195
32,TEXT-032,integrated-without-description,integrated,False,1,전세와 월세의 차이 정리,학습·지식/032-전세와 월세의 차이 정리.txt,LEARNING_KNOWLEDGE,학습·지식,LEARNING_KNOWLEDGE,True,0.65,LEARNING_KNOWLEDGE,LEARNING_KNOWLEDGE,True,,0,1,True,True,EXACT_CORRECT,False,False,False,False,False,False,True,True,True,True,False,[],,"[{""categoryId"":""LEARNING_KNOWLEDGE"",""categoryName"":""학습·지식"",""score"":1.0}]","[{""categoryId"":""LEARNING_KNOWLEDGE"",""categoryName"":""학습·지식"",""score"":1.0}]",True,True,True,False,7480.3522
33,TEXT-033,integrated-without-description,integrated,False,1,좋은 발표 자료의 정보 구조,학습·지식/033-좋은 발표 자료의 정보 구조.txt,LEARNING_KNOWLEDGE,학습·지식,LEARNING_KNOWLEDGE,True,0.65,LEARNING_KNOWLEDGE,LEARNING_KNOWLEDGE,True,,0,1,True,True,EXACT_CORRECT,False,False,False,False,False,False,True,True,True,True,False,[],,"[{""categoryId"":""LEARNING_KNOWLEDGE"",""categoryName"":""학습·지식"",""score"":0.95}]","[{""categoryId"":""LEARNING_KNOWLEDGE"",""categoryName"":""학습·지식"",""score"":0.95}]",True,True,True,False,8366.4652
17,TEXT-017,integrated-without-description,integrated,False,1,텍스트-2026.07.20-1220,건강·운동/017-텍스트-2026.07.20-1220.txt,HEALTH_EXERCISE,건강·운동,HEALTH_EXERCISE,True,0.7,HEALTH_EXERCISE,HEALTH_EXERCISE,True,,0,1,True,True,EXACT_CORRECT,False,False,False,False,False,False,True,True,True,True,False,[],,"[{""categoryId"":""HEALTH_EXERCISE"",""categoryName"":""건강·운동"",""score"":1.0}]","[{""categoryId"":""HEALTH_EXERCISE"",""categoryName"":""건강·운동"",""score"":1.0}]",True,True,True,False,15173.8502
18,TEXT-018,integrated-without-description,integrated,False,1,주 3회 운동 계획,건강·운동/018-주 3회 운동 계획.txt,HEALTH_EXERCISE,건강·운동,HEALTH_EXERCISE,True,0.7,HEALTH_EXERCISE,HEALTH_EXERCISE,True,,0,1,True,True,EXACT_CORRECT,False,False,False,False,False,False,True,True,True,True,False,[],,"[{""categoryId"":""HEALTH_EXERCISE"",""categoryName"":""건강·운동"",""score"":1.0}]","[{""categoryId"":""HEALTH_EXERCISE"",""categoryName"":""건강·운동"",""score"":1.0}]",True,True,True,False,7717.7076
54,TEXT-054,integrated-without-description,integrated,False,1,허리 부담을 줄이는 스쿼트 자세,건강·운동/054-허리 부담을 줄이는 스쿼트 자세.txt,HEALTH_EXERCISE,건강·운동,HEALTH_EXERCISE,True,0.7,HEALTH_EXERCISE,HEALTH_EXERCISE,True,,0,1,True,True,EXACT_CORRECT,False,False,False,False,False,False,True,True,True,True,False,[],,"[{""categoryId"":""HEALTH_EXERCISE"",""categoryName"":""건강·운동"",""score"":1.0}]","[{""categoryId"":""HEALTH_EXERCISE"",""categoryName"":""건강·운동"",""score"":1.0}]",True,True,True,False,7667.7136
55,TEXT-055,integrated-without-description,integrated,False,1,텍스트-2026-07-13,건강·운동/055-텍스트-2026-07-13.txt,HEALTH_EXERCISE,건강·운동,HEALTH_EXERCISE,True,0.7,HEALTH_EXERCISE,HEALTH_EXERCISE,True,,0,1,True,True,EXACT_CORRECT,False,False,False,False,False,False,True,True,True,True,False,[],,"[{""categoryId"":""HEALTH_EXERCISE"",""categoryName"":""건강·운동"",""score"":0.9}]","[{""categoryId"":""HEALTH_EXERCISE"",""categoryName"":""건강·운동"",""score"":0.9}]",True,True,True,False,6968.2357
56,TEXT-056,integrated-without-description,integrated,False,1,러닝 초보자 주간 계획,건강·운동/056-러닝 초보자 주간 계획.txt,HEALTH_EXERCISE,건강·운동,HEALTH_EXERCISE,True,0.7,HEALTH_EXERCISE,HEALTH_EXERCISE,True,,0,1,True,True,EXACT_CORRECT,False,False,False,False,False,False,True,True,True,True,False,[],,"[{""categoryId"":""HEALTH_EXERCISE"",""categoryName"":""건강·운동"",""score"":1.0}]","[{""categoryId"":""HEALTH_EXERCISE"",""categoryName"":""건강·운동"",""score"":1.0}]",True,True,True,False,8103.6895
57,TEXT-057,integrated-without-description,integrated,False,1,장시간 앉아 있을 때 스트레칭,건강·운동/057-장시간 앉아 있을 때 스트레칭.txt,HEALTH_EXERCISE,건강·운동,HEALTH_EXERCISE,True,0.7,HEALTH_EXERCISE,HEALTH_EXERCISE,True,,0,1,True,True,EXACT_CORRECT,False,False,False,False,False,False,True,True,True,True,False,[],,"[{""categoryId"":""HEALTH_EXERCISE"",""categoryName"":""건강·운동"",""score"":1.0}]","[{""categoryId"":""HEALTH_EXERCISE"",""categoryName"":""건강·운동"",""score"":1.0}]",True,True,True,False,7431.2774
58,TEXT-058,integrated-without-description,integrated,False,1,운동 후 식사 구성,건강·운동/058-운동 후 식사 구성.txt,HEALTH_EXERCISE,건강·운동,HEALTH_EXERCISE,True,0.7,HEALTH_EXERCISE,HEALTH_EXERCISE,True,,0,1,True,True,EXACT_CORRECT,False,False,False,False,False,False,True,True,True,True,False,[],,"[{""categoryId"":""HEALTH_EXERCISE"",""categoryName"":""건강·운동"",""score"":0.9},{""categoryId"":""FOOD_RESTAURANT"",""categoryName"":""음식·맛집"",""score"":0.6}]","[{""categoryId"":""HEALTH_EXERCISE"",""categoryName"":""건강·운동"",""score"":0.9},{""categoryId"":""FOOD_RESTAURANT"",""categoryName"":""음식·맛집"",""score"":0.6}]",True,True,True,False,9554.6999
21,TEXT-021,integrated-without-description,integrated,False,1,텍스트-2026.07.20-1310,기타/021-텍스트-2026.07.20-1310.txt,OTHER,기타,LEARNING_KNOWLEDGE,False,0.7,LEARNING_KNOWLEDGE,LEARNING_KNOWLEDGE,False,LEARNING_KNOWLEDGE,1,1,False,False,WRONG_MISSING_GOLD,False,True,False,False,False,False,False,False,False,False,False,[],MISSING_GOLD_CATEGORY,"[{""categoryId"":""LEARNING_KNOWLEDGE"",""categoryName"":""학습·지식"",""score"":0.8},{""categoryId"":""CAREER"",""categoryName"":""취업·커리어"",""score"":0.6}]","[{""categoryId"":""LEARNING_KNOWLEDGE"",""categoryName"":""학습·지식"",""score"":0.8},{""categoryId"":""CAREER"",""categoryName"":""취업·커리어"",""score"":0.6}]",True,True,True,False,7760.093
22,TEXT-022,integrated-without-description,integrated,False,1,텍스트-2026.07.20-1325,기타/022-텍스트-2026.07.20-1325.txt,OTHER,기타,IDEA_INSPIRATION,False,0.7,IDEA_INSPIRATION,IDEA_INSPIRATION,False,IDEA_INSPIRATION,1,1,False,False,WRONG_MISSING_GOLD,False,True,False,False,False,False,False,False,False,False,False,[],MISSING_GOLD_CATEGORY,"[{""categoryId"":""IDEA_INSPIRATION"",""categoryName"":""아이디어·영감"",""score"":0.8}]","[{""categoryId"":""IDEA_INSPIRATION"",""categoryName"":""아이디어·영감"",""score"":0.8}]",True,True,True,False,7830.6484
74,TEXT-074,integrated-without-description,integrated,False,1,텍스트-2026-07-21,기타/074-텍스트-2026-07-21.txt,OTHER,기타,,False,0.7,,OTHER,False,,0,0,False,False,EMPTY_PREDICTION,False,True,False,True,False,False,False,True,True,True,False,[],MISSING_GOLD_CATEGORY|EMPTY_PREDICTION|FALLBACK_USED,[],[],True,True,True,False,4771.6469
75,TEXT-075,integrated-without-description,integrated,False,1,확인할 문자열,기타/075-확인할 문자열.txt,OTHER,기타,,False,0.7,,OTHER,False,,0,0,False,False,EMPTY_PREDICTION,False,True,False,True,False,False,False,True,True,True,False,[],MISSING_GOLD_CATEGORY|EMPTY_PREDICTION|FALLBACK_USED,[],[],True,True,True,False,3967.0188
76,TEXT-076,integrated-without-description,integrated,False,1,텍스트-2026-07-22,기타/076-텍스트-2026-07-22.txt,OTHER,기타,,False,0.7,,OTHER,False,,0,0,False,False,EMPTY_PREDICTION,False,True,False,True,False,False,False,True,True,True,False,[],MISSING_GOLD_CATEGORY|EMPTY_PREDICTION|FALLBACK_USED,[],[],True,True,True,False,3531.6594
77,TEXT-077,integrated-without-description,integrated,False,1,내용을 확인할 수 없는 링크,기타/077-내용을 확인할 수 없는 링크.txt,OTHER,기타,,False,0.7,,OTHER,False,,0,0,False,False,EMPTY_PREDICTION,False,True,False,True,False,False,False,True,True,True,False,[],MISSING_GOLD_CATEGORY|EMPTY_PREDICTION|FALLBACK_USED,[],[],True,True,True,False,4471.2315
78,TEXT-078,integrated-without-description,integrated,False,1,이미지 추출 실패,기타/078-이미지 추출 실패.txt,OTHER,기타,,False,0.7,,OTHER,False,,0,0,False,False,EMPTY_PREDICTION,False,True,False,True,False,False,False,True,True,True,False,[],MISSING_GOLD_CATEGORY|EMPTY_PREDICTION|FALLBACK_USED,[],[],True,True,True,False,5874.2356
64,TEXT-064,integrated-without-description,integrated,False,1,월급 통장 나누는 방법,돈·재테크/064-월급 통장 나누는 방법.txt,MONEY_FINANCE,돈·재테크,MONEY_FINANCE,True,0.7,MONEY_FINANCE,MONEY_FINANCE,True,,0,1,True,True,EXACT_CORRECT,False,False,False,False,False,False,True,True,True,True,False,[],,"[{""categoryId"":""MONEY_FINANCE"",""categoryName"":""돈·재테크"",""score"":1.0}]","[{""categoryId"":""MONEY_FINANCE"",""categoryName"":""돈·재테크"",""score"":1.0}]",True,True,True,False,6959.0611
65,TEXT-065,integrated-without-description,integrated,False,1,텍스트-2026-07-17,돈·재테크/065-텍스트-2026-07-17.txt,MONEY_FINANCE,돈·재테크,MONEY_FINANCE,True,0.7,MONEY_FINANCE,MONEY_FINANCE,True,,0,1,True,True,EXACT_CORRECT,False,False,False,False,False,False,True,True,True,True,False,[],,"[{""categoryId"":""MONEY_FINANCE"",""categoryName"":""돈·재테크"",""score"":1.0}]","[{""categoryId"":""MONEY_FINANCE"",""categoryName"":""돈·재테크"",""score"":1.0}]",True,True,True,False,6701.0889
66,TEXT-066,integrated-without-description,integrated,False,1,카드 혜택 비교,돈·재테크/066-카드 혜택 비교.txt,MONEY_FINANCE,돈·재테크,MONEY_FINANCE,True,0.7,MONEY_FINANCE|LIFE_TASK,MONEY_FINANCE|LIFE_TASK,True,LIFE_TASK,1,2,False,True,RELAXED_CORRECT,False,False,False,False,False,False,True,True,False,True,False,[],,"[{""categoryId"":""MONEY_FINANCE"",""categoryName"":""돈·재테크"",""score"":0.9},{""categoryId"":""LIFE_TASK"",""categoryName"":""생활·할 일"",""score"":0.7}]","[{""categoryId"":""MONEY_FINANCE"",""categoryName"":""돈·재테크"",""score"":0.9},{""categoryId"":""LIFE_TASK"",""categoryName"":""생활·할 일"",""score"":0.7}]",True,True,True,False,8512.5721
67,TEXT-067,integrated-without-description,integrated,False,1,비상금 규모 정하기,돈·재테크/067-비상금 규모 정하기.txt,MONEY_FINANCE,돈·재테크,MONEY_FINANCE,True,0.7,MONEY_FINANCE,MONEY_FINANCE,True,,0,1,True,True,EXACT_CORRECT,False,False,False,False,False,False,True,True,True,True,False,[],,"[{""categoryId"":""MONEY_FINANCE"",""categoryName"":""돈·재테크"",""score"":1.0}]","[{""categoryId"":""MONEY_FINANCE"",""categoryName"":""돈·재테크"",""score"":1.0}]",True,True,True,False,6859.6857
68,TEXT-068,integrated-without-description,integrated,False,1,보험 가입 전에 확인할 내용,돈·재테크/068-보험 가입 전에 확인할 내용.txt,MONEY_FINANCE,돈·재테크,LEARNING_KNOWLEDGE,False,0.7,LEARNING_KNOWLEDGE,LEARNING_KNOWLEDGE,False,LEARNING_KNOWLEDGE,1,1,False,False,WRONG_MISSING_GOLD,False,True,False,False,False,False,False,False,False,False,False,[],MISSING_GOLD_CATEGORY,"[{""categoryId"":""LEARNING_KNOWLEDGE"",""categoryName"":""학습·지식"",""score"":0.95},{""categoryId"":""CAREER"",""categoryName"":""취업·커리어"",""score"":0.15}]","[{""categoryId"":""LEARNING_KNOWLEDGE"",""categoryName"":""학습·지식"",""score"":0.95},{""categoryId"":""CAREER"",""categoryName"":""취업·커리어"",""score"":0.15}]",True,True,True,False,8912.51
19,TEXT-019,integrated-without-description,integrated,False,1,텍스트-2026.07.20-1245,문화·콘텐츠/019-텍스트-2026.07.20-1245.txt,CULTURE_CONTENT,문화·콘텐츠,LEARNING_KNOWLEDGE,False,0.7,LEARNING_KNOWLEDGE|CULTURE_CONTENT,LEARNING_KNOWLEDGE|CULTURE_CONTENT,True,LEARNING_KNOWLEDGE,1,2,False,True,RELAXED_CORRECT,False,False,False,False,False,False,True,True,False,True,False,[],,"[{""categoryId"":""LEARNING_KNOWLEDGE"",""categoryName"":""학습·지식"",""score"":0.8},{""categoryId"":""CULTURE_CONTENT"",""categoryName"":""문화·콘텐츠"",""score"":0.7}]","[{""categoryId"":""LEARNING_KNOWLEDGE"",""categoryName"":""학습·지식"",""score"":0.8},{""categoryId"":""CULTURE_CONTENT"",""categoryName"":""문화·콘텐츠"",""score"":0.7}]",True,True,True,False,9006.4377
20,TEXT-020,integrated-without-description,integrated,False,1,읽어볼 개발 에세이,문화·콘텐츠/020-읽어볼 개발 에세이.txt,CULTURE_CONTENT,문화·콘텐츠,LEARNING_KNOWLEDGE,False,0.7,LEARNING_KNOWLEDGE|CAREER,LEARNING_KNOWLEDGE|CAREER,False,CAREER|LEARNING_KNOWLEDGE,2,2,False,False,WRONG_MISSING_GOLD,False,True,False,False,False,False,False,False,False,False,False,[],MISSING_GOLD_CATEGORY,"[{""categoryId"":""LEARNING_KNOWLEDGE"",""categoryName"":""학습·지식"",""score"":0.85},{""categoryId"":""CAREER"",""categoryName"":""취업·커리어"",""score"":0.75}]","[{""categoryId"":""LEARNING_KNOWLEDGE"",""categoryName"":""학습·지식"",""score"":0.85},{""categoryId"":""CAREER"",""categoryName"":""취업·커리어"",""score"":0.75}]",True,True,True,False,9286.3787
59,TEXT-059,integrated-without-description,integrated,False,1,주말에 볼 영화 후보,문화·콘텐츠/059-주말에 볼 영화 후보.txt,CULTURE_CONTENT,문화·콘텐츠,CULTURE_CONTENT,True,0.7,CULTURE_CONTENT,CULTURE_CONTENT,True,,0,1,True,True,EXACT_CORRECT,False,False,False,False,False,False,True,True,True,True,False,[],,"[{""categoryId"":""CULTURE_CONTENT"",""categoryName"":""문화·콘텐츠"",""score"":0.8},{""categoryId"":""IDEA_INSPIRATION"",""categoryName"":""아이디어·영감"",""score"":0.6}]","[{""categoryId"":""CULTURE_CONTENT"",""categoryName"":""문화·콘텐츠"",""score"":0.8},{""categoryId"":""IDEA_INSPIRATION"",""categoryName"":""아이디어·영감"",""score"":0.6}]",True,True,True,False,8673.7888
60,TEXT-060,integrated-without-description,integrated,False,1,텍스트-2026-07-15,문화·콘텐츠/060-텍스트-2026-07-15.txt,CULTURE_CONTENT,문화·콘텐츠,LEARNING_KNOWLEDGE,False,0.7,LEARNING_KNOWLEDGE,LEARNING_KNOWLEDGE,False,LEARNING_KNOWLEDGE,1,1,False,False,WRONG_MISSING_GOLD,False,True,False,False,False,False,False,False,False,False,False,[],MISSING_GOLD_CATEGORY,"[{""categoryId"":""LEARNING_KNOWLEDGE"",""categoryName"":""학습·지식"",""score"":1.0}]","[{""categoryId"":""LEARNING_KNOWLEDGE"",""categoryName"":""학습·지식"",""score"":1.0}]",True,True,True,False,6218.6884
61,TEXT-061,integrated-without-description,integrated,False,1,서울 사진전 정보,문화·콘텐츠/061-서울 사진전 정보.txt,CULTURE_CONTENT,문화·콘텐츠,CULTURE_CONTENT,True,0.7,CULTURE_CONTENT,CULTURE_CONTENT,True,,0,1,True,True,EXACT_CORRECT,False,False,False,False,False,False,True,True,True,True,False,[],,"[{""categoryId"":""CULTURE_CONTENT"",""categoryName"":""문화·콘텐츠"",""score"":0.8}]","[{""categoryId"":""CULTURE_CONTENT"",""categoryName"":""문화·콘텐츠"",""score"":0.8}]",True,True,True,False,6565.7213
62,TEXT-062,integrated-without-description,integrated,False,1,출근할 때 들을 음악,문화·콘텐츠/062-출근할 때 들을 음악.txt,CULTURE_CONTENT,문화·콘텐츠,LIFE_TASK,False,0.7,LIFE_TASK,LIFE_TASK,False,LIFE_TASK,1,1,False,False,WRONG_MISSING_GOLD,False,True,True,False,False,False,True,False,False,False,False,[],THRESHOLD_MISS,"[{""categoryId"":""FOOD_RESTAURANT"",""categoryName"":""음식·맛집"",""score"":0.0},{""categoryId"":""MONEY_FINANCE"",""categoryName"":""돈·재테크"",""score"":0.0},{""categoryId"":""CULTURE_CONTENT"",""categoryName"":""문화·콘텐츠"",""score"":0.0},{""categoryId"":""LIFE_TASK"",""categoryName"":""생활·할 일"",""score"":0.8},{""categoryId"":""SHOPPING_PRODUCT"",""categoryName"":""쇼핑·제품"",""score"":0.0},{""categoryId"":""IDEA_INSPIRATION"",""categoryName"":""아이디어·영감"",""score"":0.0}]","[{""categoryId"":""LIFE_TASK"",""categoryName"":""생활·할 일"",""score"":0.8},{""categoryId"":""FOOD_RESTAURANT"",""categoryName"":""음식·맛집"",""score"":0.0},{""categoryId"":""MONEY_FINANCE"",""categoryName"":""돈·재테크"",""score"":0.0},{""categoryId"":""CULTURE_CONTENT"",""categoryName"":""문화·콘텐츠"",""score"":0.0},{""categoryId"":""SHOPPING_PRODUCT"",""categoryName"":""쇼핑·제품"",""score"":0.0},{""categoryId"":""IDEA_INSPIRATION"",""categoryName"":""아이디어·영감"",""score"":0.0}]",True,True,True,False,13458.5934
63,TEXT-063,integrated-without-description,integrated,False,1,웹툰 추천 목록,문화·콘텐츠/063-웹툰 추천 목록.txt,CULTURE_CONTENT,문화·콘텐츠,LEARNING_KNOWLEDGE,False,0.7,LEARNING_KNOWLEDGE|CULTURE_CONTENT,LEARNING_KNOWLEDGE|CULTURE_CONTENT,True,LEARNING_KNOWLEDGE,1,2,False,True,RELAXED_CORRECT,False,False,False,False,False,False,True,True,False,True,False,[],,"[{""categoryId"":""LEARNING_KNOWLEDGE"",""categoryName"":""학습·지식"",""score"":0.8},{""categoryId"":""CULTURE_CONTENT"",""categoryName"":""문화·콘텐츠"",""score"":0.7}]","[{""categoryId"":""LEARNING_KNOWLEDGE"",""categoryName"":""학습·지식"",""score"":0.8},{""categoryId"":""CULTURE_CONTENT"",""categoryName"":""문화·콘텐츠"",""score"":0.7}]",True,True,True,False,8211.1178
6,TEXT-006,integrated-without-description,integrated,False,1,1주차 백로그 정리,생활·할 일/006-1주차 백로그 정리.txt,LIFE_TASK,생활·할 일,LIFE_TASK,True,0.7,LIFE_TASK,LIFE_TASK,True,,0,1,True,True,EXACT_CORRECT,False,False,False,False,False,False,True,True,True,True,False,[],,"[{""categoryId"":""LIFE_TASK"",""categoryName"":""생활·할 일"",""score"":1.0}]","[{""categoryId"":""LIFE_TASK"",""categoryName"":""생활·할 일"",""score"":1.0}]",True,True,True,False,8179.4093
9,TEXT-009,integrated-without-description,integrated,False,1,텍스트-2026.07.20-1035,생활·할 일/009-텍스트-2026.07.20-1035.txt,LIFE_TASK,생활·할 일,LIFE_TASK,True,0.7,LIFE_TASK,LIFE_TASK,True,,0,1,True,True,EXACT_CORRECT,False,False,False,False,False,False,True,True,True,True,False,[],,"[{""categoryId"":""LIFE_TASK"",""categoryName"":""생활·할 일"",""score"":1.0}]","[{""categoryId"":""LIFE_TASK"",""categoryName"":""생활·할 일"",""score"":1.0}]",True,True,True,False,7495.3913
10,TEXT-010,integrated-without-description,integrated,False,1,주말 방 정리 계획,생활·할 일/010-주말 방 정리 계획.txt,LIFE_TASK,생활·할 일,LIFE_TASK,True,0.7,LIFE_TASK,LIFE_TASK,True,,0,1,True,True,EXACT_CORRECT,False,False,False,False,False,False,True,True,True,True,False,[],,"[{""categoryId"":""LIFE_TASK"",""categoryName"":""생활·할 일"",""score"":1.0}]","[{""categoryId"":""LIFE_TASK"",""categoryName"":""생활·할 일"",""score"":1.0}]",True,True,True,False,8364.4445
24,TEXT-024,integrated-without-description,integrated,False,1,이사 전날 확인할 목록,생활·할 일/024-이사 전날 확인할 목록.txt,LIFE_TASK,생활·할 일,LIFE_TASK,True,0.7,LIFE_TASK,LIFE_TASK,True,,0,1,True,True,EXACT_CORRECT,False,False,False,False,False,False,True,True,True,True,False,[],,"[{""categoryId"":""LIFE_TASK"",""categoryName"":""생활·할 일"",""score"":1.0}]","[{""categoryId"":""LIFE_TASK"",""categoryName"":""생활·할 일"",""score"":1.0}]",True,True,True,False,8120.4651
25,TEXT-025,integrated-without-description,integrated,False,1,텍스트-2026-07-01,생활·할 일/025-텍스트-2026-07-01.txt,LIFE_TASK,생활·할 일,LIFE_TASK,True,0.7,LIFE_TASK,LIFE_TASK,True,,0,1,True,True,EXACT_CORRECT,False,False,False,False,False,False,True,True,True,True,False,[],,"[{""categoryId"":""LIFE_TASK"",""categoryName"":""생활·할 일"",""score"":1.0}]","[{""categoryId"":""LIFE_TASK"",""categoryName"":""생활·할 일"",""score"":1.0}]",True,True,True,False,7528.2241
26,TEXT-026,integrated-without-description,integrated,False,1,장마철 빨래 냄새 줄이는 방법,생활·할 일/026-장마철 빨래 냄새 줄이는 방법.txt,LIFE_TASK,생활·할 일,LIFE_TASK,True,0.7,LIFE_TASK,LIFE_TASK,True,,0,1,True,True,EXACT_CORRECT,False,False,False,False,False,False,True,True,True,True,False,[],,"[{""categoryId"":""LIFE_TASK"",""categoryName"":""생활·할 일"",""score"":1.0}]","[{""categoryId"":""LIFE_TASK"",""categoryName"":""생활·할 일"",""score"":1.0}]",True,True,True,False,7115.951
27,TEXT-027,integrated-without-description,integrated,False,1,다음 주 일정 메모,생활·할 일/027-다음 주 일정 메모.txt,LIFE_TASK,생활·할 일,LIFE_TASK,True,0.7,LIFE_TASK,LIFE_TASK,True,,0,1,True,True,EXACT_CORRECT,False,False,False,False,False,False,True,True,True,True,False,[],,"[{""categoryId"":""LIFE_TASK"",""categoryName"":""생활·할 일"",""score"":1.0}]","[{""categoryId"":""LIFE_TASK"",""categoryName"":""생활·할 일"",""score"":1.0}]",True,True,True,False,6179.9371
28,TEXT-028,integrated-without-description,integrated,False,1,공과금 자동이체 변경 순서,생활·할 일/028-공과금 자동이체 변경 순서.txt,LIFE_TASK,생활·할 일,LIFE_TASK,True,0.7,LIFE_TASK,LIFE_TASK,True,,0,1,True,True,EXACT_CORRECT,False,False,False,False,False,False,True,True,True,True,False,[],,"[{""categoryId"":""LIFE_TASK"",""categoryName"":""생활·할 일"",""score"":1.0}]","[{""categoryId"":""LIFE_TASK"",""categoryName"":""생활·할 일"",""score"":1.0}]",True,True,True,False,7608.9723
23,TEXT-023,integrated-without-description,integrated,False,1,기숙사 준비물,생활·할 일/기숙사 준비물.txt,LIFE_TASK,생활·할 일,LIFE_TASK,True,0.7,LIFE_TASK,LIFE_TASK,True,,0,1,True,True,EXACT_CORRECT,False,False,False,False,False,False,True,True,True,True,False,[],,"[{""categoryId"":""LIFE_TASK"",""categoryName"":""생활·할 일"",""score"":1.0}]","[{""categoryId"":""LIFE_TASK"",""categoryName"":""생활·할 일"",""score"":1.0}]",True,True,True,False,7158.3189
11,TEXT-011,integrated-without-description,integrated,False,1,텍스트-2026.07.20-1100,쇼핑·제품/011-텍스트-2026.07.20-1100.txt,SHOPPING_PRODUCT,쇼핑·제품,SHOPPING_PRODUCT,True,0.7,SHOPPING_PRODUCT|CAREER|LEARNING_KNOWLEDGE,SHOPPING_PRODUCT|CAREER,True,CAREER|LEARNING_KNOWLEDGE,2,3,False,False,WRONG_OVER_PREDICTION,True,False,False,False,False,True,True,True,False,True,False,[],OVER_PREDICTION,"[{""categoryId"":""SHOPPING_PRODUCT"",""categoryName"":""쇼핑·제품"",""score"":0.95},{""categoryId"":""CAREER"",""categoryName"":""취업·커리어"",""score"":0.85},{""categoryId"":""LEARNING_KNOWLEDGE"",""categoryName"":""학습·지식"",""score"":0.75}]","[{""categoryId"":""SHOPPING_PRODUCT"",""categoryName"":""쇼핑·제품"",""score"":0.95},{""categoryId"":""CAREER"",""categoryName"":""취업·커리어"",""score"":0.85},{""categoryId"":""LEARNING_KNOWLEDGE"",""categoryName"":""학습·지식"",""score"":0.75}]",True,True,True,False,10908.9043
12,TEXT-012,integrated-without-description,integrated,False,1,무선 키보드 구매 후보,쇼핑·제품/012-무선 키보드 구매 후보.txt,SHOPPING_PRODUCT,쇼핑·제품,SHOPPING_PRODUCT,True,0.7,SHOPPING_PRODUCT,SHOPPING_PRODUCT,True,,0,1,True,True,EXACT_CORRECT,False,False,False,False,False,False,True,True,True,True,False,[],,"[{""categoryId"":""SHOPPING_PRODUCT"",""categoryName"":""쇼핑·제품"",""score"":0.9},{""categoryId"":""CAREER"",""categoryName"":""취업·커리어"",""score"":0.6}]","[{""categoryId"":""SHOPPING_PRODUCT"",""categoryName"":""쇼핑·제품"",""score"":0.9},{""categoryId"":""CAREER"",""categoryName"":""취업·커리어"",""score"":0.6}]",True,True,True,False,10033.7437
49,TEXT-049,integrated-without-description,integrated,False,1,무선 키보드 비교,쇼핑·제품/049-무선 키보드 비교.txt,SHOPPING_PRODUCT,쇼핑·제품,SHOPPING_PRODUCT,True,0.7,SHOPPING_PRODUCT,SHOPPING_PRODUCT,True,,0,1,True,True,EXACT_CORRECT,False,False,False,False,False,False,True,True,True,True,False,[],,"[{""categoryId"":""SHOPPING_PRODUCT"",""categoryName"":""쇼핑·제품"",""score"":0.9},{""categoryId"":""LEARNING_KNOWLEDGE"",""categoryName"":""학습·지식"",""score"":0.6}]","[{""categoryId"":""SHOPPING_PRODUCT"",""categoryName"":""쇼핑·제품"",""score"":0.9},{""categoryId"":""LEARNING_KNOWLEDGE"",""categoryName"":""학습·지식"",""score"":0.6}]",True,True,True,False,10345.7986
50,TEXT-050,integrated-without-description,integrated,False,1,텍스트-2026-07-11,쇼핑·제품/050-텍스트-2026-07-11.txt,SHOPPING_PRODUCT,쇼핑·제품,SHOPPING_PRODUCT,True,0.7,SHOPPING_PRODUCT,SHOPPING_PRODUCT,True,,0,1,True,True,EXACT_CORRECT,False,False,False,False,False,False,True,True,True,True,False,[],,"[{""categoryId"":""SHOPPING_PRODUCT"",""categoryName"":""쇼핑·제품"",""score"":0.9}]","[{""categoryId"":""SHOPPING_PRODUCT"",""categoryName"":""쇼핑·제품"",""score"":0.9}]",True,True,True,False,7051.7727
51,TEXT-051,integrated-without-description,integrated,False,1,로봇청소기 구매 후보,쇼핑·제품/051-로봇청소기 구매 후보.txt,SHOPPING_PRODUCT,쇼핑·제품,SHOPPING_PRODUCT,True,0.7,SHOPPING_PRODUCT,SHOPPING_PRODUCT,True,,0,1,True,True,EXACT_CORRECT,False,False,False,False,False,False,True,True,True,True,False,[],,"[{""categoryId"":""SHOPPING_PRODUCT"",""categoryName"":""쇼핑·제품"",""score"":0.95}]","[{""categoryId"":""SHOPPING_PRODUCT"",""categoryName"":""쇼핑·제품"",""score"":0.95}]",True,True,True,False,8300.8516
52,TEXT-052,integrated-without-description,integrated,False,1,여행용 보조배터리 확인 사항,쇼핑·제품/052-여행용 보조배터리 확인 사항.txt,SHOPPING_PRODUCT,쇼핑·제품,SHOPPING_PRODUCT,True,0.7,SHOPPING_PRODUCT,SHOPPING_PRODUCT,True,,0,1,True,True,EXACT_CORRECT,False,False,False,False,False,False,True,True,True,True,False,[],,"[{""categoryId"":""SHOPPING_PRODUCT"",""categoryName"":""쇼핑·제품"",""score"":0.8},{""categoryId"":""TRAVEL_PLACE"",""categoryName"":""여행·장소"",""score"":0.6}]","[{""categoryId"":""SHOPPING_PRODUCT"",""categoryName"":""쇼핑·제품"",""score"":0.8},{""categoryId"":""TRAVEL_PLACE"",""categoryName"":""여행·장소"",""score"":0.6}]",True,True,True,False,9370.5281
53,TEXT-053,integrated-without-description,integrated,False,1,부모님 선물용 마사지기 후기,쇼핑·제품/053-부모님 선물용 마사지기 후기.txt,SHOPPING_PRODUCT,쇼핑·제품,SHOPPING_PRODUCT,True,0.7,SHOPPING_PRODUCT,SHOPPING_PRODUCT,True,,0,1,True,True,EXACT_CORRECT,False,False,False,False,False,False,True,True,True,True,False,[],,"[{""categoryId"":""SHOPPING_PRODUCT"",""categoryName"":""쇼핑·제품"",""score"":0.8}]","[{""categoryId"":""SHOPPING_PRODUCT"",""categoryName"":""쇼핑·제품"",""score"":0.8}]",True,True,True,False,8164.9685
5,TEXT-005,integrated-without-description,integrated,False,1,텍스트-2026.07.20-0940,아이디어·영감/005-텍스트-2026.07.20-0940.txt,IDEA_INSPIRATION,아이디어·영감,LEARNING_KNOWLEDGE,False,0.7,LEARNING_KNOWLEDGE,LEARNING_KNOWLEDGE,False,LEARNING_KNOWLEDGE,1,1,False,False,WRONG_MISSING_GOLD,False,True,False,False,False,False,False,False,False,False,False,[],MISSING_GOLD_CATEGORY,"[{""categoryId"":""LEARNING_KNOWLEDGE"",""categoryName"":""학습·지식"",""score"":0.95}]","[{""categoryId"":""LEARNING_KNOWLEDGE"",""categoryName"":""학습·지식"",""score"":0.95}]",True,True,True,False,9495.3137
69,TEXT-069,integrated-without-description,integrated,False,1,앱 첫 화면 디자인 참고,아이디어·영감/069-앱 첫 화면 디자인 참고.txt,IDEA_INSPIRATION,아이디어·영감,IDEA_INSPIRATION,True,0.7,IDEA_INSPIRATION,IDEA_INSPIRATION,True,,0,1,True,True,EXACT_CORRECT,False,False,False,False,False,False,True,True,True,True,False,[],,"[{""categoryId"":""IDEA_INSPIRATION"",""categoryName"":""아이디어·영감"",""score"":0.8}]","[{""categoryId"":""IDEA_INSPIRATION"",""categoryName"":""아이디어·영감"",""score"":0.8}]",True,True,True,False,7901.2782
70,TEXT-070,integrated-without-description,integrated,False,1,텍스트-2026-07-19,아이디어·영감/070-텍스트-2026-07-19.txt,IDEA_INSPIRATION,아이디어·영감,LEARNING_KNOWLEDGE,False,0.7,LEARNING_KNOWLEDGE,LEARNING_KNOWLEDGE,False,LEARNING_KNOWLEDGE,1,1,False,False,WRONG_MISSING_GOLD,False,True,False,False,False,False,False,False,False,False,False,[],MISSING_GOLD_CATEGORY,"[{""categoryId"":""LEARNING_KNOWLEDGE"",""categoryName"":""학습·지식"",""score"":0.85}]","[{""categoryId"":""LEARNING_KNOWLEDGE"",""categoryName"":""학습·지식"",""score"":0.85}]",True,True,True,False,7104.4125
71,TEXT-071,integrated-without-description,integrated,False,1,방 꾸미기 참고 이미지,아이디어·영감/071-방 꾸미기 참고 이미지.txt,IDEA_INSPIRATION,아이디어·영감,LIFE_TASK,False,0.7,LIFE_TASK,LIFE_TASK,False,LIFE_TASK,1,1,False,False,WRONG_MISSING_GOLD,False,True,False,False,False,False,False,False,False,False,False,[],MISSING_GOLD_CATEGORY,"[{""categoryId"":""LIFE_TASK"",""categoryName"":""생활·할 일"",""score"":0.85},{""categoryId"":""CULTURE_CONTENT"",""categoryName"":""문화·콘텐츠"",""score"":0.65}]","[{""categoryId"":""LIFE_TASK"",""categoryName"":""생활·할 일"",""score"":0.85},{""categoryId"":""CULTURE_CONTENT"",""categoryName"":""문화·콘텐츠"",""score"":0.65}]",True,True,True,False,9101.5621
72,TEXT-072,integrated-without-description,integrated,False,1,숏폼 콘텐츠 구성 방식,아이디어·영감/072-숏폼 콘텐츠 구성 방식.txt,IDEA_INSPIRATION,아이디어·영감,LEARNING_KNOWLEDGE,False,0.7,LEARNING_KNOWLEDGE|IDEA_INSPIRATION,LEARNING_KNOWLEDGE|IDEA_INSPIRATION,True,LEARNING_KNOWLEDGE,1,2,False,True,RELAXED_CORRECT,False,False,False,False,False,False,True,True,False,True,False,[],,"[{""categoryId"":""LEARNING_KNOWLEDGE"",""categoryName"":""학습·지식"",""score"":0.95},{""categoryId"":""IDEA_INSPIRATION"",""categoryName"":""아이디어·영감"",""score"":0.85}]","[{""categoryId"":""LEARNING_KNOWLEDGE"",""categoryName"":""학습·지식"",""score"":0.95},{""categoryId"":""IDEA_INSPIRATION"",""categoryName"":""아이디어·영감"",""score"":0.85}]",True,True,True,False,9457.5641
73,TEXT-073,integrated-without-description,integrated,False,1,사진 구도 참고,아이디어·영감/073-사진 구도 참고.txt,IDEA_INSPIRATION,아이디어·영감,IDEA_INSPIRATION,True,0.7,IDEA_INSPIRATION,IDEA_INSPIRATION,True,,0,1,True,True,EXACT_CORRECT,False,False,False,False,False,False,True,True,True,True,False,[],,"[{""categoryId"":""IDEA_INSPIRATION"",""categoryName"":""아이디어·영감"",""score"":0.8},{""categoryId"":""TRAVEL_PLACE"",""categoryName"":""여행·장소"",""score"":0.6}]","[{""categoryId"":""IDEA_INSPIRATION"",""categoryName"":""아이디어·영감"",""score"":0.8},{""categoryId"":""TRAVEL_PLACE"",""categoryName"":""여행·장소"",""score"":0.6}]",True,True,True,False,8520.8104
15,TEXT-015,integrated-without-description,integrated,False,1,텍스트-2026.07.20-1150,여행·장소/015-텍스트-2026.07.20-1150.txt,TRAVEL_PLACE,여행·장소,TRAVEL_PLACE,True,0.7,TRAVEL_PLACE,TRAVEL_PLACE,True,,0,1,True,True,EXACT_CORRECT,False,False,False,False,False,False,True,True,True,True,False,[],,"[{""categoryId"":""TRAVEL_PLACE"",""categoryName"":""여행·장소"",""score"":0.95}]","[{""categoryId"":""TRAVEL_PLACE"",""categoryName"":""여행·장소"",""score"":0.95}]",True,True,True,False,10852.7688
16,TEXT-016,integrated-without-description,integrated,False,1,서울 전시회 방문 후보,여행·장소/016-서울 전시회 방문 후보.txt,TRAVEL_PLACE,여행·장소,TRAVEL_PLACE,True,0.7,TRAVEL_PLACE,TRAVEL_PLACE,True,,0,1,True,True,EXACT_CORRECT,False,False,False,False,False,False,True,True,True,True,False,[],,"[{""categoryId"":""TRAVEL_PLACE"",""categoryName"":""여행·장소"",""score"":0.95}]","[{""categoryId"":""TRAVEL_PLACE"",""categoryName"":""여행·장소"",""score"":0.95}]",True,True,True,False,9609.8655
39,TEXT-039,integrated-without-description,integrated,False,1,부산에서 일몰 보기 좋은 곳,여행·장소/039-부산에서 일몰 보기 좋은 곳.txt,TRAVEL_PLACE,여행·장소,TRAVEL_PLACE,True,0.7,TRAVEL_PLACE,TRAVEL_PLACE,True,,0,1,True,True,EXACT_CORRECT,False,False,False,False,False,False,True,True,True,True,False,[],,"[{""categoryId"":""TRAVEL_PLACE"",""categoryName"":""여행·장소"",""score"":0.95},{""categoryId"":""LIFE_TASK"",""categoryName"":""생활·할 일"",""score"":0.05}]","[{""categoryId"":""TRAVEL_PLACE"",""categoryName"":""여행·장소"",""score"":0.95},{""categoryId"":""LIFE_TASK"",""categoryName"":""생활·할 일"",""score"":0.05}]",True,True,True,False,8931.4611
40,TEXT-040,integrated-without-description,integrated,False,1,텍스트-2026-07-07,여행·장소/040-텍스트-2026-07-07.txt,TRAVEL_PLACE,여행·장소,TRAVEL_PLACE,True,0.7,TRAVEL_PLACE,TRAVEL_PLACE,True,,0,1,True,True,EXACT_CORRECT,False,False,False,False,False,False,True,True,True,True,False,[],,"[{""categoryId"":""TRAVEL_PLACE"",""categoryName"":""여행·장소"",""score"":0.9}]","[{""categoryId"":""TRAVEL_PLACE"",""categoryName"":""여행·장소"",""score"":0.9}]",True,True,True,False,6831.268
41,TEXT-041,integrated-without-description,integrated,False,1,교토 버스 이용 팁,여행·장소/041-교토 버스 이용 팁.txt,TRAVEL_PLACE,여행·장소,LIFE_TASK,False,0.7,LIFE_TASK,LIFE_TASK,False,LIFE_TASK,1,1,False,False,WRONG_MISSING_GOLD,False,True,False,False,False,False,False,False,False,False,False,[],MISSING_GOLD_CATEGORY,"[{""categoryId"":""LIFE_TASK"",""categoryName"":""생활·할 일"",""score"":0.95}]","[{""categoryId"":""LIFE_TASK"",""categoryName"":""생활·할 일"",""score"":0.95}]",True,True,True,False,6439.6344
42,TEXT-042,integrated-without-description,integrated,False,1,비 오는 날 서울에서 갈 곳,여행·장소/042-비 오는 날 서울에서 갈 곳.txt,TRAVEL_PLACE,여행·장소,CULTURE_CONTENT,False,0.7,CULTURE_CONTENT|TRAVEL_PLACE,CULTURE_CONTENT|TRAVEL_PLACE,True,CULTURE_CONTENT,1,2,False,True,RELAXED_CORRECT,False,False,False,False,False,False,True,True,False,True,False,[],,"[{""categoryId"":""CULTURE_CONTENT"",""categoryName"":""문화·콘텐츠"",""score"":0.8},{""categoryId"":""TRAVEL_PLACE"",""categoryName"":""여행·장소"",""score"":0.7}]","[{""categoryId"":""CULTURE_CONTENT"",""categoryName"":""문화·콘텐츠"",""score"":0.8},{""categoryId"":""TRAVEL_PLACE"",""categoryName"":""여행·장소"",""score"":0.7}]",True,True,True,False,8280.0704
43,TEXT-043,integrated-without-description,integrated,False,1,숙소 예약 전에 확인할 내용,여행·장소/043-숙소 예약 전에 확인할 내용.txt,TRAVEL_PLACE,여행·장소,LIFE_TASK,False,0.7,LIFE_TASK,LIFE_TASK,False,LIFE_TASK,1,1,False,False,WRONG_MISSING_GOLD,False,True,False,False,False,False,False,False,False,False,False,[],MISSING_GOLD_CATEGORY,"[{""categoryId"":""LIFE_TASK"",""categoryName"":""생활·할 일"",""score"":1.0}]","[{""categoryId"":""LIFE_TASK"",""categoryName"":""생활·할 일"",""score"":1.0}]",True,True,True,False,7511.6466
13,TEXT-013,integrated-without-description,integrated,False,1,텍스트-2026.07.20-1125,음식·맛집/013-텍스트-2026.07.20-1125.txt,FOOD_RESTAURANT,음식·맛집,FOOD_RESTAURANT,True,0.7,FOOD_RESTAURANT,FOOD_RESTAURANT,True,,0,1,True,True,EXACT_CORRECT,False,False,False,False,False,False,True,True,True,True,False,[],,"[{""categoryId"":""FOOD_RESTAURANT"",""categoryName"":""음식·맛집"",""score"":1.0}]","[{""categoryId"":""FOOD_RESTAURANT"",""categoryName"":""음식·맛집"",""score"":1.0}]",True,True,True,False,8341.7164
14,TEXT-014,integrated-without-description,integrated,False,1,닭가슴살 볶음밥 레시피,음식·맛집/014-닭가슴살 볶음밥 레시피.txt,FOOD_RESTAURANT,음식·맛집,LEARNING_KNOWLEDGE,False,0.7,LEARNING_KNOWLEDGE,LEARNING_KNOWLEDGE,False,LEARNING_KNOWLEDGE,1,1,False,False,WRONG_MISSING_GOLD,False,True,False,False,False,False,False,False,False,False,False,[],MISSING_GOLD_CATEGORY,"[{""categoryId"":""LEARNING_KNOWLEDGE"",""categoryName"":""학습·지식"",""score"":0.95}]","[{""categoryId"":""LEARNING_KNOWLEDGE"",""categoryName"":""학습·지식"",""score"":0.95}]",True,True,True,False,8166.0339
44,TEXT-044,integrated-without-description,integrated,False,1,성수동 파스타 식당,음식·맛집/044-성수동 파스타 식당.txt,FOOD_RESTAURANT,음식·맛집,FOOD_RESTAURANT,True,0.7,FOOD_RESTAURANT,FOOD_RESTAURANT,True,,0,1,True,True,EXACT_CORRECT,False,False,False,False,False,False,True,True,True,True,False,[],,"[{""categoryId"":""FOOD_RESTAURANT"",""categoryName"":""음식·맛집"",""score"":1.0}]","[{""categoryId"":""FOOD_RESTAURANT"",""categoryName"":""음식·맛집"",""score"":1.0}]",True,True,True,False,8371.1253
45,TEXT-045,integrated-without-description,integrated,False,1,텍스트-2026-07-09,음식·맛집/045-텍스트-2026-07-09.txt,FOOD_RESTAURANT,음식·맛집,FOOD_RESTAURANT,True,0.7,FOOD_RESTAURANT,FOOD_RESTAURANT,True,,0,1,True,True,EXACT_CORRECT,False,False,False,False,False,False,True,True,True,True,False,[],,"[{""categoryId"":""FOOD_RESTAURANT"",""categoryName"":""음식·맛집"",""score"":1.0}]","[{""categoryId"":""FOOD_RESTAURANT"",""categoryName"":""음식·맛집"",""score"":1.0}]",True,True,True,False,6894.223
46,TEXT-046,integrated-without-description,integrated,False,1,광주에서 늦게까지 하는 카페,음식·맛집/046-광주에서 늦게까지 하는 카페.txt,FOOD_RESTAURANT,음식·맛집,FOOD_RESTAURANT,True,0.7,FOOD_RESTAURANT|LIFE_TASK,FOOD_RESTAURANT|LIFE_TASK,True,LIFE_TASK,1,2,False,True,RELAXED_CORRECT,False,False,False,False,False,False,True,True,False,True,False,[],,"[{""categoryId"":""FOOD_RESTAURANT"",""categoryName"":""음식·맛집"",""score"":0.95},{""categoryId"":""LIFE_TASK"",""categoryName"":""생활·할 일"",""score"":0.85}]","[{""categoryId"":""FOOD_RESTAURANT"",""categoryName"":""음식·맛집"",""score"":0.95},{""categoryId"":""LIFE_TASK"",""categoryName"":""생활·할 일"",""score"":0.85}]",True,True,True,False,9393.9083
47,TEXT-047,integrated-without-description,integrated,False,1,냉동 만두를 바삭하게 굽는 방법,음식·맛집/047-냉동 만두를 바삭하게 굽는 방법.txt,FOOD_RESTAURANT,음식·맛집,FOOD_RESTAURANT,True,0.7,FOOD_RESTAURANT,FOOD_RESTAURANT,True,,0,1,True,True,EXACT_CORRECT,False,False,False,False,False,False,True,True,True,True,False,[],,"[{""categoryId"":""FOOD_RESTAURANT"",""categoryName"":""음식·맛집"",""score"":0.95}]","[{""categoryId"":""FOOD_RESTAURANT"",""categoryName"":""음식·맛집"",""score"":0.95}]",True,True,True,False,9487.9999
48,TEXT-048,integrated-without-description,integrated,False,1,제주 고기국수 후보,음식·맛집/048-제주 고기국수 후보.txt,FOOD_RESTAURANT,음식·맛집,FOOD_RESTAURANT,True,0.7,FOOD_RESTAURANT,FOOD_RESTAURANT,True,,0,1,True,True,EXACT_CORRECT,False,False,False,False,False,False,True,True,True,True,False,[],,"[{""categoryId"":""FOOD_RESTAURANT"",""categoryName"":""음식·맛집"",""score"":1.0}]","[{""categoryId"":""FOOD_RESTAURANT"",""categoryName"":""음식·맛집"",""score"":1.0}]",True,True,True,False,7543.9839
7,TEXT-007,integrated-without-description,integrated,False,1,텍스트-2026.07.20-1010,취업·커리어/007-텍스트-2026.07.20-1010.txt,CAREER,취업·커리어,LEARNING_KNOWLEDGE,False,0.7,LEARNING_KNOWLEDGE,LEARNING_KNOWLEDGE,False,LEARNING_KNOWLEDGE,1,1,False,False,WRONG_MISSING_GOLD,False,True,False,False,False,False,False,False,False,False,False,[],MISSING_GOLD_CATEGORY,"[{""categoryId"":""LEARNING_KNOWLEDGE"",""categoryName"":""학습·지식"",""score"":1.0}]","[{""categoryId"":""LEARNING_KNOWLEDGE"",""categoryName"":""학습·지식"",""score"":1.0}]",True,True,True,False,8303.9658
8,TEXT-008,integrated-without-description,integrated,False,1,공기업 채용 공고 확인,취업·커리어/008-공기업 채용 공고 확인.txt,CAREER,취업·커리어,CAREER,True,0.7,CAREER,CAREER,True,,0,1,True,True,EXACT_CORRECT,False,False,False,False,False,False,True,True,True,True,False,[],,"[{""categoryId"":""CAREER"",""categoryName"":""취업·커리어"",""score"":0.95}]","[{""categoryId"":""CAREER"",""categoryName"":""취업·커리어"",""score"":0.95}]",True,True,True,False,8738.6838
34,TEXT-034,integrated-without-description,integrated,False,1,백엔드 개발자 채용 공고 확인,취업·커리어/034-백엔드 개발자 채용 공고 확인.txt,CAREER,취업·커리어,CAREER,True,0.7,CAREER,CAREER,True,,0,1,True,True,EXACT_CORRECT,False,False,False,False,False,False,True,True,True,True,False,[],,"[{""categoryId"":""CAREER"",""categoryName"":""취업·커리어"",""score"":0.95}]","[{""categoryId"":""CAREER"",""categoryName"":""취업·커리어"",""score"":0.95}]",True,True,True,False,8124.2369
35,TEXT-035,integrated-without-description,integrated,False,1,텍스트-2026-07-05,취업·커리어/035-텍스트-2026-07-05.txt,CAREER,취업·커리어,CAREER,True,0.7,CAREER,CAREER,True,,0,1,True,True,EXACT_CORRECT,False,False,False,False,False,False,True,True,True,True,False,[],,"[{""categoryId"":""CAREER"",""categoryName"":""취업·커리어"",""score"":1.0}]","[{""categoryId"":""CAREER"",""categoryName"":""취업·커리어"",""score"":1.0}]",True,True,True,False,8017.8366
36,TEXT-036,integrated-without-description,integrated,False,1,자기소개서 수정할 부분,취업·커리어/036-자기소개서 수정할 부분.txt,CAREER,취업·커리어,LEARNING_KNOWLEDGE,False,0.7,LEARNING_KNOWLEDGE|CAREER,LEARNING_KNOWLEDGE|CAREER,True,LEARNING_KNOWLEDGE,1,2,False,True,RELAXED_CORRECT,False,False,False,False,False,False,True,True,False,True,False,[],,"[{""categoryId"":""LEARNING_KNOWLEDGE"",""categoryName"":""학습·지식"",""score"":0.8},{""categoryId"":""CAREER"",""categoryName"":""취업·커리어"",""score"":0.7}]","[{""categoryId"":""LEARNING_KNOWLEDGE"",""categoryName"":""학습·지식"",""score"":0.8},{""categoryId"":""CAREER"",""categoryName"":""취업·커리어"",""score"":0.7}]",True,True,True,False,8350.3532
37,TEXT-037,integrated-without-description,integrated,False,1,이직 전 확인할 조건,취업·커리어/037-이직 전 확인할 조건.txt,CAREER,취업·커리어,CAREER,True,0.7,CAREER,CAREER,True,,0,1,True,True,EXACT_CORRECT,False,False,False,False,False,False,True,True,True,True,False,[],,"[{""categoryId"":""CAREER"",""categoryName"":""취업·커리어"",""score"":1.0}]","[{""categoryId"":""CAREER"",""categoryName"":""취업·커리어"",""score"":1.0}]",True,True,True,False,7609.9851
38,TEXT-038,integrated-without-description,integrated,False,1,포트폴리오 프로젝트 설명 방식,취업·커리어/038-포트폴리오 프로젝트 설명 방식.txt,CAREER,취업·커리어,LEARNING_KNOWLEDGE,False,0.7,LEARNING_KNOWLEDGE|CAREER,LEARNING_KNOWLEDGE|CAREER,True,LEARNING_KNOWLEDGE,1,2,False,True,RELAXED_CORRECT,False,False,False,False,False,False,True,True,False,True,False,[],,"[{""categoryId"":""LEARNING_KNOWLEDGE"",""categoryName"":""학습·지식"",""score"":0.9},{""categoryId"":""CAREER"",""categoryName"":""취업·커리어"",""score"":0.7}]","[{""categoryId"":""LEARNING_KNOWLEDGE"",""categoryName"":""학습·지식"",""score"":0.9},{""categoryId"":""CAREER"",""categoryName"":""취업·커리어"",""score"":0.7}]",True,True,True,False,9926.3548
1,TEXT-001,integrated-without-description,integrated,False,1,텍스트-2026.07.20-0905,학습·지식/001-텍스트-2026.07.20-0905.txt,LEARNING_KNOWLEDGE,학습·지식,SHOPPING_PRODUCT,False,0.7,SHOPPING_PRODUCT|LEARNING_KNOWLEDGE,SHOPPING_PRODUCT|LEARNING_KNOWLEDGE,True,SHOPPING_PRODUCT,1,2,False,True,RELAXED_CORRECT,False,False,False,False,False,False,True,True,False,True,False,[],,"[{""categoryId"":""SHOPPING_PRODUCT"",""categoryName"":""쇼핑·제품"",""score"":0.8},{""categoryId"":""LEARNING_KNOWLEDGE"",""categoryName"":""학습·지식"",""score"":0.7}]","[{""categoryId"":""SHOPPING_PRODUCT"",""categoryName"":""쇼핑·제품"",""score"":0.8},{""categoryId"":""LEARNING_KNOWLEDGE"",""categoryName"":""학습·지식"",""score"":0.7}]",True,True,True,False,10193.3187
2,TEXT-002,integrated-without-description,integrated,False,1,JWT 재발급 구조 정리,학습·지식/002-JWT 재발급 구조 정리.txt,LEARNING_KNOWLEDGE,학습·지식,LEARNING_KNOWLEDGE,True,0.7,LEARNING_KNOWLEDGE,LEARNING_KNOWLEDGE,True,,0,1,True,True,EXACT_CORRECT,False,False,False,False,False,False,True,True,True,True,False,[],,"[{""categoryId"":""LEARNING_KNOWLEDGE"",""categoryName"":""학습·지식"",""score"":0.95}]","[{""categoryId"":""LEARNING_KNOWLEDGE"",""categoryName"":""학습·지식"",""score"":0.95}]",True,True,True,False,9340.8245
3,TEXT-003,integrated-without-description,integrated,False,1,텍스트-2026.07.20-0920,학습·지식/003-텍스트-2026.07.20-0920.txt,LEARNING_KNOWLEDGE,학습·지식,LEARNING_KNOWLEDGE,True,0.7,LEARNING_KNOWLEDGE,LEARNING_KNOWLEDGE,True,,0,1,True,True,EXACT_CORRECT,False,False,False,False,False,False,True,True,True,True,False,[],,"[{""categoryId"":""LEARNING_KNOWLEDGE"",""categoryName"":""학습·지식"",""score"":1.0}]","[{""categoryId"":""LEARNING_KNOWLEDGE"",""categoryName"":""학습·지식"",""score"":1.0}]",True,True,True,False,6628.6411
4,TEXT-004,integrated-without-description,integrated,False,1,SQLD 시험 공부 계획,학습·지식/004-SQLD 시험 공부 계획.txt,LEARNING_KNOWLEDGE,학습·지식,LEARNING_KNOWLEDGE,True,0.7,LEARNING_KNOWLEDGE,LEARNING_KNOWLEDGE,True,,0,1,True,True,EXACT_CORRECT,False,False,False,False,False,False,True,True,True,True,False,[],,"[{""categoryId"":""LEARNING_KNOWLEDGE"",""categoryName"":""학습·지식"",""score"":1.0}]","[{""categoryId"":""LEARNING_KNOWLEDGE"",""categoryName"":""학습·지식"",""score"":1.0}]",True,True,True,False,7781.8092
29,TEXT-029,integrated-without-description,integrated,False,1,Redis 큐에서 작업이 중복될 수 있는 이유,학습·지식/029-Redis 큐에서 작업이 중복될 수 있는 이유.txt,LEARNING_KNOWLEDGE,학습·지식,LEARNING_KNOWLEDGE,True,0.7,LEARNING_KNOWLEDGE,LEARNING_KNOWLEDGE,True,,0,1,True,True,EXACT_CORRECT,False,False,False,False,False,False,True,True,True,True,False,[],,"[{""categoryId"":""LEARNING_KNOWLEDGE"",""categoryName"":""학습·지식"",""score"":0.95}]","[{""categoryId"":""LEARNING_KNOWLEDGE"",""categoryName"":""학습·지식"",""score"":0.95}]",True,True,True,False,7941.0225
30,TEXT-030,integrated-without-description,integrated,False,1,텍스트-2026-07-03,학습·지식/030-텍스트-2026-07-03.txt,LEARNING_KNOWLEDGE,학습·지식,LEARNING_KNOWLEDGE,True,0.7,LEARNING_KNOWLEDGE,LEARNING_KNOWLEDGE,True,,0,1,True,True,EXACT_CORRECT,False,False,False,False,False,False,True,True,True,True,False,[],,"[{""categoryId"":""LEARNING_KNOWLEDGE"",""categoryName"":""학습·지식"",""score"":1.0}]","[{""categoryId"":""LEARNING_KNOWLEDGE"",""categoryName"":""학습·지식"",""score"":1.0}]",True,True,True,False,7090.3731
31,TEXT-031,integrated-without-description,integrated,False,1,사진 촬영에서 조리개의 역할,학습·지식/031-사진 촬영에서 조리개의 역할.txt,LEARNING_KNOWLEDGE,학습·지식,LEARNING_KNOWLEDGE,True,0.7,LEARNING_KNOWLEDGE,LEARNING_KNOWLEDGE,True,,0,1,True,True,EXACT_CORRECT,False,False,False,False,False,False,True,True,True,True,False,[],,"[{""categoryId"":""LEARNING_KNOWLEDGE"",""categoryName"":""학습·지식"",""score"":0.95}]","[{""categoryId"":""LEARNING_KNOWLEDGE"",""categoryName"":""학습·지식"",""score"":0.95}]",True,True,True,False,10126.7195
32,TEXT-032,integrated-without-description,integrated,False,1,전세와 월세의 차이 정리,학습·지식/032-전세와 월세의 차이 정리.txt,LEARNING_KNOWLEDGE,학습·지식,LEARNING_KNOWLEDGE,True,0.7,LEARNING_KNOWLEDGE,LEARNING_KNOWLEDGE,True,,0,1,True,True,EXACT_CORRECT,False,False,False,False,False,False,True,True,True,True,False,[],,"[{""categoryId"":""LEARNING_KNOWLEDGE"",""categoryName"":""학습·지식"",""score"":1.0}]","[{""categoryId"":""LEARNING_KNOWLEDGE"",""categoryName"":""학습·지식"",""score"":1.0}]",True,True,True,False,7480.3522
33,TEXT-033,integrated-without-description,integrated,False,1,좋은 발표 자료의 정보 구조,학습·지식/033-좋은 발표 자료의 정보 구조.txt,LEARNING_KNOWLEDGE,학습·지식,LEARNING_KNOWLEDGE,True,0.7,LEARNING_KNOWLEDGE,LEARNING_KNOWLEDGE,True,,0,1,True,True,EXACT_CORRECT,False,False,False,False,False,False,True,True,True,True,False,[],,"[{""categoryId"":""LEARNING_KNOWLEDGE"",""categoryName"":""학습·지식"",""score"":0.95}]","[{""categoryId"":""LEARNING_KNOWLEDGE"",""categoryName"":""학습·지식"",""score"":0.95}]",True,True,True,False,8366.4652
17,TEXT-017,integrated-without-description,integrated,False,1,텍스트-2026.07.20-1220,건강·운동/017-텍스트-2026.07.20-1220.txt,HEALTH_EXERCISE,건강·운동,HEALTH_EXERCISE,True,0.8,HEALTH_EXERCISE,HEALTH_EXERCISE,True,,0,1,True,True,EXACT_CORRECT,False,False,False,False,False,False,True,True,True,True,False,[],,"[{""categoryId"":""HEALTH_EXERCISE"",""categoryName"":""건강·운동"",""score"":1.0}]","[{""categoryId"":""HEALTH_EXERCISE"",""categoryName"":""건강·운동"",""score"":1.0}]",True,True,True,False,15173.8502
18,TEXT-018,integrated-without-description,integrated,False,1,주 3회 운동 계획,건강·운동/018-주 3회 운동 계획.txt,HEALTH_EXERCISE,건강·운동,HEALTH_EXERCISE,True,0.8,HEALTH_EXERCISE,HEALTH_EXERCISE,True,,0,1,True,True,EXACT_CORRECT,False,False,False,False,False,False,True,True,True,True,False,[],,"[{""categoryId"":""HEALTH_EXERCISE"",""categoryName"":""건강·운동"",""score"":1.0}]","[{""categoryId"":""HEALTH_EXERCISE"",""categoryName"":""건강·운동"",""score"":1.0}]",True,True,True,False,7717.7076
54,TEXT-054,integrated-without-description,integrated,False,1,허리 부담을 줄이는 스쿼트 자세,건강·운동/054-허리 부담을 줄이는 스쿼트 자세.txt,HEALTH_EXERCISE,건강·운동,HEALTH_EXERCISE,True,0.8,HEALTH_EXERCISE,HEALTH_EXERCISE,True,,0,1,True,True,EXACT_CORRECT,False,False,False,False,False,False,True,True,True,True,False,[],,"[{""categoryId"":""HEALTH_EXERCISE"",""categoryName"":""건강·운동"",""score"":1.0}]","[{""categoryId"":""HEALTH_EXERCISE"",""categoryName"":""건강·운동"",""score"":1.0}]",True,True,True,False,7667.7136
55,TEXT-055,integrated-without-description,integrated,False,1,텍스트-2026-07-13,건강·운동/055-텍스트-2026-07-13.txt,HEALTH_EXERCISE,건강·운동,HEALTH_EXERCISE,True,0.8,HEALTH_EXERCISE,HEALTH_EXERCISE,True,,0,1,True,True,EXACT_CORRECT,False,False,False,False,False,False,True,True,True,True,False,[],,"[{""categoryId"":""HEALTH_EXERCISE"",""categoryName"":""건강·운동"",""score"":0.9}]","[{""categoryId"":""HEALTH_EXERCISE"",""categoryName"":""건강·운동"",""score"":0.9}]",True,True,True,False,6968.2357
56,TEXT-056,integrated-without-description,integrated,False,1,러닝 초보자 주간 계획,건강·운동/056-러닝 초보자 주간 계획.txt,HEALTH_EXERCISE,건강·운동,HEALTH_EXERCISE,True,0.8,HEALTH_EXERCISE,HEALTH_EXERCISE,True,,0,1,True,True,EXACT_CORRECT,False,False,False,False,False,False,True,True,True,True,False,[],,"[{""categoryId"":""HEALTH_EXERCISE"",""categoryName"":""건강·운동"",""score"":1.0}]","[{""categoryId"":""HEALTH_EXERCISE"",""categoryName"":""건강·운동"",""score"":1.0}]",True,True,True,False,8103.6895
57,TEXT-057,integrated-without-description,integrated,False,1,장시간 앉아 있을 때 스트레칭,건강·운동/057-장시간 앉아 있을 때 스트레칭.txt,HEALTH_EXERCISE,건강·운동,HEALTH_EXERCISE,True,0.8,HEALTH_EXERCISE,HEALTH_EXERCISE,True,,0,1,True,True,EXACT_CORRECT,False,False,False,False,False,False,True,True,True,True,False,[],,"[{""categoryId"":""HEALTH_EXERCISE"",""categoryName"":""건강·운동"",""score"":1.0}]","[{""categoryId"":""HEALTH_EXERCISE"",""categoryName"":""건강·운동"",""score"":1.0}]",True,True,True,False,7431.2774
58,TEXT-058,integrated-without-description,integrated,False,1,운동 후 식사 구성,건강·운동/058-운동 후 식사 구성.txt,HEALTH_EXERCISE,건강·운동,HEALTH_EXERCISE,True,0.8,HEALTH_EXERCISE,HEALTH_EXERCISE,True,,0,1,True,True,EXACT_CORRECT,False,False,False,False,False,False,True,True,True,True,False,[],,"[{""categoryId"":""HEALTH_EXERCISE"",""categoryName"":""건강·운동"",""score"":0.9},{""categoryId"":""FOOD_RESTAURANT"",""categoryName"":""음식·맛집"",""score"":0.6}]","[{""categoryId"":""HEALTH_EXERCISE"",""categoryName"":""건강·운동"",""score"":0.9},{""categoryId"":""FOOD_RESTAURANT"",""categoryName"":""음식·맛집"",""score"":0.6}]",True,True,True,False,9554.6999
21,TEXT-021,integrated-without-description,integrated,False,1,텍스트-2026.07.20-1310,기타/021-텍스트-2026.07.20-1310.txt,OTHER,기타,LEARNING_KNOWLEDGE,False,0.8,LEARNING_KNOWLEDGE,LEARNING_KNOWLEDGE,False,LEARNING_KNOWLEDGE,1,1,False,False,WRONG_MISSING_GOLD,False,True,False,False,False,False,False,False,False,False,False,[],MISSING_GOLD_CATEGORY,"[{""categoryId"":""LEARNING_KNOWLEDGE"",""categoryName"":""학습·지식"",""score"":0.8},{""categoryId"":""CAREER"",""categoryName"":""취업·커리어"",""score"":0.6}]","[{""categoryId"":""LEARNING_KNOWLEDGE"",""categoryName"":""학습·지식"",""score"":0.8},{""categoryId"":""CAREER"",""categoryName"":""취업·커리어"",""score"":0.6}]",True,True,True,False,7760.093
22,TEXT-022,integrated-without-description,integrated,False,1,텍스트-2026.07.20-1325,기타/022-텍스트-2026.07.20-1325.txt,OTHER,기타,IDEA_INSPIRATION,False,0.8,IDEA_INSPIRATION,IDEA_INSPIRATION,False,IDEA_INSPIRATION,1,1,False,False,WRONG_MISSING_GOLD,False,True,False,False,False,False,False,False,False,False,False,[],MISSING_GOLD_CATEGORY,"[{""categoryId"":""IDEA_INSPIRATION"",""categoryName"":""아이디어·영감"",""score"":0.8}]","[{""categoryId"":""IDEA_INSPIRATION"",""categoryName"":""아이디어·영감"",""score"":0.8}]",True,True,True,False,7830.6484
74,TEXT-074,integrated-without-description,integrated,False,1,텍스트-2026-07-21,기타/074-텍스트-2026-07-21.txt,OTHER,기타,,False,0.8,,OTHER,False,,0,0,False,False,EMPTY_PREDICTION,False,True,False,True,False,False,False,True,True,True,False,[],MISSING_GOLD_CATEGORY|EMPTY_PREDICTION|FALLBACK_USED,[],[],True,True,True,False,4771.6469
75,TEXT-075,integrated-without-description,integrated,False,1,확인할 문자열,기타/075-확인할 문자열.txt,OTHER,기타,,False,0.8,,OTHER,False,,0,0,False,False,EMPTY_PREDICTION,False,True,False,True,False,False,False,True,True,True,False,[],MISSING_GOLD_CATEGORY|EMPTY_PREDICTION|FALLBACK_USED,[],[],True,True,True,False,3967.0188
76,TEXT-076,integrated-without-description,integrated,False,1,텍스트-2026-07-22,기타/076-텍스트-2026-07-22.txt,OTHER,기타,,False,0.8,,OTHER,False,,0,0,False,False,EMPTY_PREDICTION,False,True,False,True,False,False,False,True,True,True,False,[],MISSING_GOLD_CATEGORY|EMPTY_PREDICTION|FALLBACK_USED,[],[],True,True,True,False,3531.6594
77,TEXT-077,integrated-without-description,integrated,False,1,내용을 확인할 수 없는 링크,기타/077-내용을 확인할 수 없는 링크.txt,OTHER,기타,,False,0.8,,OTHER,False,,0,0,False,False,EMPTY_PREDICTION,False,True,False,True,False,False,False,True,True,True,False,[],MISSING_GOLD_CATEGORY|EMPTY_PREDICTION|FALLBACK_USED,[],[],True,True,True,False,4471.2315
78,TEXT-078,integrated-without-description,integrated,False,1,이미지 추출 실패,기타/078-이미지 추출 실패.txt,OTHER,기타,,False,0.8,,OTHER,False,,0,0,False,False,EMPTY_PREDICTION,False,True,False,True,False,False,False,True,True,True,False,[],MISSING_GOLD_CATEGORY|EMPTY_PREDICTION|FALLBACK_USED,[],[],True,True,True,False,5874.2356
64,TEXT-064,integrated-without-description,integrated,False,1,월급 통장 나누는 방법,돈·재테크/064-월급 통장 나누는 방법.txt,MONEY_FINANCE,돈·재테크,MONEY_FINANCE,True,0.8,MONEY_FINANCE,MONEY_FINANCE,True,,0,1,True,True,EXACT_CORRECT,False,False,False,False,False,False,True,True,True,True,False,[],,"[{""categoryId"":""MONEY_FINANCE"",""categoryName"":""돈·재테크"",""score"":1.0}]","[{""categoryId"":""MONEY_FINANCE"",""categoryName"":""돈·재테크"",""score"":1.0}]",True,True,True,False,6959.0611
65,TEXT-065,integrated-without-description,integrated,False,1,텍스트-2026-07-17,돈·재테크/065-텍스트-2026-07-17.txt,MONEY_FINANCE,돈·재테크,MONEY_FINANCE,True,0.8,MONEY_FINANCE,MONEY_FINANCE,True,,0,1,True,True,EXACT_CORRECT,False,False,False,False,False,False,True,True,True,True,False,[],,"[{""categoryId"":""MONEY_FINANCE"",""categoryName"":""돈·재테크"",""score"":1.0}]","[{""categoryId"":""MONEY_FINANCE"",""categoryName"":""돈·재테크"",""score"":1.0}]",True,True,True,False,6701.0889
66,TEXT-066,integrated-without-description,integrated,False,1,카드 혜택 비교,돈·재테크/066-카드 혜택 비교.txt,MONEY_FINANCE,돈·재테크,MONEY_FINANCE,True,0.8,MONEY_FINANCE,MONEY_FINANCE,True,,0,1,True,True,EXACT_CORRECT,False,False,False,False,False,False,True,True,True,True,False,[],,"[{""categoryId"":""MONEY_FINANCE"",""categoryName"":""돈·재테크"",""score"":0.9},{""categoryId"":""LIFE_TASK"",""categoryName"":""생활·할 일"",""score"":0.7}]","[{""categoryId"":""MONEY_FINANCE"",""categoryName"":""돈·재테크"",""score"":0.9},{""categoryId"":""LIFE_TASK"",""categoryName"":""생활·할 일"",""score"":0.7}]",True,True,True,False,8512.5721
67,TEXT-067,integrated-without-description,integrated,False,1,비상금 규모 정하기,돈·재테크/067-비상금 규모 정하기.txt,MONEY_FINANCE,돈·재테크,MONEY_FINANCE,True,0.8,MONEY_FINANCE,MONEY_FINANCE,True,,0,1,True,True,EXACT_CORRECT,False,False,False,False,False,False,True,True,True,True,False,[],,"[{""categoryId"":""MONEY_FINANCE"",""categoryName"":""돈·재테크"",""score"":1.0}]","[{""categoryId"":""MONEY_FINANCE"",""categoryName"":""돈·재테크"",""score"":1.0}]",True,True,True,False,6859.6857
68,TEXT-068,integrated-without-description,integrated,False,1,보험 가입 전에 확인할 내용,돈·재테크/068-보험 가입 전에 확인할 내용.txt,MONEY_FINANCE,돈·재테크,LEARNING_KNOWLEDGE,False,0.8,LEARNING_KNOWLEDGE,LEARNING_KNOWLEDGE,False,LEARNING_KNOWLEDGE,1,1,False,False,WRONG_MISSING_GOLD,False,True,False,False,False,False,False,False,False,False,False,[],MISSING_GOLD_CATEGORY,"[{""categoryId"":""LEARNING_KNOWLEDGE"",""categoryName"":""학습·지식"",""score"":0.95},{""categoryId"":""CAREER"",""categoryName"":""취업·커리어"",""score"":0.15}]","[{""categoryId"":""LEARNING_KNOWLEDGE"",""categoryName"":""학습·지식"",""score"":0.95},{""categoryId"":""CAREER"",""categoryName"":""취업·커리어"",""score"":0.15}]",True,True,True,False,8912.51
19,TEXT-019,integrated-without-description,integrated,False,1,텍스트-2026.07.20-1245,문화·콘텐츠/019-텍스트-2026.07.20-1245.txt,CULTURE_CONTENT,문화·콘텐츠,LEARNING_KNOWLEDGE,False,0.8,LEARNING_KNOWLEDGE,LEARNING_KNOWLEDGE,False,LEARNING_KNOWLEDGE,1,1,False,False,WRONG_MISSING_GOLD,False,True,True,False,False,False,True,False,False,False,False,[],THRESHOLD_MISS,"[{""categoryId"":""LEARNING_KNOWLEDGE"",""categoryName"":""학습·지식"",""score"":0.8},{""categoryId"":""CULTURE_CONTENT"",""categoryName"":""문화·콘텐츠"",""score"":0.7}]","[{""categoryId"":""LEARNING_KNOWLEDGE"",""categoryName"":""학습·지식"",""score"":0.8},{""categoryId"":""CULTURE_CONTENT"",""categoryName"":""문화·콘텐츠"",""score"":0.7}]",True,True,True,False,9006.4377
20,TEXT-020,integrated-without-description,integrated,False,1,읽어볼 개발 에세이,문화·콘텐츠/020-읽어볼 개발 에세이.txt,CULTURE_CONTENT,문화·콘텐츠,LEARNING_KNOWLEDGE,False,0.8,LEARNING_KNOWLEDGE,LEARNING_KNOWLEDGE,False,LEARNING_KNOWLEDGE,1,1,False,False,WRONG_MISSING_GOLD,False,True,False,False,False,False,False,False,False,False,False,[],MISSING_GOLD_CATEGORY,"[{""categoryId"":""LEARNING_KNOWLEDGE"",""categoryName"":""학습·지식"",""score"":0.85},{""categoryId"":""CAREER"",""categoryName"":""취업·커리어"",""score"":0.75}]","[{""categoryId"":""LEARNING_KNOWLEDGE"",""categoryName"":""학습·지식"",""score"":0.85},{""categoryId"":""CAREER"",""categoryName"":""취업·커리어"",""score"":0.75}]",True,True,True,False,9286.3787
59,TEXT-059,integrated-without-description,integrated,False,1,주말에 볼 영화 후보,문화·콘텐츠/059-주말에 볼 영화 후보.txt,CULTURE_CONTENT,문화·콘텐츠,CULTURE_CONTENT,True,0.8,CULTURE_CONTENT,CULTURE_CONTENT,True,,0,1,True,True,EXACT_CORRECT,False,False,False,False,False,False,True,True,True,True,False,[],,"[{""categoryId"":""CULTURE_CONTENT"",""categoryName"":""문화·콘텐츠"",""score"":0.8},{""categoryId"":""IDEA_INSPIRATION"",""categoryName"":""아이디어·영감"",""score"":0.6}]","[{""categoryId"":""CULTURE_CONTENT"",""categoryName"":""문화·콘텐츠"",""score"":0.8},{""categoryId"":""IDEA_INSPIRATION"",""categoryName"":""아이디어·영감"",""score"":0.6}]",True,True,True,False,8673.7888
60,TEXT-060,integrated-without-description,integrated,False,1,텍스트-2026-07-15,문화·콘텐츠/060-텍스트-2026-07-15.txt,CULTURE_CONTENT,문화·콘텐츠,LEARNING_KNOWLEDGE,False,0.8,LEARNING_KNOWLEDGE,LEARNING_KNOWLEDGE,False,LEARNING_KNOWLEDGE,1,1,False,False,WRONG_MISSING_GOLD,False,True,False,False,False,False,False,False,False,False,False,[],MISSING_GOLD_CATEGORY,"[{""categoryId"":""LEARNING_KNOWLEDGE"",""categoryName"":""학습·지식"",""score"":1.0}]","[{""categoryId"":""LEARNING_KNOWLEDGE"",""categoryName"":""학습·지식"",""score"":1.0}]",True,True,True,False,6218.6884
61,TEXT-061,integrated-without-description,integrated,False,1,서울 사진전 정보,문화·콘텐츠/061-서울 사진전 정보.txt,CULTURE_CONTENT,문화·콘텐츠,CULTURE_CONTENT,True,0.8,CULTURE_CONTENT,CULTURE_CONTENT,True,,0,1,True,True,EXACT_CORRECT,False,False,False,False,False,False,True,True,True,True,False,[],,"[{""categoryId"":""CULTURE_CONTENT"",""categoryName"":""문화·콘텐츠"",""score"":0.8}]","[{""categoryId"":""CULTURE_CONTENT"",""categoryName"":""문화·콘텐츠"",""score"":0.8}]",True,True,True,False,6565.7213
62,TEXT-062,integrated-without-description,integrated,False,1,출근할 때 들을 음악,문화·콘텐츠/062-출근할 때 들을 음악.txt,CULTURE_CONTENT,문화·콘텐츠,LIFE_TASK,False,0.8,LIFE_TASK,LIFE_TASK,False,LIFE_TASK,1,1,False,False,WRONG_MISSING_GOLD,False,True,True,False,False,False,True,False,False,False,False,[],THRESHOLD_MISS,"[{""categoryId"":""FOOD_RESTAURANT"",""categoryName"":""음식·맛집"",""score"":0.0},{""categoryId"":""MONEY_FINANCE"",""categoryName"":""돈·재테크"",""score"":0.0},{""categoryId"":""CULTURE_CONTENT"",""categoryName"":""문화·콘텐츠"",""score"":0.0},{""categoryId"":""LIFE_TASK"",""categoryName"":""생활·할 일"",""score"":0.8},{""categoryId"":""SHOPPING_PRODUCT"",""categoryName"":""쇼핑·제품"",""score"":0.0},{""categoryId"":""IDEA_INSPIRATION"",""categoryName"":""아이디어·영감"",""score"":0.0}]","[{""categoryId"":""LIFE_TASK"",""categoryName"":""생활·할 일"",""score"":0.8},{""categoryId"":""FOOD_RESTAURANT"",""categoryName"":""음식·맛집"",""score"":0.0},{""categoryId"":""MONEY_FINANCE"",""categoryName"":""돈·재테크"",""score"":0.0},{""categoryId"":""CULTURE_CONTENT"",""categoryName"":""문화·콘텐츠"",""score"":0.0},{""categoryId"":""SHOPPING_PRODUCT"",""categoryName"":""쇼핑·제품"",""score"":0.0},{""categoryId"":""IDEA_INSPIRATION"",""categoryName"":""아이디어·영감"",""score"":0.0}]",True,True,True,False,13458.5934
63,TEXT-063,integrated-without-description,integrated,False,1,웹툰 추천 목록,문화·콘텐츠/063-웹툰 추천 목록.txt,CULTURE_CONTENT,문화·콘텐츠,LEARNING_KNOWLEDGE,False,0.8,LEARNING_KNOWLEDGE,LEARNING_KNOWLEDGE,False,LEARNING_KNOWLEDGE,1,1,False,False,WRONG_MISSING_GOLD,False,True,True,False,False,False,True,False,False,False,False,[],THRESHOLD_MISS,"[{""categoryId"":""LEARNING_KNOWLEDGE"",""categoryName"":""학습·지식"",""score"":0.8},{""categoryId"":""CULTURE_CONTENT"",""categoryName"":""문화·콘텐츠"",""score"":0.7}]","[{""categoryId"":""LEARNING_KNOWLEDGE"",""categoryName"":""학습·지식"",""score"":0.8},{""categoryId"":""CULTURE_CONTENT"",""categoryName"":""문화·콘텐츠"",""score"":0.7}]",True,True,True,False,8211.1178
6,TEXT-006,integrated-without-description,integrated,False,1,1주차 백로그 정리,생활·할 일/006-1주차 백로그 정리.txt,LIFE_TASK,생활·할 일,LIFE_TASK,True,0.8,LIFE_TASK,LIFE_TASK,True,,0,1,True,True,EXACT_CORRECT,False,False,False,False,False,False,True,True,True,True,False,[],,"[{""categoryId"":""LIFE_TASK"",""categoryName"":""생활·할 일"",""score"":1.0}]","[{""categoryId"":""LIFE_TASK"",""categoryName"":""생활·할 일"",""score"":1.0}]",True,True,True,False,8179.4093
9,TEXT-009,integrated-without-description,integrated,False,1,텍스트-2026.07.20-1035,생활·할 일/009-텍스트-2026.07.20-1035.txt,LIFE_TASK,생활·할 일,LIFE_TASK,True,0.8,LIFE_TASK,LIFE_TASK,True,,0,1,True,True,EXACT_CORRECT,False,False,False,False,False,False,True,True,True,True,False,[],,"[{""categoryId"":""LIFE_TASK"",""categoryName"":""생활·할 일"",""score"":1.0}]","[{""categoryId"":""LIFE_TASK"",""categoryName"":""생활·할 일"",""score"":1.0}]",True,True,True,False,7495.3913
10,TEXT-010,integrated-without-description,integrated,False,1,주말 방 정리 계획,생활·할 일/010-주말 방 정리 계획.txt,LIFE_TASK,생활·할 일,LIFE_TASK,True,0.8,LIFE_TASK,LIFE_TASK,True,,0,1,True,True,EXACT_CORRECT,False,False,False,False,False,False,True,True,True,True,False,[],,"[{""categoryId"":""LIFE_TASK"",""categoryName"":""생활·할 일"",""score"":1.0}]","[{""categoryId"":""LIFE_TASK"",""categoryName"":""생활·할 일"",""score"":1.0}]",True,True,True,False,8364.4445
24,TEXT-024,integrated-without-description,integrated,False,1,이사 전날 확인할 목록,생활·할 일/024-이사 전날 확인할 목록.txt,LIFE_TASK,생활·할 일,LIFE_TASK,True,0.8,LIFE_TASK,LIFE_TASK,True,,0,1,True,True,EXACT_CORRECT,False,False,False,False,False,False,True,True,True,True,False,[],,"[{""categoryId"":""LIFE_TASK"",""categoryName"":""생활·할 일"",""score"":1.0}]","[{""categoryId"":""LIFE_TASK"",""categoryName"":""생활·할 일"",""score"":1.0}]",True,True,True,False,8120.4651
25,TEXT-025,integrated-without-description,integrated,False,1,텍스트-2026-07-01,생활·할 일/025-텍스트-2026-07-01.txt,LIFE_TASK,생활·할 일,LIFE_TASK,True,0.8,LIFE_TASK,LIFE_TASK,True,,0,1,True,True,EXACT_CORRECT,False,False,False,False,False,False,True,True,True,True,False,[],,"[{""categoryId"":""LIFE_TASK"",""categoryName"":""생활·할 일"",""score"":1.0}]","[{""categoryId"":""LIFE_TASK"",""categoryName"":""생활·할 일"",""score"":1.0}]",True,True,True,False,7528.2241
26,TEXT-026,integrated-without-description,integrated,False,1,장마철 빨래 냄새 줄이는 방법,생활·할 일/026-장마철 빨래 냄새 줄이는 방법.txt,LIFE_TASK,생활·할 일,LIFE_TASK,True,0.8,LIFE_TASK,LIFE_TASK,True,,0,1,True,True,EXACT_CORRECT,False,False,False,False,False,False,True,True,True,True,False,[],,"[{""categoryId"":""LIFE_TASK"",""categoryName"":""생활·할 일"",""score"":1.0}]","[{""categoryId"":""LIFE_TASK"",""categoryName"":""생활·할 일"",""score"":1.0}]",True,True,True,False,7115.951
27,TEXT-027,integrated-without-description,integrated,False,1,다음 주 일정 메모,생활·할 일/027-다음 주 일정 메모.txt,LIFE_TASK,생활·할 일,LIFE_TASK,True,0.8,LIFE_TASK,LIFE_TASK,True,,0,1,True,True,EXACT_CORRECT,False,False,False,False,False,False,True,True,True,True,False,[],,"[{""categoryId"":""LIFE_TASK"",""categoryName"":""생활·할 일"",""score"":1.0}]","[{""categoryId"":""LIFE_TASK"",""categoryName"":""생활·할 일"",""score"":1.0}]",True,True,True,False,6179.9371
28,TEXT-028,integrated-without-description,integrated,False,1,공과금 자동이체 변경 순서,생활·할 일/028-공과금 자동이체 변경 순서.txt,LIFE_TASK,생활·할 일,LIFE_TASK,True,0.8,LIFE_TASK,LIFE_TASK,True,,0,1,True,True,EXACT_CORRECT,False,False,False,False,False,False,True,True,True,True,False,[],,"[{""categoryId"":""LIFE_TASK"",""categoryName"":""생활·할 일"",""score"":1.0}]","[{""categoryId"":""LIFE_TASK"",""categoryName"":""생활·할 일"",""score"":1.0}]",True,True,True,False,7608.9723
23,TEXT-023,integrated-without-description,integrated,False,1,기숙사 준비물,생활·할 일/기숙사 준비물.txt,LIFE_TASK,생활·할 일,LIFE_TASK,True,0.8,LIFE_TASK,LIFE_TASK,True,,0,1,True,True,EXACT_CORRECT,False,False,False,False,False,False,True,True,True,True,False,[],,"[{""categoryId"":""LIFE_TASK"",""categoryName"":""생활·할 일"",""score"":1.0}]","[{""categoryId"":""LIFE_TASK"",""categoryName"":""생활·할 일"",""score"":1.0}]",True,True,True,False,7158.3189
11,TEXT-011,integrated-without-description,integrated,False,1,텍스트-2026.07.20-1100,쇼핑·제품/011-텍스트-2026.07.20-1100.txt,SHOPPING_PRODUCT,쇼핑·제품,SHOPPING_PRODUCT,True,0.8,SHOPPING_PRODUCT|CAREER,SHOPPING_PRODUCT|CAREER,True,CAREER,1,2,False,True,RELAXED_CORRECT,False,False,False,False,False,False,True,True,False,True,False,[],,"[{""categoryId"":""SHOPPING_PRODUCT"",""categoryName"":""쇼핑·제품"",""score"":0.95},{""categoryId"":""CAREER"",""categoryName"":""취업·커리어"",""score"":0.85},{""categoryId"":""LEARNING_KNOWLEDGE"",""categoryName"":""학습·지식"",""score"":0.75}]","[{""categoryId"":""SHOPPING_PRODUCT"",""categoryName"":""쇼핑·제품"",""score"":0.95},{""categoryId"":""CAREER"",""categoryName"":""취업·커리어"",""score"":0.85},{""categoryId"":""LEARNING_KNOWLEDGE"",""categoryName"":""학습·지식"",""score"":0.75}]",True,True,True,False,10908.9043
12,TEXT-012,integrated-without-description,integrated,False,1,무선 키보드 구매 후보,쇼핑·제품/012-무선 키보드 구매 후보.txt,SHOPPING_PRODUCT,쇼핑·제품,SHOPPING_PRODUCT,True,0.8,SHOPPING_PRODUCT,SHOPPING_PRODUCT,True,,0,1,True,True,EXACT_CORRECT,False,False,False,False,False,False,True,True,True,True,False,[],,"[{""categoryId"":""SHOPPING_PRODUCT"",""categoryName"":""쇼핑·제품"",""score"":0.9},{""categoryId"":""CAREER"",""categoryName"":""취업·커리어"",""score"":0.6}]","[{""categoryId"":""SHOPPING_PRODUCT"",""categoryName"":""쇼핑·제품"",""score"":0.9},{""categoryId"":""CAREER"",""categoryName"":""취업·커리어"",""score"":0.6}]",True,True,True,False,10033.7437
49,TEXT-049,integrated-without-description,integrated,False,1,무선 키보드 비교,쇼핑·제품/049-무선 키보드 비교.txt,SHOPPING_PRODUCT,쇼핑·제품,SHOPPING_PRODUCT,True,0.8,SHOPPING_PRODUCT,SHOPPING_PRODUCT,True,,0,1,True,True,EXACT_CORRECT,False,False,False,False,False,False,True,True,True,True,False,[],,"[{""categoryId"":""SHOPPING_PRODUCT"",""categoryName"":""쇼핑·제품"",""score"":0.9},{""categoryId"":""LEARNING_KNOWLEDGE"",""categoryName"":""학습·지식"",""score"":0.6}]","[{""categoryId"":""SHOPPING_PRODUCT"",""categoryName"":""쇼핑·제품"",""score"":0.9},{""categoryId"":""LEARNING_KNOWLEDGE"",""categoryName"":""학습·지식"",""score"":0.6}]",True,True,True,False,10345.7986
50,TEXT-050,integrated-without-description,integrated,False,1,텍스트-2026-07-11,쇼핑·제품/050-텍스트-2026-07-11.txt,SHOPPING_PRODUCT,쇼핑·제품,SHOPPING_PRODUCT,True,0.8,SHOPPING_PRODUCT,SHOPPING_PRODUCT,True,,0,1,True,True,EXACT_CORRECT,False,False,False,False,False,False,True,True,True,True,False,[],,"[{""categoryId"":""SHOPPING_PRODUCT"",""categoryName"":""쇼핑·제품"",""score"":0.9}]","[{""categoryId"":""SHOPPING_PRODUCT"",""categoryName"":""쇼핑·제품"",""score"":0.9}]",True,True,True,False,7051.7727
51,TEXT-051,integrated-without-description,integrated,False,1,로봇청소기 구매 후보,쇼핑·제품/051-로봇청소기 구매 후보.txt,SHOPPING_PRODUCT,쇼핑·제품,SHOPPING_PRODUCT,True,0.8,SHOPPING_PRODUCT,SHOPPING_PRODUCT,True,,0,1,True,True,EXACT_CORRECT,False,False,False,False,False,False,True,True,True,True,False,[],,"[{""categoryId"":""SHOPPING_PRODUCT"",""categoryName"":""쇼핑·제품"",""score"":0.95}]","[{""categoryId"":""SHOPPING_PRODUCT"",""categoryName"":""쇼핑·제품"",""score"":0.95}]",True,True,True,False,8300.8516
52,TEXT-052,integrated-without-description,integrated,False,1,여행용 보조배터리 확인 사항,쇼핑·제품/052-여행용 보조배터리 확인 사항.txt,SHOPPING_PRODUCT,쇼핑·제품,SHOPPING_PRODUCT,True,0.8,SHOPPING_PRODUCT,SHOPPING_PRODUCT,True,,0,1,True,True,EXACT_CORRECT,False,False,False,False,False,False,True,True,True,True,False,[],,"[{""categoryId"":""SHOPPING_PRODUCT"",""categoryName"":""쇼핑·제품"",""score"":0.8},{""categoryId"":""TRAVEL_PLACE"",""categoryName"":""여행·장소"",""score"":0.6}]","[{""categoryId"":""SHOPPING_PRODUCT"",""categoryName"":""쇼핑·제품"",""score"":0.8},{""categoryId"":""TRAVEL_PLACE"",""categoryName"":""여행·장소"",""score"":0.6}]",True,True,True,False,9370.5281
53,TEXT-053,integrated-without-description,integrated,False,1,부모님 선물용 마사지기 후기,쇼핑·제품/053-부모님 선물용 마사지기 후기.txt,SHOPPING_PRODUCT,쇼핑·제품,SHOPPING_PRODUCT,True,0.8,SHOPPING_PRODUCT,SHOPPING_PRODUCT,True,,0,1,True,True,EXACT_CORRECT,False,False,False,False,False,False,True,True,True,True,False,[],,"[{""categoryId"":""SHOPPING_PRODUCT"",""categoryName"":""쇼핑·제품"",""score"":0.8}]","[{""categoryId"":""SHOPPING_PRODUCT"",""categoryName"":""쇼핑·제품"",""score"":0.8}]",True,True,True,False,8164.9685
5,TEXT-005,integrated-without-description,integrated,False,1,텍스트-2026.07.20-0940,아이디어·영감/005-텍스트-2026.07.20-0940.txt,IDEA_INSPIRATION,아이디어·영감,LEARNING_KNOWLEDGE,False,0.8,LEARNING_KNOWLEDGE,LEARNING_KNOWLEDGE,False,LEARNING_KNOWLEDGE,1,1,False,False,WRONG_MISSING_GOLD,False,True,False,False,False,False,False,False,False,False,False,[],MISSING_GOLD_CATEGORY,"[{""categoryId"":""LEARNING_KNOWLEDGE"",""categoryName"":""학습·지식"",""score"":0.95}]","[{""categoryId"":""LEARNING_KNOWLEDGE"",""categoryName"":""학습·지식"",""score"":0.95}]",True,True,True,False,9495.3137
69,TEXT-069,integrated-without-description,integrated,False,1,앱 첫 화면 디자인 참고,아이디어·영감/069-앱 첫 화면 디자인 참고.txt,IDEA_INSPIRATION,아이디어·영감,IDEA_INSPIRATION,True,0.8,IDEA_INSPIRATION,IDEA_INSPIRATION,True,,0,1,True,True,EXACT_CORRECT,False,False,False,False,False,False,True,True,True,True,False,[],,"[{""categoryId"":""IDEA_INSPIRATION"",""categoryName"":""아이디어·영감"",""score"":0.8}]","[{""categoryId"":""IDEA_INSPIRATION"",""categoryName"":""아이디어·영감"",""score"":0.8}]",True,True,True,False,7901.2782
70,TEXT-070,integrated-without-description,integrated,False,1,텍스트-2026-07-19,아이디어·영감/070-텍스트-2026-07-19.txt,IDEA_INSPIRATION,아이디어·영감,LEARNING_KNOWLEDGE,False,0.8,LEARNING_KNOWLEDGE,LEARNING_KNOWLEDGE,False,LEARNING_KNOWLEDGE,1,1,False,False,WRONG_MISSING_GOLD,False,True,False,False,False,False,False,False,False,False,False,[],MISSING_GOLD_CATEGORY,"[{""categoryId"":""LEARNING_KNOWLEDGE"",""categoryName"":""학습·지식"",""score"":0.85}]","[{""categoryId"":""LEARNING_KNOWLEDGE"",""categoryName"":""학습·지식"",""score"":0.85}]",True,True,True,False,7104.4125
71,TEXT-071,integrated-without-description,integrated,False,1,방 꾸미기 참고 이미지,아이디어·영감/071-방 꾸미기 참고 이미지.txt,IDEA_INSPIRATION,아이디어·영감,LIFE_TASK,False,0.8,LIFE_TASK,LIFE_TASK,False,LIFE_TASK,1,1,False,False,WRONG_MISSING_GOLD,False,True,False,False,False,False,False,False,False,False,False,[],MISSING_GOLD_CATEGORY,"[{""categoryId"":""LIFE_TASK"",""categoryName"":""생활·할 일"",""score"":0.85},{""categoryId"":""CULTURE_CONTENT"",""categoryName"":""문화·콘텐츠"",""score"":0.65}]","[{""categoryId"":""LIFE_TASK"",""categoryName"":""생활·할 일"",""score"":0.85},{""categoryId"":""CULTURE_CONTENT"",""categoryName"":""문화·콘텐츠"",""score"":0.65}]",True,True,True,False,9101.5621
72,TEXT-072,integrated-without-description,integrated,False,1,숏폼 콘텐츠 구성 방식,아이디어·영감/072-숏폼 콘텐츠 구성 방식.txt,IDEA_INSPIRATION,아이디어·영감,LEARNING_KNOWLEDGE,False,0.8,LEARNING_KNOWLEDGE|IDEA_INSPIRATION,LEARNING_KNOWLEDGE|IDEA_INSPIRATION,True,LEARNING_KNOWLEDGE,1,2,False,True,RELAXED_CORRECT,False,False,False,False,False,False,True,True,False,True,False,[],,"[{""categoryId"":""LEARNING_KNOWLEDGE"",""categoryName"":""학습·지식"",""score"":0.95},{""categoryId"":""IDEA_INSPIRATION"",""categoryName"":""아이디어·영감"",""score"":0.85}]","[{""categoryId"":""LEARNING_KNOWLEDGE"",""categoryName"":""학습·지식"",""score"":0.95},{""categoryId"":""IDEA_INSPIRATION"",""categoryName"":""아이디어·영감"",""score"":0.85}]",True,True,True,False,9457.5641
73,TEXT-073,integrated-without-description,integrated,False,1,사진 구도 참고,아이디어·영감/073-사진 구도 참고.txt,IDEA_INSPIRATION,아이디어·영감,IDEA_INSPIRATION,True,0.8,IDEA_INSPIRATION,IDEA_INSPIRATION,True,,0,1,True,True,EXACT_CORRECT,False,False,False,False,False,False,True,True,True,True,False,[],,"[{""categoryId"":""IDEA_INSPIRATION"",""categoryName"":""아이디어·영감"",""score"":0.8},{""categoryId"":""TRAVEL_PLACE"",""categoryName"":""여행·장소"",""score"":0.6}]","[{""categoryId"":""IDEA_INSPIRATION"",""categoryName"":""아이디어·영감"",""score"":0.8},{""categoryId"":""TRAVEL_PLACE"",""categoryName"":""여행·장소"",""score"":0.6}]",True,True,True,False,8520.8104
15,TEXT-015,integrated-without-description,integrated,False,1,텍스트-2026.07.20-1150,여행·장소/015-텍스트-2026.07.20-1150.txt,TRAVEL_PLACE,여행·장소,TRAVEL_PLACE,True,0.8,TRAVEL_PLACE,TRAVEL_PLACE,True,,0,1,True,True,EXACT_CORRECT,False,False,False,False,False,False,True,True,True,True,False,[],,"[{""categoryId"":""TRAVEL_PLACE"",""categoryName"":""여행·장소"",""score"":0.95}]","[{""categoryId"":""TRAVEL_PLACE"",""categoryName"":""여행·장소"",""score"":0.95}]",True,True,True,False,10852.7688
16,TEXT-016,integrated-without-description,integrated,False,1,서울 전시회 방문 후보,여행·장소/016-서울 전시회 방문 후보.txt,TRAVEL_PLACE,여행·장소,TRAVEL_PLACE,True,0.8,TRAVEL_PLACE,TRAVEL_PLACE,True,,0,1,True,True,EXACT_CORRECT,False,False,False,False,False,False,True,True,True,True,False,[],,"[{""categoryId"":""TRAVEL_PLACE"",""categoryName"":""여행·장소"",""score"":0.95}]","[{""categoryId"":""TRAVEL_PLACE"",""categoryName"":""여행·장소"",""score"":0.95}]",True,True,True,False,9609.8655
39,TEXT-039,integrated-without-description,integrated,False,1,부산에서 일몰 보기 좋은 곳,여행·장소/039-부산에서 일몰 보기 좋은 곳.txt,TRAVEL_PLACE,여행·장소,TRAVEL_PLACE,True,0.8,TRAVEL_PLACE,TRAVEL_PLACE,True,,0,1,True,True,EXACT_CORRECT,False,False,False,False,False,False,True,True,True,True,False,[],,"[{""categoryId"":""TRAVEL_PLACE"",""categoryName"":""여행·장소"",""score"":0.95},{""categoryId"":""LIFE_TASK"",""categoryName"":""생활·할 일"",""score"":0.05}]","[{""categoryId"":""TRAVEL_PLACE"",""categoryName"":""여행·장소"",""score"":0.95},{""categoryId"":""LIFE_TASK"",""categoryName"":""생활·할 일"",""score"":0.05}]",True,True,True,False,8931.4611
40,TEXT-040,integrated-without-description,integrated,False,1,텍스트-2026-07-07,여행·장소/040-텍스트-2026-07-07.txt,TRAVEL_PLACE,여행·장소,TRAVEL_PLACE,True,0.8,TRAVEL_PLACE,TRAVEL_PLACE,True,,0,1,True,True,EXACT_CORRECT,False,False,False,False,False,False,True,True,True,True,False,[],,"[{""categoryId"":""TRAVEL_PLACE"",""categoryName"":""여행·장소"",""score"":0.9}]","[{""categoryId"":""TRAVEL_PLACE"",""categoryName"":""여행·장소"",""score"":0.9}]",True,True,True,False,6831.268
41,TEXT-041,integrated-without-description,integrated,False,1,교토 버스 이용 팁,여행·장소/041-교토 버스 이용 팁.txt,TRAVEL_PLACE,여행·장소,LIFE_TASK,False,0.8,LIFE_TASK,LIFE_TASK,False,LIFE_TASK,1,1,False,False,WRONG_MISSING_GOLD,False,True,False,False,False,False,False,False,False,False,False,[],MISSING_GOLD_CATEGORY,"[{""categoryId"":""LIFE_TASK"",""categoryName"":""생활·할 일"",""score"":0.95}]","[{""categoryId"":""LIFE_TASK"",""categoryName"":""생활·할 일"",""score"":0.95}]",True,True,True,False,6439.6344
42,TEXT-042,integrated-without-description,integrated,False,1,비 오는 날 서울에서 갈 곳,여행·장소/042-비 오는 날 서울에서 갈 곳.txt,TRAVEL_PLACE,여행·장소,CULTURE_CONTENT,False,0.8,CULTURE_CONTENT,CULTURE_CONTENT,False,CULTURE_CONTENT,1,1,False,False,WRONG_MISSING_GOLD,False,True,True,False,False,False,True,False,False,False,False,[],THRESHOLD_MISS,"[{""categoryId"":""CULTURE_CONTENT"",""categoryName"":""문화·콘텐츠"",""score"":0.8},{""categoryId"":""TRAVEL_PLACE"",""categoryName"":""여행·장소"",""score"":0.7}]","[{""categoryId"":""CULTURE_CONTENT"",""categoryName"":""문화·콘텐츠"",""score"":0.8},{""categoryId"":""TRAVEL_PLACE"",""categoryName"":""여행·장소"",""score"":0.7}]",True,True,True,False,8280.0704
43,TEXT-043,integrated-without-description,integrated,False,1,숙소 예약 전에 확인할 내용,여행·장소/043-숙소 예약 전에 확인할 내용.txt,TRAVEL_PLACE,여행·장소,LIFE_TASK,False,0.8,LIFE_TASK,LIFE_TASK,False,LIFE_TASK,1,1,False,False,WRONG_MISSING_GOLD,False,True,False,False,False,False,False,False,False,False,False,[],MISSING_GOLD_CATEGORY,"[{""categoryId"":""LIFE_TASK"",""categoryName"":""생활·할 일"",""score"":1.0}]","[{""categoryId"":""LIFE_TASK"",""categoryName"":""생활·할 일"",""score"":1.0}]",True,True,True,False,7511.6466
13,TEXT-013,integrated-without-description,integrated,False,1,텍스트-2026.07.20-1125,음식·맛집/013-텍스트-2026.07.20-1125.txt,FOOD_RESTAURANT,음식·맛집,FOOD_RESTAURANT,True,0.8,FOOD_RESTAURANT,FOOD_RESTAURANT,True,,0,1,True,True,EXACT_CORRECT,False,False,False,False,False,False,True,True,True,True,False,[],,"[{""categoryId"":""FOOD_RESTAURANT"",""categoryName"":""음식·맛집"",""score"":1.0}]","[{""categoryId"":""FOOD_RESTAURANT"",""categoryName"":""음식·맛집"",""score"":1.0}]",True,True,True,False,8341.7164
14,TEXT-014,integrated-without-description,integrated,False,1,닭가슴살 볶음밥 레시피,음식·맛집/014-닭가슴살 볶음밥 레시피.txt,FOOD_RESTAURANT,음식·맛집,LEARNING_KNOWLEDGE,False,0.8,LEARNING_KNOWLEDGE,LEARNING_KNOWLEDGE,False,LEARNING_KNOWLEDGE,1,1,False,False,WRONG_MISSING_GOLD,False,True,False,False,False,False,False,False,False,False,False,[],MISSING_GOLD_CATEGORY,"[{""categoryId"":""LEARNING_KNOWLEDGE"",""categoryName"":""학습·지식"",""score"":0.95}]","[{""categoryId"":""LEARNING_KNOWLEDGE"",""categoryName"":""학습·지식"",""score"":0.95}]",True,True,True,False,8166.0339
44,TEXT-044,integrated-without-description,integrated,False,1,성수동 파스타 식당,음식·맛집/044-성수동 파스타 식당.txt,FOOD_RESTAURANT,음식·맛집,FOOD_RESTAURANT,True,0.8,FOOD_RESTAURANT,FOOD_RESTAURANT,True,,0,1,True,True,EXACT_CORRECT,False,False,False,False,False,False,True,True,True,True,False,[],,"[{""categoryId"":""FOOD_RESTAURANT"",""categoryName"":""음식·맛집"",""score"":1.0}]","[{""categoryId"":""FOOD_RESTAURANT"",""categoryName"":""음식·맛집"",""score"":1.0}]",True,True,True,False,8371.1253
45,TEXT-045,integrated-without-description,integrated,False,1,텍스트-2026-07-09,음식·맛집/045-텍스트-2026-07-09.txt,FOOD_RESTAURANT,음식·맛집,FOOD_RESTAURANT,True,0.8,FOOD_RESTAURANT,FOOD_RESTAURANT,True,,0,1,True,True,EXACT_CORRECT,False,False,False,False,False,False,True,True,True,True,False,[],,"[{""categoryId"":""FOOD_RESTAURANT"",""categoryName"":""음식·맛집"",""score"":1.0}]","[{""categoryId"":""FOOD_RESTAURANT"",""categoryName"":""음식·맛집"",""score"":1.0}]",True,True,True,False,6894.223
46,TEXT-046,integrated-without-description,integrated,False,1,광주에서 늦게까지 하는 카페,음식·맛집/046-광주에서 늦게까지 하는 카페.txt,FOOD_RESTAURANT,음식·맛집,FOOD_RESTAURANT,True,0.8,FOOD_RESTAURANT|LIFE_TASK,FOOD_RESTAURANT|LIFE_TASK,True,LIFE_TASK,1,2,False,True,RELAXED_CORRECT,False,False,False,False,False,False,True,True,False,True,False,[],,"[{""categoryId"":""FOOD_RESTAURANT"",""categoryName"":""음식·맛집"",""score"":0.95},{""categoryId"":""LIFE_TASK"",""categoryName"":""생활·할 일"",""score"":0.85}]","[{""categoryId"":""FOOD_RESTAURANT"",""categoryName"":""음식·맛집"",""score"":0.95},{""categoryId"":""LIFE_TASK"",""categoryName"":""생활·할 일"",""score"":0.85}]",True,True,True,False,9393.9083
47,TEXT-047,integrated-without-description,integrated,False,1,냉동 만두를 바삭하게 굽는 방법,음식·맛집/047-냉동 만두를 바삭하게 굽는 방법.txt,FOOD_RESTAURANT,음식·맛집,FOOD_RESTAURANT,True,0.8,FOOD_RESTAURANT,FOOD_RESTAURANT,True,,0,1,True,True,EXACT_CORRECT,False,False,False,False,False,False,True,True,True,True,False,[],,"[{""categoryId"":""FOOD_RESTAURANT"",""categoryName"":""음식·맛집"",""score"":0.95}]","[{""categoryId"":""FOOD_RESTAURANT"",""categoryName"":""음식·맛집"",""score"":0.95}]",True,True,True,False,9487.9999
48,TEXT-048,integrated-without-description,integrated,False,1,제주 고기국수 후보,음식·맛집/048-제주 고기국수 후보.txt,FOOD_RESTAURANT,음식·맛집,FOOD_RESTAURANT,True,0.8,FOOD_RESTAURANT,FOOD_RESTAURANT,True,,0,1,True,True,EXACT_CORRECT,False,False,False,False,False,False,True,True,True,True,False,[],,"[{""categoryId"":""FOOD_RESTAURANT"",""categoryName"":""음식·맛집"",""score"":1.0}]","[{""categoryId"":""FOOD_RESTAURANT"",""categoryName"":""음식·맛집"",""score"":1.0}]",True,True,True,False,7543.9839
7,TEXT-007,integrated-without-description,integrated,False,1,텍스트-2026.07.20-1010,취업·커리어/007-텍스트-2026.07.20-1010.txt,CAREER,취업·커리어,LEARNING_KNOWLEDGE,False,0.8,LEARNING_KNOWLEDGE,LEARNING_KNOWLEDGE,False,LEARNING_KNOWLEDGE,1,1,False,False,WRONG_MISSING_GOLD,False,True,False,False,False,False,False,False,False,False,False,[],MISSING_GOLD_CATEGORY,"[{""categoryId"":""LEARNING_KNOWLEDGE"",""categoryName"":""학습·지식"",""score"":1.0}]","[{""categoryId"":""LEARNING_KNOWLEDGE"",""categoryName"":""학습·지식"",""score"":1.0}]",True,True,True,False,8303.9658
8,TEXT-008,integrated-without-description,integrated,False,1,공기업 채용 공고 확인,취업·커리어/008-공기업 채용 공고 확인.txt,CAREER,취업·커리어,CAREER,True,0.8,CAREER,CAREER,True,,0,1,True,True,EXACT_CORRECT,False,False,False,False,False,False,True,True,True,True,False,[],,"[{""categoryId"":""CAREER"",""categoryName"":""취업·커리어"",""score"":0.95}]","[{""categoryId"":""CAREER"",""categoryName"":""취업·커리어"",""score"":0.95}]",True,True,True,False,8738.6838
34,TEXT-034,integrated-without-description,integrated,False,1,백엔드 개발자 채용 공고 확인,취업·커리어/034-백엔드 개발자 채용 공고 확인.txt,CAREER,취업·커리어,CAREER,True,0.8,CAREER,CAREER,True,,0,1,True,True,EXACT_CORRECT,False,False,False,False,False,False,True,True,True,True,False,[],,"[{""categoryId"":""CAREER"",""categoryName"":""취업·커리어"",""score"":0.95}]","[{""categoryId"":""CAREER"",""categoryName"":""취업·커리어"",""score"":0.95}]",True,True,True,False,8124.2369
35,TEXT-035,integrated-without-description,integrated,False,1,텍스트-2026-07-05,취업·커리어/035-텍스트-2026-07-05.txt,CAREER,취업·커리어,CAREER,True,0.8,CAREER,CAREER,True,,0,1,True,True,EXACT_CORRECT,False,False,False,False,False,False,True,True,True,True,False,[],,"[{""categoryId"":""CAREER"",""categoryName"":""취업·커리어"",""score"":1.0}]","[{""categoryId"":""CAREER"",""categoryName"":""취업·커리어"",""score"":1.0}]",True,True,True,False,8017.8366
36,TEXT-036,integrated-without-description,integrated,False,1,자기소개서 수정할 부분,취업·커리어/036-자기소개서 수정할 부분.txt,CAREER,취업·커리어,LEARNING_KNOWLEDGE,False,0.8,LEARNING_KNOWLEDGE,LEARNING_KNOWLEDGE,False,LEARNING_KNOWLEDGE,1,1,False,False,WRONG_MISSING_GOLD,False,True,True,False,False,False,True,False,False,False,False,[],THRESHOLD_MISS,"[{""categoryId"":""LEARNING_KNOWLEDGE"",""categoryName"":""학습·지식"",""score"":0.8},{""categoryId"":""CAREER"",""categoryName"":""취업·커리어"",""score"":0.7}]","[{""categoryId"":""LEARNING_KNOWLEDGE"",""categoryName"":""학습·지식"",""score"":0.8},{""categoryId"":""CAREER"",""categoryName"":""취업·커리어"",""score"":0.7}]",True,True,True,False,8350.3532
37,TEXT-037,integrated-without-description,integrated,False,1,이직 전 확인할 조건,취업·커리어/037-이직 전 확인할 조건.txt,CAREER,취업·커리어,CAREER,True,0.8,CAREER,CAREER,True,,0,1,True,True,EXACT_CORRECT,False,False,False,False,False,False,True,True,True,True,False,[],,"[{""categoryId"":""CAREER"",""categoryName"":""취업·커리어"",""score"":1.0}]","[{""categoryId"":""CAREER"",""categoryName"":""취업·커리어"",""score"":1.0}]",True,True,True,False,7609.9851
38,TEXT-038,integrated-without-description,integrated,False,1,포트폴리오 프로젝트 설명 방식,취업·커리어/038-포트폴리오 프로젝트 설명 방식.txt,CAREER,취업·커리어,LEARNING_KNOWLEDGE,False,0.8,LEARNING_KNOWLEDGE,LEARNING_KNOWLEDGE,False,LEARNING_KNOWLEDGE,1,1,False,False,WRONG_MISSING_GOLD,False,True,True,False,False,False,True,False,False,False,False,[],THRESHOLD_MISS,"[{""categoryId"":""LEARNING_KNOWLEDGE"",""categoryName"":""학습·지식"",""score"":0.9},{""categoryId"":""CAREER"",""categoryName"":""취업·커리어"",""score"":0.7}]","[{""categoryId"":""LEARNING_KNOWLEDGE"",""categoryName"":""학습·지식"",""score"":0.9},{""categoryId"":""CAREER"",""categoryName"":""취업·커리어"",""score"":0.7}]",True,True,True,False,9926.3548
1,TEXT-001,integrated-without-description,integrated,False,1,텍스트-2026.07.20-0905,학습·지식/001-텍스트-2026.07.20-0905.txt,LEARNING_KNOWLEDGE,학습·지식,SHOPPING_PRODUCT,False,0.8,SHOPPING_PRODUCT,SHOPPING_PRODUCT,False,SHOPPING_PRODUCT,1,1,False,False,WRONG_MISSING_GOLD,False,True,True,False,False,False,True,False,False,False,False,[],THRESHOLD_MISS,"[{""categoryId"":""SHOPPING_PRODUCT"",""categoryName"":""쇼핑·제품"",""score"":0.8},{""categoryId"":""LEARNING_KNOWLEDGE"",""categoryName"":""학습·지식"",""score"":0.7}]","[{""categoryId"":""SHOPPING_PRODUCT"",""categoryName"":""쇼핑·제품"",""score"":0.8},{""categoryId"":""LEARNING_KNOWLEDGE"",""categoryName"":""학습·지식"",""score"":0.7}]",True,True,True,False,10193.3187
2,TEXT-002,integrated-without-description,integrated,False,1,JWT 재발급 구조 정리,학습·지식/002-JWT 재발급 구조 정리.txt,LEARNING_KNOWLEDGE,학습·지식,LEARNING_KNOWLEDGE,True,0.8,LEARNING_KNOWLEDGE,LEARNING_KNOWLEDGE,True,,0,1,True,True,EXACT_CORRECT,False,False,False,False,False,False,True,True,True,True,False,[],,"[{""categoryId"":""LEARNING_KNOWLEDGE"",""categoryName"":""학습·지식"",""score"":0.95}]","[{""categoryId"":""LEARNING_KNOWLEDGE"",""categoryName"":""학습·지식"",""score"":0.95}]",True,True,True,False,9340.8245
3,TEXT-003,integrated-without-description,integrated,False,1,텍스트-2026.07.20-0920,학습·지식/003-텍스트-2026.07.20-0920.txt,LEARNING_KNOWLEDGE,학습·지식,LEARNING_KNOWLEDGE,True,0.8,LEARNING_KNOWLEDGE,LEARNING_KNOWLEDGE,True,,0,1,True,True,EXACT_CORRECT,False,False,False,False,False,False,True,True,True,True,False,[],,"[{""categoryId"":""LEARNING_KNOWLEDGE"",""categoryName"":""학습·지식"",""score"":1.0}]","[{""categoryId"":""LEARNING_KNOWLEDGE"",""categoryName"":""학습·지식"",""score"":1.0}]",True,True,True,False,6628.6411
4,TEXT-004,integrated-without-description,integrated,False,1,SQLD 시험 공부 계획,학습·지식/004-SQLD 시험 공부 계획.txt,LEARNING_KNOWLEDGE,학습·지식,LEARNING_KNOWLEDGE,True,0.8,LEARNING_KNOWLEDGE,LEARNING_KNOWLEDGE,True,,0,1,True,True,EXACT_CORRECT,False,False,False,False,False,False,True,True,True,True,False,[],,"[{""categoryId"":""LEARNING_KNOWLEDGE"",""categoryName"":""학습·지식"",""score"":1.0}]","[{""categoryId"":""LEARNING_KNOWLEDGE"",""categoryName"":""학습·지식"",""score"":1.0}]",True,True,True,False,7781.8092
29,TEXT-029,integrated-without-description,integrated,False,1,Redis 큐에서 작업이 중복될 수 있는 이유,학습·지식/029-Redis 큐에서 작업이 중복될 수 있는 이유.txt,LEARNING_KNOWLEDGE,학습·지식,LEARNING_KNOWLEDGE,True,0.8,LEARNING_KNOWLEDGE,LEARNING_KNOWLEDGE,True,,0,1,True,True,EXACT_CORRECT,False,False,False,False,False,False,True,True,True,True,False,[],,"[{""categoryId"":""LEARNING_KNOWLEDGE"",""categoryName"":""학습·지식"",""score"":0.95}]","[{""categoryId"":""LEARNING_KNOWLEDGE"",""categoryName"":""학습·지식"",""score"":0.95}]",True,True,True,False,7941.0225
30,TEXT-030,integrated-without-description,integrated,False,1,텍스트-2026-07-03,학습·지식/030-텍스트-2026-07-03.txt,LEARNING_KNOWLEDGE,학습·지식,LEARNING_KNOWLEDGE,True,0.8,LEARNING_KNOWLEDGE,LEARNING_KNOWLEDGE,True,,0,1,True,True,EXACT_CORRECT,False,False,False,False,False,False,True,True,True,True,False,[],,"[{""categoryId"":""LEARNING_KNOWLEDGE"",""categoryName"":""학습·지식"",""score"":1.0}]","[{""categoryId"":""LEARNING_KNOWLEDGE"",""categoryName"":""학습·지식"",""score"":1.0}]",True,True,True,False,7090.3731
31,TEXT-031,integrated-without-description,integrated,False,1,사진 촬영에서 조리개의 역할,학습·지식/031-사진 촬영에서 조리개의 역할.txt,LEARNING_KNOWLEDGE,학습·지식,LEARNING_KNOWLEDGE,True,0.8,LEARNING_KNOWLEDGE,LEARNING_KNOWLEDGE,True,,0,1,True,True,EXACT_CORRECT,False,False,False,False,False,False,True,True,True,True,False,[],,"[{""categoryId"":""LEARNING_KNOWLEDGE"",""categoryName"":""학습·지식"",""score"":0.95}]","[{""categoryId"":""LEARNING_KNOWLEDGE"",""categoryName"":""학습·지식"",""score"":0.95}]",True,True,True,False,10126.7195
32,TEXT-032,integrated-without-description,integrated,False,1,전세와 월세의 차이 정리,학습·지식/032-전세와 월세의 차이 정리.txt,LEARNING_KNOWLEDGE,학습·지식,LEARNING_KNOWLEDGE,True,0.8,LEARNING_KNOWLEDGE,LEARNING_KNOWLEDGE,True,,0,1,True,True,EXACT_CORRECT,False,False,False,False,False,False,True,True,True,True,False,[],,"[{""categoryId"":""LEARNING_KNOWLEDGE"",""categoryName"":""학습·지식"",""score"":1.0}]","[{""categoryId"":""LEARNING_KNOWLEDGE"",""categoryName"":""학습·지식"",""score"":1.0}]",True,True,True,False,7480.3522
33,TEXT-033,integrated-without-description,integrated,False,1,좋은 발표 자료의 정보 구조,학습·지식/033-좋은 발표 자료의 정보 구조.txt,LEARNING_KNOWLEDGE,학습·지식,LEARNING_KNOWLEDGE,True,0.8,LEARNING_KNOWLEDGE,LEARNING_KNOWLEDGE,True,,0,1,True,True,EXACT_CORRECT,False,False,False,False,False,False,True,True,True,True,False,[],,"[{""categoryId"":""LEARNING_KNOWLEDGE"",""categoryName"":""학습·지식"",""score"":0.95}]","[{""categoryId"":""LEARNING_KNOWLEDGE"",""categoryName"":""학습·지식"",""score"":0.95}]",True,True,True,False,8366.4652
